ISO-10303-21;
HEADER;
FILE_DESCRIPTION (( 'STEP AP214' ),
    '1' );
FILE_NAME ('108C.STEP',
    '2025-01-15T04:46:13',
    ( '' ),
    ( '' ),
    'SwSTEP 2.0',
    'SolidWorks 2022',
    '' );
FILE_SCHEMA (( 'AUTOMOTIVE_DESIGN' ));
ENDSEC;

DATA;
#1 = DIRECTION ( 'NONE',  ( 2.008711760047249843E-16, -1.224606353822375779E-16, 1.000000000000000000 ) ) ;
#2 = ORIENTED_EDGE ( 'NONE', *, *, #1584, .T. ) ;
#3 = VERTEX_POINT ( 'NONE', #1041 ) ;
#4 = CYLINDRICAL_SURFACE ( 'NONE', #459, 0.02999999999999998848 ) ;
#5 = LINE ( 'NONE', #641, #194 ) ;
#6 = ORIENTED_EDGE ( 'NONE', *, *, #657, .T. ) ;
#7 = ADVANCED_FACE ( 'NONE', ( #73 ), #1833, .F. ) ;
#8 = FACE_OUTER_BOUND ( 'NONE', #571, .T. ) ;
#9 = ADVANCED_FACE ( 'NONE', ( #879 ), #1964, .F. ) ;
#10 = ORIENTED_EDGE ( 'NONE', *, *, #507, .F. ) ;
#11 = FACE_OUTER_BOUND ( 'NONE', #1049, .T. ) ;
#12 = LINE ( 'NONE', #1420, #529 ) ;
#13 = DIRECTION ( 'NONE',  ( 1.000000000000000000, 0.000000000000000000, 0.000000000000000000 ) ) ;
#14 = EDGE_CURVE ( 'NONE', #164, #443, #575, .T. ) ;
#15 = ORIENTED_EDGE ( 'NONE', *, *, #1306, .T. ) ;
#16 = CARTESIAN_POINT ( 'NONE',  ( -0.6799999999999999378, -2.913044428038405765E-18, 0.1000000000000000056 ) ) ;
#17 = EDGE_CURVE ( 'NONE', #401, #1588, #1677, .T. ) ;
#18 = DIRECTION ( 'NONE',  ( 0.000000000000000000, 1.855874995695831139E-15, -1.000000000000000000 ) ) ;
#19 = ORIENTED_EDGE ( 'NONE', *, *, #262, .T. ) ;
#20 = CARTESIAN_POINT ( 'NONE',  ( 0.7500000000000001110, -0.03391908017675873688, -0.2845537087184240588 ) ) ;
#21 = CARTESIAN_POINT ( 'NONE',  ( 0.7100000000000000755, -0.6400000000000000133, -0.1000000000000000056 ) ) ;
#22 = CARTESIAN_POINT ( 'NONE',  ( -0.6799999999999999378, -0.6100000000000000977, -0.2740000000000000213 ) ) ;
#23 = VECTOR ( 'NONE', #1134, 39.37007874015748143 ) ;
#24 = ORIENTED_EDGE ( 'NONE', *, *, #14, .T. ) ;
#25 = DIRECTION ( 'NONE',  ( 1.000000000000000000, 0.000000000000000000, 0.000000000000000000 ) ) ;
#26 = AXIS2_PLACEMENT_3D ( 'NONE', #163, #2027, #1414 ) ;
#27 = VECTOR ( 'NONE', #1311, 39.37007874015748143 ) ;
#28 = LINE ( 'NONE', #795, #58 ) ;
#29 = DIRECTION ( 'NONE',  ( 0.000000000000000000, 1.224606353822375779E-16, -1.000000000000000000 ) ) ;
#30 = ADVANCED_FACE ( 'NONE', ( #542 ), #1354, .T. ) ;
#31 = EDGE_CURVE ( 'NONE', #1465, #887, #1691, .T. ) ;
#32 = ORIENTED_EDGE ( 'NONE', *, *, #811, .F. ) ;
#33 = CYLINDRICAL_SURFACE ( 'NONE', #1912, 0.03199999999999999373 ) ;
#34 = LINE ( 'NONE', #339, #1362 ) ;
#35 = VERTEX_POINT ( 'NONE', #563 ) ;
#36 = ORIENTED_EDGE ( 'NONE', *, *, #782, .F. ) ;
#37 = LINE ( 'NONE', #1305, #1582 ) ;
#38 = EDGE_CURVE ( 'NONE', #1791, #1895, #1198, .T. ) ;
#39 = FACE_BOUND ( 'NONE', #1140, .T. ) ;
#40 = CARTESIAN_POINT ( 'NONE',  ( 0.7500000000000001110, -0.02999999999999999889, -0.2740000000000000213 ) ) ;
#41 = ORIENTED_EDGE ( 'NONE', *, *, #882, .F. ) ;
#42 = DIRECTION ( 'NONE',  ( 0.000000000000000000, -0.9510565162951554186, 0.3090169943749416781 ) ) ;
#43 = DIRECTION ( 'NONE',  ( 0.000000000000000000, -1.000000000000000000, 0.000000000000000000 ) ) ;
#44 = LINE ( 'NONE', #1327, #327 ) ;
#45 = VERTEX_POINT ( 'NONE', #1352 ) ;
#46 = ORIENTED_EDGE ( 'NONE', *, *, #1841, .T. ) ;
#47 = LINE ( 'NONE', #193, #1782 ) ;
#48 = EDGE_CURVE ( 'NONE', #148, #462, #225, .T. ) ;
#49 = CARTESIAN_POINT ( 'NONE',  ( -0.7100000000000000755, -0.4850000000000000422, 0.1000000000000000056 ) ) ;
#50 = CARTESIAN_POINT ( 'NONE',  ( -0.6799999999999999378, -0.04599999999999999922, 0.3200000000000000067 ) ) ;
#51 = ORIENTED_EDGE ( 'NONE', *, *, #1297, .T. ) ;
#52 = DIRECTION ( 'NONE',  ( -0.000000000000000000, 0.1031918615388937588, 0.9946614699042775065 ) ) ;
#53 = DIRECTION ( 'NONE',  ( 0.000000000000000000, 0.000000000000000000, 1.000000000000000000 ) ) ;
#54 = LINE ( 'NONE', #539, #1320 ) ;
#55 = VERTEX_POINT ( 'NONE', #738 ) ;
#56 = VERTEX_POINT ( 'NONE', #1995 ) ;
#57 = FACE_OUTER_BOUND ( 'NONE', #1082, .T. ) ;
#58 = VECTOR ( 'NONE', #1265, 39.37007874015748143 ) ;
#59 = VECTOR ( 'NONE', #1497, 39.37007874015748143 ) ;
#60 = VECTOR ( 'NONE', #1720, 39.37007874015748143 ) ;
#61 = DIRECTION ( 'NONE',  ( 0.000000000000000000, 1.000000000000000000, 0.000000000000000000 ) ) ;
#62 = VECTOR ( 'NONE', #1788, 39.37007874015748143 ) ;
#63 = DIRECTION ( 'NONE',  ( 1.000000000000000000, 0.000000000000000000, 0.000000000000000000 ) ) ;
#64 = CARTESIAN_POINT ( 'NONE',  ( 0.7500000000000001110, -0.02999999999999999889, -0.2740000000000000213 ) ) ;
#65 = AXIS2_PLACEMENT_3D ( 'NONE', #96, #357, #214 ) ;
#66 = DIRECTION ( 'NONE',  ( 0.000000000000000000, -1.000000000000000000, 0.000000000000000000 ) ) ;
#67 = ORIENTED_EDGE ( 'NONE', *, *, #1973, .F. ) ;
#68 = DIRECTION ( 'NONE',  ( 0.000000000000000000, 1.000000000000000000, 0.000000000000000000 ) ) ;
#69 = CARTESIAN_POINT ( 'NONE',  ( -0.6799999999999999378, -0.2000000000000000111, 0.3200000000000000067 ) ) ;
#70 = LINE ( 'NONE', #1492, #1554 ) ;
#71 = ORIENTED_EDGE ( 'NONE', *, *, #1865, .T. ) ;
#72 = ORIENTED_EDGE ( 'NONE', *, *, #1108, .F. ) ;
#73 = FACE_OUTER_BOUND ( 'NONE', #440, .T. ) ;
#74 = CARTESIAN_POINT ( 'NONE',  ( 0.7500000000000001110, -0.04599999999999999922, 0.2900000000000000355 ) ) ;
#75 = CARTESIAN_POINT ( 'NONE',  ( 0.7100000000000000755, -0.6400000000000000133, 0.1000000000000000056 ) ) ;
#76 = EDGE_CURVE ( 'NONE', #907, #867, #585, .T. ) ;
#77 = EDGE_LOOP ( 'NONE', ( #1598, #281, #608, #677 ) ) ;
#78 = CARTESIAN_POINT ( 'NONE',  ( 0.6500000000000000222, -0.6100000000000000977, 0.07000000000000000666 ) ) ;
#79 = ADVANCED_FACE ( 'NONE', ( #1863 ), #1852, .T. ) ;
#80 = DIRECTION ( 'NONE',  ( 0.000000000000000000, 0.000000000000000000, -1.000000000000000000 ) ) ;
#81 = ORIENTED_EDGE ( 'NONE', *, *, #904, .T. ) ;
#82 = VERTEX_POINT ( 'NONE', #755 ) ;
#83 = CARTESIAN_POINT ( 'NONE',  ( -0.7199999999999999734, -0.04599999999999999922, 0.3200000000000000067 ) ) ;
#84 = EDGE_CURVE ( 'NONE', #923, #1416, #189, .T. ) ;
#85 = ADVANCED_FACE ( 'NONE', ( #2016 ), #454, .T. ) ;
#86 = CARTESIAN_POINT ( 'NONE',  ( -0.7500000000000001110, -0.2000000000000000111, -0.2900000000000000355 ) ) ;
#87 = CARTESIAN_POINT ( 'NONE',  ( -0.7500000000000001110, -0.6400000000000000133, -0.1600000000000000033 ) ) ;
#88 = FACE_OUTER_BOUND ( 'NONE', #417, .T. ) ;
#89 = VERTEX_POINT ( 'NONE', #1097 ) ;
#90 = CARTESIAN_POINT ( 'NONE',  ( 0.7500000000000001110, -0.2286978604307555174, 0.2026708329630629857 ) ) ;
#91 = DIRECTION ( 'NONE',  ( -1.000000000000000000, 0.000000000000000000, 0.000000000000000000 ) ) ;
#92 = ADVANCED_FACE ( 'NONE', ( #771 ), #615, .T. ) ;
#93 = ORIENTED_EDGE ( 'NONE', *, *, #569, .F. ) ;
#94 = ORIENTED_EDGE ( 'NONE', *, *, #827, .T. ) ;
#95 = EDGE_LOOP ( 'NONE', ( #72, #588, #155, #2032 ) ) ;
#96 = CARTESIAN_POINT ( 'NONE',  ( -0.6799999999999999378, -0.2320000000000000118, 0.2345000000000000140 ) ) ;
#97 = AXIS2_PLACEMENT_3D ( 'NONE', #1458, #1163, #365 ) ;
#98 = AXIS2_PLACEMENT_3D ( 'NONE', #1170, #1148, #1776 ) ;
#99 = DIRECTION ( 'NONE',  ( 0.000000000000000000, 0.000000000000000000, -1.000000000000000000 ) ) ;
#100 = VECTOR ( 'NONE', #1652, 39.37007874015748143 ) ;
#101 = ORIENTED_EDGE ( 'NONE', *, *, #1359, .T. ) ;
#102 = CARTESIAN_POINT ( 'NONE',  ( 0.7500000000000001110, -0.6400000000000000133, 0.1600000000000000033 ) ) ;
#103 = EDGE_CURVE ( 'NONE', #257, #804, #2042, .T. ) ;
#104 = CARTESIAN_POINT ( 'NONE',  ( -0.7199999999999999734, -0.04599999999999999922, 0.2740000000000000213 ) ) ;
#105 = EDGE_CURVE ( 'NONE', #933, #1071, #1242, .T. ) ;
#106 = ORIENTED_EDGE ( 'NONE', *, *, #1659, .T. ) ;
#107 = CARTESIAN_POINT ( 'NONE',  ( 0.6500000000000000222, -0.6100000000000000977, -0.07000000000000000666 ) ) ;
#108 = LENGTH_MEASURE_WITH_UNIT ( LENGTH_MEASURE( 0.02539999999999999897 ), #1541 );
#109 = CARTESIAN_POINT ( 'NONE',  ( 0.7500000000000001110, -0.6400000000000000133, -0.1000000000000000056 ) ) ;
#110 = ORIENTED_EDGE ( 'NONE', *, *, #1405, .F. ) ;
#111 = CARTESIAN_POINT ( 'NONE',  ( 0.7500000000000001110, -0.2286978604307551566, -0.2026708329630633743 ) ) ;
#112 = CARTESIAN_POINT ( 'NONE',  ( -0.6799999999999999378, -0.2000000000000000111, -0.2345000000000000140 ) ) ;
#113 = ORIENTED_EDGE ( 'NONE', *, *, #594, .F. ) ;
#114 = CARTESIAN_POINT ( 'NONE',  ( -0.7499999999999998890, -0.01242640687119283410, 0.2936669555172586321 ) ) ;
#115 = LINE ( 'NONE', #437, #1030 ) ;
#116 = LENGTH_MEASURE_WITH_UNIT ( LENGTH_MEASURE( 0.02539999999999999897 ), #283 );
#117 = EDGE_CURVE ( 'NONE', #211, #717, #1728, .T. ) ;
#118 = DIRECTION ( 'NONE',  ( 0.000000000000000000, 0.000000000000000000, 1.000000000000000000 ) ) ;
#119 = CARTESIAN_POINT ( 'NONE',  ( -0.6799999999999999378, -0.6100000000000000977, -0.07000000000000000666 ) ) ;
#120 = ORIENTED_EDGE ( 'NONE', *, *, #1496, .F. ) ;
#121 = LINE ( 'NONE', #111, #1485 ) ;
#122 = CARTESIAN_POINT ( 'NONE',  ( -0.7100000000000000755, -0.4850000000000000422, -0.1000000000000000056 ) ) ;
#123 = ORIENTED_EDGE ( 'NONE', *, *, #544, .F. ) ;
#124 = DIRECTION ( 'NONE',  ( 1.000000000000000000, 0.000000000000000000, 0.000000000000000000 ) ) ;
#125 = EDGE_CURVE ( 'NONE', #82, #1416, #1412, .T. ) ;
#126 = CIRCLE ( 'NONE', #390, 0.02999999999999998848 ) ;
#127 = AXIS2_PLACEMENT_3D ( 'NONE', #908, #241, #726 ) ;
#128 = CARTESIAN_POINT ( 'NONE',  ( 0.7500000000000008882, -0.02633304448274094434, 0.3075735931288074987 ) ) ;
#129 = ORIENTED_EDGE ( 'NONE', *, *, #275, .T. ) ;
#130 = ORIENTED_EDGE ( 'NONE', *, *, #1934, .F. ) ;
#131 = CARTESIAN_POINT ( 'NONE',  ( -0.6799999999999999378, -0.04599999999999999922, 0.1559999999999999998 ) ) ;
#132 = VECTOR ( 'NONE', #1404, 39.37007874015748143 ) ;
#133 = CARTESIAN_POINT ( 'NONE',  ( -0.6799999999999999378, -0.2000000000000000111, -0.2345000000000000140 ) ) ;
#134 = VECTOR ( 'NONE', #29, 39.37007874015748143 ) ;
#135 = EDGE_LOOP ( 'NONE', ( #398, #1224, #562, #914 ) ) ;
#136 = CARTESIAN_POINT ( 'NONE',  ( 0.7500000000000001110, -0.6400000000000000133, 0.07000000000000000666 ) ) ;
#137 = FACE_OUTER_BOUND ( 'NONE', #260, .T. ) ;
#138 = CARTESIAN_POINT ( 'NONE',  ( 0.6799999999999999378, -0.2000000000000000111, -0.2880000000000000338 ) ) ;
#139 = VERTEX_POINT ( 'NONE', #1573 ) ;
#140 = EDGE_LOOP ( 'NONE', ( #359, #1003, #1920, #474, #2039, #364, #1790, #1103 ) ) ;
#141 = DIRECTION ( 'NONE',  ( 0.000000000000000000, -1.000000000000000000, 0.000000000000000000 ) ) ;
#142 = EDGE_CURVE ( 'NONE', #631, #1329, #1701, .T. ) ;
#143 = ORIENTED_EDGE ( 'NONE', *, *, #611, .T. ) ;
#144 = CARTESIAN_POINT ( 'NONE',  ( 0.7500000000000001110, -0.6400000000000000133, 0.1600000000000000033 ) ) ;
#145 = DIRECTION ( 'NONE',  ( 0.000000000000000000, 0.000000000000000000, -1.000000000000000000 ) ) ;
#146 = CARTESIAN_POINT ( 'NONE',  ( 0.7499999999999998890, -0.01242640687119285318, 0.2740000000000000213 ) ) ;
#147 = ORIENTED_EDGE ( 'NONE', *, *, #456, .F. ) ;
#148 = VERTEX_POINT ( 'NONE', #436 ) ;
#149 = DIRECTION ( 'NONE',  ( 0.000000000000000000, -0.9946614699042773955, 0.1031918615388937449 ) ) ;
#150 = FACE_OUTER_BOUND ( 'NONE', #785, .T. ) ;
#151 = CARTESIAN_POINT ( 'NONE',  ( -0.7500000000000001110, -0.02999999999999999889, -0.2740000000000000213 ) ) ;
#152 = VERTEX_POINT ( 'NONE', #786 ) ;
#153 = CARTESIAN_POINT ( 'NONE',  ( 0.000000000000000000, 0.000000000000000000, 0.000000000000000000 ) ) ;
#154 = CARTESIAN_POINT ( 'NONE',  ( -0.7199999999999999734, -0.04599999999999999922, 0.2900000000000000355 ) ) ;
#155 = ORIENTED_EDGE ( 'NONE', *, *, #1996, .F. ) ;
#156 = VECTOR ( 'NONE', #1403, 39.37007874015748143 ) ;
#157 = EDGE_CURVE ( 'NONE', #1370, #1579, #915, .T. ) ;
#158 = AXIS2_PLACEMENT_3D ( 'NONE', #851, #660, #1641 ) ;
#159 = ORIENTED_EDGE ( 'NONE', *, *, #1763, .T. ) ;
#160 = DIRECTION ( 'NONE',  ( 1.000000000000000000, 0.000000000000000000, 0.000000000000000000 ) ) ;
#161 = DIRECTION ( 'NONE',  ( -1.000000000000000000, 0.000000000000000000, 0.000000000000000000 ) ) ;
#162 = AXIS2_PLACEMENT_3D ( 'NONE', #517, #1153, #1286 ) ;
#163 = CARTESIAN_POINT ( 'NONE',  ( -0.6799999999999999378, -0.2000000000000000111, -0.2880000000000000338 ) ) ;
#164 = VERTEX_POINT ( 'NONE', #1069 ) ;
#165 = AXIS2_PLACEMENT_3D ( 'NONE', #1733, #334, #167 ) ;
#166 = EDGE_CURVE ( 'NONE', #473, #1705, #2035, .T. ) ;
#167 = DIRECTION ( 'NONE',  ( 0.000000000000000000, 1.224606353822375779E-16, -1.000000000000000000 ) ) ;
#168 = ORIENTED_EDGE ( 'NONE', *, *, #1547, .T. ) ;
#169 = LINE ( 'NONE', #645, #792 ) ;
#170 = CARTESIAN_POINT ( 'NONE',  ( -0.6799999999999999378, -0.04599999999999999922, -0.07000000000000000666 ) ) ;
#171 = CARTESIAN_POINT ( 'NONE',  ( -0.6799999999999999378, -0.2320000000000000118, -0.2345000000000000140 ) ) ;
#172 = VERTEX_POINT ( 'NONE', #444 ) ;
#173 = CARTESIAN_POINT ( 'NONE',  ( 0.6500000000000000222, -0.6100000000000000977, -0.07000000000000000666 ) ) ;
#174 = EDGE_CURVE ( 'NONE', #1015, #1708, #624, .T. ) ;
#175 = CYLINDRICAL_SURFACE ( 'NONE', #861, 0.02999999999999998848 ) ;
#176 = EDGE_CURVE ( 'NONE', #257, #1880, #1259, .T. ) ;
#177 = EDGE_LOOP ( 'NONE', ( #709, #2034, #1190, #526 ) ) ;
#178 = CARTESIAN_POINT ( 'NONE',  ( -0.6799999999999999378, -0.6400000000000000133, -0.1600000000000000033 ) ) ;
#179 =( CONVERSION_BASED_UNIT ( 'INCH', #1277 ) LENGTH_UNIT ( ) NAMED_UNIT ( #1123 ) );
#180 = CARTESIAN_POINT ( 'NONE',  ( -0.7500000000000001110, -0.04193515854092575573, -0.2896085674022980672 ) ) ;
#181 = ORIENTED_EDGE ( 'NONE', *, *, #812, .T. ) ;
#182 = LINE ( 'NONE', #984, #2007 ) ;
#183 = EDGE_CURVE ( 'NONE', #462, #377, #924, .T. ) ;
#184 = CARTESIAN_POINT ( 'NONE',  ( -0.7199999999999999734, -0.04599999999999999922, -0.2900000000000000355 ) ) ;
#185 = DIRECTION ( 'NONE',  ( 0.000000000000000000, 0.000000000000000000, 1.000000000000000000 ) ) ;
#186 = ORIENTED_EDGE ( 'NONE', *, *, #754, .F. ) ;
#187 = LINE ( 'NONE', #1897, #1122 ) ;
#188 = LINE ( 'NONE', #1013, #1448 ) ;
#189 = CIRCLE ( 'NONE', #1942, 0.02999999999999998848 ) ;
#190 = ORIENTED_EDGE ( 'NONE', *, *, #995, .T. ) ;
#191 = VERTEX_POINT ( 'NONE', #319 ) ;
#192 = EDGE_CURVE ( 'NONE', #1877, #1208, #1553, .T. ) ;
#193 = CARTESIAN_POINT ( 'NONE',  ( -0.7500000000000001110, -0.6400000000000000133, 0.07000000000000000666 ) ) ;
#194 = VECTOR ( 'NONE', #145, 39.37007874015748143 ) ;
#195 = VECTOR ( 'NONE', #1310, 39.37007874015748854 ) ;
#196 = LINE ( 'NONE', #834, #2006 ) ;
#197 = DIRECTION ( 'NONE',  ( 0.000000000000000000, -1.000000000000000000, -4.596859604723519820E-16 ) ) ;
#198 = ORIENTED_EDGE ( 'NONE', *, *, #1031, .T. ) ;
#199 = DIRECTION ( 'NONE',  ( 0.000000000000000000, 0.000000000000000000, 1.000000000000000000 ) ) ;
#200 = CARTESIAN_POINT ( 'NONE',  ( -0.7100000000000000755, -0.3800000000000000600, 0.1000000000000000056 ) ) ;
#201 = ORIENTED_EDGE ( 'NONE', *, *, #395, .F. ) ;
#202 = ORIENTED_EDGE ( 'NONE', *, *, #569, .T. ) ;
#203 = EDGE_CURVE ( 'NONE', #335, #983, #2026, .T. ) ;
#204 = CARTESIAN_POINT ( 'NONE',  ( 0.6799999999999999378, -0.2286978604307555174, 0.2026708329630633743 ) ) ;
#205 = CARTESIAN_POINT ( 'NONE',  ( -0.7500000000000001110, -0.6400000000000000133, 0.1600000000000000033 ) ) ;
#206 = CARTESIAN_POINT ( 'NONE',  ( 0.7199999999999999734, -0.2000000000000000111, -0.2900000000000000355 ) ) ;
#207 = VERTEX_POINT ( 'NONE', #1382 ) ;
#208 = DIRECTION ( 'NONE',  ( 0.000000000000000000, -0.3090169943749416781, -0.9510565162951554186 ) ) ;
#209 = LINE ( 'NONE', #1775, #1980 ) ;
#210 = DIRECTION ( 'NONE',  ( 0.000000000000000000, 0.000000000000000000, 1.000000000000000000 ) ) ;
#211 = VERTEX_POINT ( 'NONE', #1225 ) ;
#212 = VERTEX_POINT ( 'NONE', #1112 ) ;
#213 = LINE ( 'NONE', #1330, #351 ) ;
#214 = DIRECTION ( 'NONE',  ( 0.000000000000000000, 0.000000000000000000, -1.000000000000000000 ) ) ;
#215 = DIRECTION ( 'NONE',  ( 0.000000000000000000, 1.000000000000000000, 0.000000000000000000 ) ) ;
#216 = DIRECTION ( 'NONE',  ( 0.000000000000000000, 1.000000000000000000, 0.000000000000000000 ) ) ;
#217 = EDGE_LOOP ( 'NONE', ( #1026, #1295, #413, #1929 ) ) ;
#218 = LINE ( 'NONE', #1206, #1451 ) ;
#219 = DIRECTION ( 'NONE',  ( 0.000000000000000000, -1.000000000000000000, 0.000000000000000000 ) ) ;
#220 = EDGE_CURVE ( 'NONE', #1851, #45, #956, .T. ) ;
#221 = DIRECTION ( 'NONE',  ( 0.000000000000000000, 0.000000000000000000, -1.000000000000000000 ) ) ;
#222 = ORIENTED_EDGE ( 'NONE', *, *, #1609, .T. ) ;
#223 = ORIENTED_EDGE ( 'NONE', *, *, #1842, .F. ) ;
#224 = DIMENSIONAL_EXPONENTS ( 1.000000000000000000, 0.000000000000000000, 0.000000000000000000, 0.000000000000000000, 0.000000000000000000, 0.000000000000000000, 0.000000000000000000 ) ;
#225 = LINE ( 'NONE', #869, #862 ) ;
#226 = CIRCLE ( 'NONE', #1389, 0.04599999999999999922 ) ;
#227 = VECTOR ( 'NONE', #2022, 39.37007874015748143 ) ;
#228 = EDGE_CURVE ( 'NONE', #907, #245, #1896, .T. ) ;
#229 = AXIS2_PLACEMENT_3D ( 'NONE', #1369, #244, #1231 ) ;
#230 = CYLINDRICAL_SURFACE ( 'NONE', #264, 0.04599999999999999922 ) ;
#231 = AXIS2_PLACEMENT_3D ( 'NONE', #50, #1957, #1795 ) ;
#232 = ADVANCED_FACE ( 'NONE', ( #483 ), #4, .T. ) ;
#233 = DIRECTION ( 'NONE',  ( 1.000000000000000000, 0.000000000000000000, 0.000000000000000000 ) ) ;
#234 = ORIENTED_EDGE ( 'NONE', *, *, #855, .T. ) ;
#235 = PLANE ( 'NONE',  #1200 ) ;
#236 = EDGE_CURVE ( 'NONE', #172, #923, #169, .T. ) ;
#237 = DIRECTION ( 'NONE',  ( 0.000000000000000000, -1.255643395844615974E-16, 1.000000000000000000 ) ) ;
#238 = CARTESIAN_POINT ( 'NONE',  ( -0.6500000000000000222, -0.6400000000000000133, -0.07000000000000000666 ) ) ;
#239 = ORIENTED_EDGE ( 'NONE', *, *, #385, .F. ) ;
#240 = ORIENTED_EDGE ( 'NONE', *, *, #1552, .F. ) ;
#241 = DIRECTION ( 'NONE',  ( -5.691349986800559712E-16, 0.000000000000000000, 1.000000000000000000 ) ) ;
#242 = CARTESIAN_POINT ( 'NONE',  ( -0.7500000000000001110, -0.6400000000000000133, 0.1000000000000000056 ) ) ;
#243 = CARTESIAN_POINT ( 'NONE',  ( -0.7100000000000000755, 0.000000000000000000, 0.1000000000000000056 ) ) ;
#244 = DIRECTION ( 'NONE',  ( -0.000000000000000000, 1.000000000000000000, 0.000000000000000000 ) ) ;
#245 = VERTEX_POINT ( 'NONE', #494 ) ;
#246 = LINE ( 'NONE', #1511, #1256 ) ;
#247 = LINE ( 'NONE', #894, #1883 ) ;
#248 = ORIENTED_EDGE ( 'NONE', *, *, #909, .T. ) ;
#249 = EDGE_LOOP ( 'NONE', ( #877, #1954, #1432, #574, #1817, #81, #1822, #1219, #2003, #1858, #1328, #248 ) ) ;
#250 = CARTESIAN_POINT ( 'NONE',  ( -0.7375735931288069924, -0.04599999999999999922, 0.3200000000000000622 ) ) ;
#251 = LINE ( 'NONE', #576, #1124 ) ;
#252 = EDGE_CURVE ( 'NONE', #278, #682, #1596, .T. ) ;
#253 = CARTESIAN_POINT ( 'NONE',  ( 0.6500000000000000222, -0.6400000000000000133, -0.07000000000000000666 ) ) ;
#254 = ADVANCED_FACE ( 'NONE', ( #11 ), #1127, .T. ) ;
#255 = FACE_OUTER_BOUND ( 'NONE', #487, .T. ) ;
#256 = FACE_OUTER_BOUND ( 'NONE', #1575, .T. ) ;
#257 = VERTEX_POINT ( 'NONE', #178 ) ;
#258 = CARTESIAN_POINT ( 'NONE',  ( -0.7500000000000001110, -0.6400000000000000133, 0.1600000000000000033 ) ) ;
#259 = DIRECTION ( 'NONE',  ( 0.000000000000000000, 0.000000000000000000, -1.000000000000000000 ) ) ;
#260 = EDGE_LOOP ( 'NONE', ( #1503, #1258, #609, #308 ) ) ;
#261 = CARTESIAN_POINT ( 'NONE',  ( -0.7500000000000001110, -0.2000000000000000111, -0.2740000000000000213 ) ) ;
#262 = EDGE_CURVE ( 'NONE', #789, #1309, #1824, .T. ) ;
#263 = CARTESIAN_POINT ( 'NONE',  ( 0.7199999999999999734, 0.000000000000000000, -0.2740000000000000213 ) ) ;
#264 = AXIS2_PLACEMENT_3D ( 'NONE', #568, #63, #1202 ) ;
#265 = VECTOR ( 'NONE', #2024, 39.37007874015748143 ) ;
#266 = VECTOR ( 'NONE', #1067, 39.37007874015748143 ) ;
#267 = CARTESIAN_POINT ( 'NONE',  ( 0.7375735931288069924, 1.280553747030121689E-17, 0.2740000000000000213 ) ) ;
#268 = FACE_OUTER_BOUND ( 'NONE', #1571, .T. ) ;
#269 = VECTOR ( 'NONE', #1614, 39.37007874015748143 ) ;
#270 = ORIENTED_EDGE ( 'NONE', *, *, #985, .F. ) ;
#271 = CARTESIAN_POINT ( 'NONE',  ( -0.7100000000000000755, 1.187771652140307172E-18, 0.2740000000000000213 ) ) ;
#272 = CARTESIAN_POINT ( 'NONE',  ( -0.6799999999999999378, -0.6400000000000000133, -0.2740000000000000213 ) ) ;
#273 = ORIENTED_EDGE ( 'NONE', *, *, #637, .F. ) ;
#274 = DIRECTION ( 'NONE',  ( 0.000000000000000000, 1.000000000000000000, 6.566942292462169586E-17 ) ) ;
#275 = EDGE_CURVE ( 'NONE', #245, #1470, #1151, .T. ) ;
#276 = PRESENTATION_STYLE_ASSIGNMENT (( #1568 ) ) ;
#277 = CARTESIAN_POINT ( 'NONE',  ( 0.6799999999999999378, -0.2320000000000000118, -0.2345000000000000140 ) ) ;
#278 = VERTEX_POINT ( 'NONE', #1280 ) ;
#279 = DIRECTION ( 'NONE',  ( 0.000000000000000000, 1.000000000000000000, 0.000000000000000000 ) ) ;
#280 = LINE ( 'NONE', #1849, #1284 ) ;
#281 = ORIENTED_EDGE ( 'NONE', *, *, #395, .T. ) ;
#282 = DIRECTION ( 'NONE',  ( 0.000000000000000000, 0.000000000000000000, 1.000000000000000000 ) ) ;
#283 =( LENGTH_UNIT ( ) NAMED_UNIT ( * ) SI_UNIT ( $, .METRE. ) );
#284 = LINE ( 'NONE', #783, #325 ) ;
#285 = ORIENTED_EDGE ( 'NONE', *, *, #1934, .T. ) ;
#286 = ORIENTED_EDGE ( 'NONE', *, *, #174, .T. ) ;
#287 = CARTESIAN_POINT ( 'NONE',  ( -0.7500000000000008882, -0.01242640687119288441, -0.2936669555172590762 ) ) ;
#288 = LINE ( 'NONE', #1548, #566 ) ;
#289 = ORIENTED_EDGE ( 'NONE', *, *, #2029, .T. ) ;
#290 = CARTESIAN_POINT ( 'NONE',  ( -0.7500000000000001110, -0.04599999999999999922, -0.2900000000000000355 ) ) ;
#291 = CARTESIAN_POINT ( 'NONE',  ( -0.7199999999999999734, 0.000000000000000000, 0.2740000000000000213 ) ) ;
#292 = DIRECTION ( 'NONE',  ( 0.000000000000000000, -1.000000000000000000, 0.000000000000000000 ) ) ;
#293 =( NAMED_UNIT ( * ) SI_UNIT ( $, .STERADIAN. ) SOLID_ANGLE_UNIT ( ) );
#294 = ADVANCED_FACE ( 'NONE', ( #1477 ), #1792, .T. ) ;
#295 = AXIS2_PLACEMENT_3D ( 'NONE', #407, #847, #1498 ) ;
#296 = DIRECTION ( 'NONE',  ( 0.000000000000000000, 1.224606353822375779E-16, -1.000000000000000000 ) ) ;
#297 = ORIENTED_EDGE ( 'NONE', *, *, #1376, .F. ) ;
#298 = CIRCLE ( 'NONE', #492, 0.03199999999999999373 ) ;
#299 = CARTESIAN_POINT ( 'NONE',  ( 0.6799999999999999378, -0.5150000000000000133, 0.1000000000000000056 ) ) ;
#300 = AXIS2_PLACEMENT_3D ( 'NONE', #1046, #1348, #1673 ) ;
#301 = ORIENTED_EDGE ( 'NONE', *, *, #962, .F. ) ;
#302 = ADVANCED_FACE ( 'NONE', ( #1592 ), #996, .T. ) ;
#303 = DIRECTION ( 'NONE',  ( 0.000000000000000000, 1.000000000000000000, 0.000000000000000000 ) ) ;
#304 = CARTESIAN_POINT ( 'NONE',  ( 0.6799999999999999378, -0.2286978604307551566, -0.2026708329630633743 ) ) ;
#305 = ADVANCED_FACE ( 'NONE', ( #57 ), #1758, .T. ) ;
#306 = CARTESIAN_POINT ( 'NONE',  ( -0.6799999999999999378, -0.2000000000000000111, 0.2345000000000000140 ) ) ;
#307 = CARTESIAN_POINT ( 'NONE',  ( 0.7100000000000000755, 1.187771652140307172E-18, 0.2740000000000000213 ) ) ;
#308 = ORIENTED_EDGE ( 'NONE', *, *, #1697, .T. ) ;
#309 = EDGE_CURVE ( 'NONE', #1241, #1161, #213, .T. ) ;
#310 = ORIENTED_EDGE ( 'NONE', *, *, #538, .T. ) ;
#311 = DIRECTION ( 'NONE',  ( 0.000000000000000000, 1.000000000000000000, 0.000000000000000000 ) ) ;
#312 = CARTESIAN_POINT ( 'NONE',  ( 0.6799999999999999378, -0.2000000000000000111, 0.2880000000000000338 ) ) ;
#313 = ORIENTED_EDGE ( 'NONE', *, *, #410, .T. ) ;
#314 = EDGE_CURVE ( 'NONE', #631, #1161, #341, .T. ) ;
#315 = DIRECTION ( 'NONE',  ( -1.000000000000000000, 0.000000000000000000, 0.000000000000000000 ) ) ;
#316 = ORIENTED_EDGE ( 'NONE', *, *, #664, .F. ) ;
#317 = EDGE_CURVE ( 'NONE', #1705, #775, #37, .T. ) ;
#318 = ORIENTED_EDGE ( 'NONE', *, *, #447, .T. ) ;
#319 = CARTESIAN_POINT ( 'NONE',  ( -0.6799999999999999378, -0.6400000000000000133, 0.07000000000000000666 ) ) ;
#320 = LINE ( 'NONE', #952, #269 ) ;
#321 = CARTESIAN_POINT ( 'NONE',  ( 0.7500000000000001110, -0.2320000000000000118, 0.2345000000000000140 ) ) ;
#322 = VERTEX_POINT ( 'NONE', #967 ) ;
#323 = APPLICATION_PROTOCOL_DEFINITION ( 'draft international standard', 'automotive_design', 1998, #1567 ) ;
#324 = CARTESIAN_POINT ( 'NONE',  ( -0.6799999999999999378, -0.04599999999999999922, -0.3200000000000000067 ) ) ;
#325 = VECTOR ( 'NONE', #627, 39.37007874015748143 ) ;
#326 = AXIS2_PLACEMENT_3D ( 'NONE', #1540, #1718, #780 ) ;
#327 = VECTOR ( 'NONE', #1938, 39.37007874015748143 ) ;
#328 = ORIENTED_EDGE ( 'NONE', *, *, #338, .F. ) ;
#329 = DIRECTION ( 'NONE',  ( 1.000000000000000000, 0.000000000000000000, 0.000000000000000000 ) ) ;
#330 = FACE_OUTER_BOUND ( 'NONE', #1901, .T. ) ;
#331 = CARTESIAN_POINT ( 'NONE',  ( -0.7500000000000001110, -0.03669431526024870271, -0.2871016913561874051 ) ) ;
#332 = DIRECTION ( 'NONE',  ( -0.7071067811865440200, 0.7071067811865510144, 0.000000000000000000 ) ) ;
#333 = VECTOR ( 'NONE', #2019, 39.37007874015748143 ) ;
#334 = DIRECTION ( 'NONE',  ( 0.000000000000000000, 1.000000000000000000, 1.224606353822375779E-16 ) ) ;
#335 = VERTEX_POINT ( 'NONE', #204 ) ;
#336 = DIRECTION ( 'NONE',  ( 0.000000000000000000, 1.000000000000000000, 0.000000000000000000 ) ) ;
#337 = CARTESIAN_POINT ( 'NONE',  ( -0.6799999999999999378, -0.6400000000000000133, -0.1559999999999999998 ) ) ;
#338 = EDGE_CURVE ( 'NONE', #375, #789, #662, .T. ) ;
#339 = CARTESIAN_POINT ( 'NONE',  ( 0.7500000000000001110, -0.3800000000000000600, -0.2740000000000000213 ) ) ;
#340 = ORIENTED_EDGE ( 'NONE', *, *, #317, .F. ) ;
#341 = LINE ( 'NONE', #649, #1550 ) ;
#342 = FACE_OUTER_BOUND ( 'NONE', #217, .T. ) ;
#343 = ORIENTED_EDGE ( 'NONE', *, *, #1626, .T. ) ;
#344 = CARTESIAN_POINT ( 'NONE',  ( 0.7500000000000001110, -0.6400000000000000133, 0.1000000000000000056 ) ) ;
#345 = ORIENTED_EDGE ( 'NONE', *, *, #1780, .T. ) ;
#346 = LINE ( 'NONE', #976, #897 ) ;
#347 = DIRECTION ( 'NONE',  ( 5.691349986800559712E-16, 0.000000000000000000, 1.000000000000000000 ) ) ;
#348 = VERTEX_POINT ( 'NONE', #16 ) ;
#349 = CARTESIAN_POINT ( 'NONE',  ( 0.7100000000000000755, -0.6400000000000000133, 0.1000000000000000056 ) ) ;
#350 = DIRECTION ( 'NONE',  ( 0.000000000000000000, 0.1031918615388940502, -0.9946614699042773955 ) ) ;
#351 = VECTOR ( 'NONE', #673, 39.37007874015748143 ) ;
#352 = VERTEX_POINT ( 'NONE', #1769 ) ;
#353 = ORIENTED_EDGE ( 'NONE', *, *, #1376, .T. ) ;
#354 = DIRECTION ( 'NONE',  ( 0.000000000000000000, 1.000000000000000000, 0.000000000000000000 ) ) ;
#355 = VECTOR ( 'NONE', #1360, 39.37007874015748143 ) ;
#356 = VECTOR ( 'NONE', #536, 39.37007874015748143 ) ;
#357 = DIRECTION ( 'NONE',  ( 1.000000000000000000, 0.000000000000000000, 0.000000000000000000 ) ) ;
#358 = LINE ( 'NONE', #1460, #1816 ) ;
#359 = ORIENTED_EDGE ( 'NONE', *, *, #1090, .F. ) ;
#360 = CARTESIAN_POINT ( 'NONE',  ( -0.6799999999999999378, -0.6100000000000000977, 0.07000000000000000666 ) ) ;
#361 = CYLINDRICAL_SURFACE ( 'NONE', #393, 0.02999999999999999889 ) ;
#362 = DIRECTION ( 'NONE',  ( 0.000000000000000000, -1.000000000000000000, -4.596859604723519820E-16 ) ) ;
#363 = ORIENTED_EDGE ( 'NONE', *, *, #456, .T. ) ;
#364 = ORIENTED_EDGE ( 'NONE', *, *, #142, .F. ) ;
#365 = DIRECTION ( 'NONE',  ( 0.000000000000000000, -1.000000000000000000, -6.566942292462169586E-17 ) ) ;
#366 = B_SPLINE_CURVE_WITH_KNOTS ( 'NONE', 3,
 ( #151, #1261, #1891, #1744, #331, #691, #1630, #1302, #180, #1597, #504 ),
 .UNSPECIFIED., .F., .F.,
 ( 4, 2, 1, 2, 2, 4 ),
 ( 0.000000000000000000, 0.5000000000000000000, 0.6250000000000000000, 0.6875000000000000000, 0.7500000000000000000, 1.000000000000000000 ),
 .UNSPECIFIED. ) ;
#367 = CARTESIAN_POINT ( 'NONE',  ( 0.7100000000000000755, -0.3800000000000000600, 0.1000000000000000056 ) ) ;
#368 = DIRECTION ( 'NONE',  ( -1.000000000000000000, 0.000000000000000000, 0.000000000000000000 ) ) ;
#369 = EDGE_CURVE ( 'NONE', #1444, #867, #346, .T. ) ;
#370 = DIRECTION ( 'NONE',  ( 1.000000000000000000, 0.000000000000000000, 0.000000000000000000 ) ) ;
#371 = ORIENTED_EDGE ( 'NONE', *, *, #1702, .T. ) ;
#372 = CARTESIAN_POINT ( 'NONE',  ( -0.7199999999999999734, -0.04599999999999999922, -0.2740000000000000213 ) ) ;
#373 = CARTESIAN_POINT ( 'NONE',  ( -0.7199999999999999734, -0.02999999999999999889, 0.2740000000000000213 ) ) ;
#374 = CARTESIAN_POINT ( 'NONE',  ( 0.7500000000000001110, -0.2286978604307551566, 0.2026708329630633743 ) ) ;
#375 = VERTEX_POINT ( 'NONE', #1599 ) ;
#376 = EDGE_LOOP ( 'NONE', ( #1235, #130, #648, #966 ) ) ;
#377 = VERTEX_POINT ( 'NONE', #1131 ) ;
#378 = EDGE_CURVE ( 'NONE', #1895, #1877, #1930, .T. ) ;
#379 = LINE ( 'NONE', #49, #698 ) ;
#380 = EDGE_CURVE ( 'NONE', #1757, #1150, #1716, .T. ) ;
#381 = CYLINDRICAL_SURFACE ( 'NONE', #1022, 0.02999999999999998848 ) ;
#382 = ORIENTED_EDGE ( 'NONE', *, *, #1484, .F. ) ;
#383 = LINE ( 'NONE', #78, #829 ) ;
#384 = FACE_OUTER_BOUND ( 'NONE', #1136, .T. ) ;
#385 = EDGE_CURVE ( 'NONE', #1150, #172, #182, .T. ) ;
#386 = PLANE ( 'NONE',  #988 ) ;
#387 = ORIENTED_EDGE ( 'NONE', *, *, #622, .F. ) ;
#388 = ORIENTED_EDGE ( 'NONE', *, *, #578, .F. ) ;
#389 = DIRECTION ( 'NONE',  ( 0.000000000000000000, 0.000000000000000000, 1.000000000000000000 ) ) ;
#390 = AXIS2_PLACEMENT_3D ( 'NONE', #1355, #1166, #555 ) ;
#391 = CIRCLE ( 'NONE', #524, 0.02999999999999998848 ) ;
#392 = VECTOR ( 'NONE', #1186, 39.37007874015748143 ) ;
#393 = AXIS2_PLACEMENT_3D ( 'NONE', #373, #1001, #690 ) ;
#394 = CARTESIAN_POINT ( 'NONE',  ( 0.7499999999999998890, -0.02999999999999994685, -0.2833725830020307201 ) ) ;
#395 = EDGE_CURVE ( 'NONE', #655, #1791, #1115, .T. ) ;
#396 = AXIS2_PLACEMENT_3D ( 'NONE', #439, #1856, #1070 ) ;
#397 = PLANE ( 'NONE',  #499 ) ;
#398 = ORIENTED_EDGE ( 'NONE', *, *, #1909, .T. ) ;
#399 = FACE_OUTER_BOUND ( 'NONE', #376, .T. ) ;
#400 = CARTESIAN_POINT ( 'NONE',  ( -0.7500000000000001110, -0.2000000000000000111, -0.3200000000000000067 ) ) ;
#401 = VERTEX_POINT ( 'NONE', #506 ) ;
#402 = VERTEX_POINT ( 'NONE', #1779 ) ;
#403 = DIRECTION ( 'NONE',  ( 0.000000000000000000, 1.255643395844615974E-16, -1.000000000000000000 ) ) ;
#404 = EDGE_CURVE ( 'NONE', #933, #631, #1467, .T. ) ;
#405 = EDGE_CURVE ( 'NONE', #55, #191, #47, .T. ) ;
#406 = CARTESIAN_POINT ( 'NONE',  ( 0.7375735931288069924, -0.04600000000000004086, -0.3200000000000000622 ) ) ;
#407 = CARTESIAN_POINT ( 'NONE',  ( 0.7100000000000000755, -0.3800000000000000600, 0.1000000000000000056 ) ) ;
#408 = CARTESIAN_POINT ( 'NONE',  ( -0.6799999999999999378, -0.2000000000000000111, -0.2880000000000000338 ) ) ;
#409 = VERTEX_POINT ( 'NONE', #527 ) ;
#410 = EDGE_CURVE ( 'NONE', #1364, #191, #833, .T. ) ;
#411 = LINE ( 'NONE', #1538, #1783 ) ;
#412 = ORIENTED_EDGE ( 'NONE', *, *, #2018, .T. ) ;
#413 = ORIENTED_EDGE ( 'NONE', *, *, #84, .T. ) ;
#414 = UNCERTAINTY_MEASURE_WITH_UNIT (LENGTH_MEASURE( 1.000000000000000082E-05 ), #179, 'distance_accuracy_value', 'NONE');
#415 = CARTESIAN_POINT ( 'NONE',  ( 0.7500000000000001110, -0.2286978604307551566, 0.2026708329630629857 ) ) ;
#416 = DIRECTION ( 'NONE',  ( 0.000000000000000000, 1.000000000000000000, 0.000000000000000000 ) ) ;
#417 = EDGE_LOOP ( 'NONE', ( #766, #722, #1663, #1402 ) ) ;
#418 = LINE ( 'NONE', #271, #1583 ) ;
#419 = EDGE_CURVE ( 'NONE', #878, #152, #1714, .T. ) ;
#420 = DIRECTION ( 'NONE',  ( 1.000000000000000000, 0.000000000000000000, 0.000000000000000000 ) ) ;
#421 = ORIENTED_EDGE ( 'NONE', *, *, #612, .F. ) ;
#422 = CARTESIAN_POINT ( 'NONE',  ( -0.6799999999999999378, -0.2286978604307551566, 0.2026708329630633743 ) ) ;
#423 = AXIS2_PLACEMENT_3D ( 'NONE', #1633, #684, #696 ) ;
#424 = CARTESIAN_POINT ( 'NONE',  ( -0.7199999999999999734, 4.161799677847898146E-17, -0.2740000000000000213 ) ) ;
#425 = AXIS2_PLACEMENT_3D ( 'NONE', #153, #1132, #1273 ) ;
#426 = VECTOR ( 'NONE', #451, 39.37007874015748143 ) ;
#427 = VECTOR ( 'NONE', #1462, 39.37007874015748143 ) ;
#428 = CARTESIAN_POINT ( 'NONE',  ( 0.7200000000000006395, -0.01905382386916234030, 0.3200000000000000622 ) ) ;
#429 = DIRECTION ( 'NONE',  ( 0.000000000000000000, 0.000000000000000000, 1.000000000000000000 ) ) ;
#430 = VECTOR ( 'NONE', #1893, 39.37007874015748143 ) ;
#431 = VERTEX_POINT ( 'NONE', #133 ) ;
#432 = CARTESIAN_POINT ( 'NONE',  ( -0.7499999999999998890, -0.04600000000000009637, -0.3075735931288072211 ) ) ;
#433 = PRODUCT_DEFINITION_SHAPE ( 'NONE', 'NONE',  #531 ) ;
#434 = CARTESIAN_POINT ( 'NONE',  ( 0.7500000000000001110, -0.04193515854092424999, 0.2896085674022980672 ) ) ;
#435 = ORIENTED_EDGE ( 'NONE', *, *, #105, .T. ) ;
#436 = CARTESIAN_POINT ( 'NONE',  ( -0.6799999999999999378, -0.04599999999999999922, -0.1559999999999999998 ) ) ;
#437 = CARTESIAN_POINT ( 'NONE',  ( -0.7149999999999999689, -0.4799999999999999822, 0.1000000000000000056 ) ) ;
#438 = CARTESIAN_POINT ( 'NONE',  ( -0.7500000000000001110, -0.6400000000000000133, 0.1600000000000000033 ) ) ;
#439 = CARTESIAN_POINT ( 'NONE',  ( 0.7500000000000001110, -0.2320000000000000118, -0.2345000000000000140 ) ) ;
#440 = EDGE_LOOP ( 'NONE', ( #1768, #902, #1862, #1381 ) ) ;
#441 = LINE ( 'NONE', #1066, #227 ) ;
#442 = CARTESIAN_POINT ( 'NONE',  ( -0.6799999999999999378, -0.04599999999999999922, -0.2379623667801334941 ) ) ;
#443 = VERTEX_POINT ( 'NONE', #299 ) ;
#444 = CARTESIAN_POINT ( 'NONE',  ( 0.7199999999999999734, -0.2000000000000000111, -0.3200000000000000067 ) ) ;
#445 = PLANE ( 'NONE',  #1689 ) ;
#446 = EDGE_CURVE ( 'NONE', #1370, #3, #1388, .T. ) ;
#447 = EDGE_CURVE ( 'NONE', #590, #714, #391, .T. ) ;
#448 = EDGE_CURVE ( 'NONE', #278, #655, #935, .T. ) ;
#449 = CARTESIAN_POINT ( 'NONE',  ( 0.7500000000000001110, -0.02999999999999999889, 0.2740000000000000213 ) ) ;
#450 = VERTEX_POINT ( 'NONE', #778 ) ;
#451 = DIRECTION ( 'NONE',  ( 0.000000000000000000, 0.000000000000000000, -1.000000000000000000 ) ) ;
#452 = DIRECTION ( 'NONE',  ( 0.000000000000000000, 0.000000000000000000, -1.000000000000000000 ) ) ;
#453 = VERTEX_POINT ( 'NONE', #1410 ) ;
#454 = PLANE ( 'NONE',  #326 ) ;
#455 = DIRECTION ( 'NONE',  ( -1.000000000000000000, 0.000000000000000000, 0.000000000000000000 ) ) ;
#456 = EDGE_CURVE ( 'NONE', #3, #211, #288, .T. ) ;
#457 = EDGE_CURVE ( 'NONE', #1470, #352, #2033, .T. ) ;
#458 = COLOUR_RGB ( '',0.1960784313725490169, 0.1960784313725490169, 0.1960784313725490169 ) ;
#459 = AXIS2_PLACEMENT_3D ( 'NONE', #964, #1276, #1589 ) ;
#460 = CARTESIAN_POINT ( 'NONE',  ( 0.7199999999999999734, 1.280553747030124154E-17, 0.2740000000000000213 ) ) ;
#461 = EDGE_LOOP ( 'NONE', ( #1257, #2, #1836, #1504, #999, #493, #1829, #798 ) ) ;
#462 = VERTEX_POINT ( 'NONE', #442 ) ;
#463 = VECTOR ( 'NONE', #362, 39.37007874015748143 ) ;
#464 = DIRECTION ( 'NONE',  ( 0.000000000000000000, 1.000000000000000000, 0.000000000000000000 ) ) ;
#465 = AXIS2_PLACEMENT_3D ( 'NONE', #828, #1766, #1454 ) ;
#466 = VERTEX_POINT ( 'NONE', #1707 ) ;
#467 = DIRECTION ( 'NONE',  ( 0.000000000000000000, -1.000000000000000000, -1.255643395844615974E-16 ) ) ;
#468 = DIRECTION ( 'NONE',  ( 0.000000000000000000, -1.000000000000000000, 0.000000000000000000 ) ) ;
#469 = DIRECTION ( 'NONE',  ( 0.000000000000000000, -1.000000000000000000, 0.000000000000000000 ) ) ;
#470 = ADVANCED_FACE ( 'NONE', ( #1081 ), #1250, .F. ) ;
#471 = EDGE_CURVE ( 'NONE', #1916, #212, #1113, .T. ) ;
#472 = DIRECTION ( 'NONE',  ( -1.000000000000000000, 0.000000000000000000, 0.000000000000000000 ) ) ;
#473 = VERTEX_POINT ( 'NONE', #304 ) ;
#474 = ORIENTED_EDGE ( 'NONE', *, *, #446, .T. ) ;
#475 = DIRECTION ( 'NONE',  ( 0.000000000000000000, 0.000000000000000000, 1.000000000000000000 ) ) ;
#476 = ADVANCED_FACE ( 'NONE', ( #1898 ), #445, .F. ) ;
#477 = FACE_OUTER_BOUND ( 'NONE', #623, .T. ) ;
#478 = DIRECTION ( 'NONE',  ( 0.000000000000000000, 1.000000000000000000, 0.000000000000000000 ) ) ;
#479 = ORIENTED_EDGE ( 'NONE', *, *, #31, .T. ) ;
#480 = FACE_OUTER_BOUND ( 'NONE', #1732, .T. ) ;
#481 = ORIENTED_EDGE ( 'NONE', *, *, #1987, .F. ) ;
#482 = ORIENTED_EDGE ( 'NONE', *, *, #968, .T. ) ;
#483 = FACE_OUTER_BOUND ( 'NONE', #1272, .T. ) ;
#484 = ADVANCED_FACE ( 'NONE', ( #137 ), #939, .F. ) ;
#485 = FACE_OUTER_BOUND ( 'NONE', #1146, .T. ) ;
#486 = CARTESIAN_POINT ( 'NONE',  ( -0.6799999999999999378, -0.2000000000000000111, 0.2880000000000000338 ) ) ;
#487 = EDGE_LOOP ( 'NONE', ( #954, #942, #147, #1300 ) ) ;
#488 = DIRECTION ( 'NONE',  ( 0.000000000000000000, -1.000000000000000000, 0.000000000000000000 ) ) ;
#489 = CARTESIAN_POINT ( 'NONE',  ( 0.6500000000000000222, -0.6100000000000000977, -0.07000000000000000666 ) ) ;
#490 = CIRCLE ( 'NONE', #1549, 0.02999999999999998848 ) ;
#491 = VECTOR ( 'NONE', #498, 39.37007874015748143 ) ;
#492 = AXIS2_PLACEMENT_3D ( 'NONE', #171, #2044, #1421 ) ;
#493 = ORIENTED_EDGE ( 'NONE', *, *, #471, .F. ) ;
#494 = CARTESIAN_POINT ( 'NONE',  ( -0.7500000000000001110, -0.6400000000000000133, -0.1000000000000000056 ) ) ;
#495 = MECHANICAL_DESIGN_GEOMETRIC_PRESENTATION_REPRESENTATION (  '', ( #1525 ), #899 ) ;
#496 = FACE_OUTER_BOUND ( 'NONE', #1347, .T. ) ;
#497 = ORIENTED_EDGE ( 'NONE', *, *, #977, .F. ) ;
#498 = DIRECTION ( 'NONE',  ( 0.000000000000000000, 0.000000000000000000, -1.000000000000000000 ) ) ;
#499 = AXIS2_PLACEMENT_3D ( 'NONE', #75, #1671, #216 ) ;
#500 = CARTESIAN_POINT ( 'NONE',  ( -0.7100000000000000755, -0.3800000000000000600, 0.1000000000000000056 ) ) ;
#501 = ORIENTED_EDGE ( 'NONE', *, *, #1249, .T. ) ;
#502 = CARTESIAN_POINT ( 'NONE',  ( 0.6799999999999999378, -0.6100000000000000977, -0.2740000000000000213 ) ) ;
#503 = PLANE ( 'NONE',  #465 ) ;
#504 = CARTESIAN_POINT ( 'NONE',  ( -0.7500000000000001110, -0.04599999999999999922, -0.2900000000000000355 ) ) ;
#505 = VERTEX_POINT ( 'NONE', #1590 ) ;
#506 = CARTESIAN_POINT ( 'NONE',  ( -0.7500000000000001110, -0.2000000000000000111, 0.2345000000000000140 ) ) ;
#507 = EDGE_CURVE ( 'NONE', #1949, #920, #965, .T. ) ;
#508 = CARTESIAN_POINT ( 'NONE',  ( 0.6799999999999999378, -0.3800000000000000600, -0.1000000000000000056 ) ) ;
#509 = PLANE ( 'NONE',  #797 ) ;
#510 = ORIENTED_EDGE ( 'NONE', *, *, #183, .F. ) ;
#511 = CARTESIAN_POINT ( 'NONE',  ( 0.6799999999999999378, -0.6400000000000000133, -0.2740000000000000213 ) ) ;
#512 = LINE ( 'NONE', #992, #1155 ) ;
#513 = ORIENTED_EDGE ( 'NONE', *, *, #622, .T. ) ;
#514 = VERTEX_POINT ( 'NONE', #781 ) ;
#515 = DIRECTION ( 'NONE',  ( 0.000000000000000000, 0.000000000000000000, 1.000000000000000000 ) ) ;
#516 = DIRECTION ( 'NONE',  ( -1.000000000000000000, 0.000000000000000000, 0.000000000000000000 ) ) ;
#517 = CARTESIAN_POINT ( 'NONE',  ( -0.6799999999999999378, -0.6100000000000000977, 0.07000000000000000666 ) ) ;
#518 = ORIENTED_EDGE ( 'NONE', *, *, #419, .T. ) ;
#519 = CARTESIAN_POINT ( 'NONE',  ( 0.7500000000000001110, -0.2286978604307551566, -0.2026708329630633743 ) ) ;
#520 = VECTOR ( 'NONE', #1881, 39.37007874015748143 ) ;
#521 = CARTESIAN_POINT ( 'NONE',  ( 0.7100000000000000755, -0.4850000000000000422, 0.1000000000000000056 ) ) ;
#522 = DIRECTION ( 'NONE',  ( 1.000000000000000000, 0.000000000000000000, 0.000000000000000000 ) ) ;
#523 = AXIS2_PLACEMENT_3D ( 'NONE', #732, #554, #532 ) ;
#524 = AXIS2_PLACEMENT_3D ( 'NONE', #1878, #464, #452 ) ;
#525 = VERTEX_POINT ( 'NONE', #1581 ) ;
#526 = ORIENTED_EDGE ( 'NONE', *, *, #748, .F. ) ;
#527 = CARTESIAN_POINT ( 'NONE',  ( -0.7500000000000001110, -0.02999999999999999889, -0.2740000000000000213 ) ) ;
#528 = VECTOR ( 'NONE', #13, 39.37007874015748143 ) ;
#529 = VECTOR ( 'NONE', #981, 39.37007874015748143 ) ;
#530 = EDGE_CURVE ( 'NONE', #1015, #56, #647, .T. ) ;
#531 = PRODUCT_DEFINITION ( 'UNKNOWN', '', #957, #790 ) ;
#532 = DIRECTION ( 'NONE',  ( 0.000000000000000000, -1.000000000000000000, 0.000000000000000000 ) ) ;
#533 = CARTESIAN_POINT ( 'NONE',  ( -0.7500000000000001110, -0.2286978604307551566, -0.2026708329630633743 ) ) ;
#534 = PLANE ( 'NONE',  #231 ) ;
#535 = ORIENTED_EDGE ( 'NONE', *, *, #827, .F. ) ;
#536 = DIRECTION ( 'NONE',  ( 0.000000000000000000, 1.000000000000000000, 0.000000000000000000 ) ) ;
#537 = CARTESIAN_POINT ( 'NONE',  ( -0.6799999999999999378, -0.04599999999999999922, 0.1559999999999999998 ) ) ;
#538 = EDGE_CURVE ( 'NONE', #431, #1726, #298, .T. ) ;
#539 = CARTESIAN_POINT ( 'NONE',  ( -0.6799999999999999378, 5.384584486650251585E-17, -0.1559999999999999998 ) ) ;
#540 = VERTEX_POINT ( 'NONE', #291 ) ;
#541 = EDGE_LOOP ( 'NONE', ( #1970, #1656, #868, #808 ) ) ;
#542 = FACE_OUTER_BOUND ( 'NONE', #1181, .T. ) ;
#543 = PLANE ( 'NONE',  #523 ) ;
#544 = EDGE_CURVE ( 'NONE', #682, #546, #1555, .T. ) ;
#545 = CARTESIAN_POINT ( 'NONE',  ( -0.6799999999999999378, -0.2000000000000000111, -0.2345000000000000140 ) ) ;
#546 = VERTEX_POINT ( 'NONE', #633 ) ;
#547 = CARTESIAN_POINT ( 'NONE',  ( -0.6500000000000000222, -0.6100000000000000977, 0.07000000000000000666 ) ) ;
#548 = SURFACE_STYLE_USAGE ( .BOTH. , #706 ) ;
#549 = CARTESIAN_POINT ( 'NONE',  ( 0.7500000000000001110, -0.03544629128157705117, 0.2860809198232417416 ) ) ;
#550 = EDGE_LOOP ( 'NONE', ( #1907, #198, #614, #24 ) ) ;
#551 = VERTEX_POINT ( 'NONE', #772 ) ;
#552 = EDGE_CURVE ( 'NONE', #744, #431, #1436, .T. ) ;
#553 = CARTESIAN_POINT ( 'NONE',  ( 0.6799999999999999378, -0.04599999999999999922, -0.2740000000000000213 ) ) ;
#554 = DIRECTION ( 'NONE',  ( 0.000000000000000000, 0.000000000000000000, -1.000000000000000000 ) ) ;
#555 = DIRECTION ( 'NONE',  ( 0.000000000000000000, -8.537024980200825762E-16, 1.000000000000000000 ) ) ;
#556 = ORIENTED_EDGE ( 'NONE', *, *, #1948, .T. ) ;
#557 = LINE ( 'NONE', #258, #100 ) ;
#558 = ADVANCED_FACE ( 'NONE', ( #1873 ), #1278, .T. ) ;
#559 = DIRECTION ( 'NONE',  ( 0.000000000000000000, 0.9946614699042773955, -0.1031918615388937449 ) ) ;
#560 = ADVANCED_FACE ( 'NONE', ( #953 ), #1084, .T. ) ;
#561 = ORIENTED_EDGE ( 'NONE', *, *, #2029, .F. ) ;
#562 = ORIENTED_EDGE ( 'NONE', *, *, #1288, .F. ) ;
#563 = CARTESIAN_POINT ( 'NONE',  ( 0.6799999999999999378, 2.776253713264901544E-17, -0.1000000000000000056 ) ) ;
#564 = VECTOR ( 'NONE', #1634, 39.37007874015748143 ) ;
#565 = VECTOR ( 'NONE', #515, 39.37007874015748143 ) ;
#566 = VECTOR ( 'NONE', #602, 39.37007874015748143 ) ;
#567 = AXIS2_PLACEMENT_3D ( 'NONE', #1797, #1818, #860 ) ;
#568 = CARTESIAN_POINT ( 'NONE',  ( -0.6799999999999999378, -0.04599999999999999922, 0.2740000000000000213 ) ) ;
#569 = EDGE_CURVE ( 'NONE', #1949, #600, #946, .T. ) ;
#570 = LINE ( 'NONE', #1486, #1819 ) ;
#571 = EDGE_LOOP ( 'NONE', ( #1672, #1351, #776, #598 ) ) ;
#572 = CARTESIAN_POINT ( 'NONE',  ( -0.6799999999999999378, -0.6100000000000000977, -0.07000000000000000666 ) ) ;
#573 = CARTESIAN_POINT ( 'NONE',  ( 0.7500000000000001110, -0.6400000000000000133, -0.1600000000000000033 ) ) ;
#574 = ORIENTED_EDGE ( 'NONE', *, *, #103, .T. ) ;
#575 = LINE ( 'NONE', #710, #1843 ) ;
#576 = CARTESIAN_POINT ( 'NONE',  ( -0.7100000000000000755, -0.6400000000000000133, 0.1000000000000000056 ) ) ;
#577 = DIRECTION ( 'NONE',  ( 0.000000000000000000, 1.000000000000000000, 0.000000000000000000 ) ) ;
#578 = EDGE_CURVE ( 'NONE', #1632, #1444, #5, .T. ) ;
#579 = CARTESIAN_POINT ( 'NONE',  ( -0.7100000000000000755, -0.4799999999999999822, 0.1000000000000000056 ) ) ;
#580 = CARTESIAN_POINT ( 'NONE',  ( 0.7100000000000000755, 5.623980552162425652E-18, 0.1000000000000000056 ) ) ;
#581 = ORIENTED_EDGE ( 'NONE', *, *, #1405, .T. ) ;
#582 = DIRECTION ( 'NONE',  ( 0.000000000000000000, 1.000000000000000000, 0.000000000000000000 ) ) ;
#583 = CARTESIAN_POINT ( 'NONE',  ( 0.7100000000000000755, -0.3800000000000000600, 0.1000000000000000056 ) ) ;
#584 = ORIENTED_EDGE ( 'NONE', *, *, #1306, .F. ) ;
#585 = LINE ( 'NONE', #1840, #1906 ) ;
#586 = DIRECTION ( 'NONE',  ( 0.000000000000000000, -1.000000000000000000, -4.596859604723519820E-16 ) ) ;
#587 = FACE_OUTER_BOUND ( 'NONE', #895, .T. ) ;
#588 = ORIENTED_EDGE ( 'NONE', *, *, #1609, .F. ) ;
#589 = LINE ( 'NONE', #400, #1425 ) ;
#590 = VERTEX_POINT ( 'NONE', #1271 ) ;
#591 = DIRECTION ( 'NONE',  ( -1.000000000000000000, 0.000000000000000000, 0.000000000000000000 ) ) ;
#592 = VECTOR ( 'NONE', #1834, 39.37007874015748143 ) ;
#593 = VECTOR ( 'NONE', #1028, 39.37007874015748143 ) ;
#594 = EDGE_CURVE ( 'NONE', #505, #322, #625, .T. ) ;
#595 =( NAMED_UNIT ( * ) PLANE_ANGLE_UNIT ( ) SI_UNIT ( $, .RADIAN. ) );
#596 = AXIS2_PLACEMENT_3D ( 'NONE', #903, #1830, #1177 ) ;
#597 = LINE ( 'NONE', #1543, #663 ) ;
#598 = ORIENTED_EDGE ( 'NONE', *, *, #1145, .F. ) ;
#599 = VECTOR ( 'NONE', #1712, 39.37007874015748143 ) ;
#600 = VERTEX_POINT ( 'NONE', #312 ) ;
#601 = CARTESIAN_POINT ( 'NONE',  ( -0.7500000000000001110, -0.02999999999999999889, -0.2740000000000000213 ) ) ;
#602 = DIRECTION ( 'NONE',  ( 0.000000000000000000, 0.000000000000000000, -1.000000000000000000 ) ) ;
#603 = ORIENTED_EDGE ( 'NONE', *, *, #166, .F. ) ;
#604 = DIRECTION ( 'NONE',  ( -1.000000000000000000, 0.000000000000000000, 0.000000000000000000 ) ) ;
#605 = EDGE_CURVE ( 'NONE', #1114, #920, #1574, .T. ) ;
#606 = EDGE_CURVE ( 'NONE', #409, #82, #366, .T. ) ;
#607 = CARTESIAN_POINT ( 'NONE',  ( -0.6799999999999999378, -4.627493323389724556E-18, 0.1559999999999999998 ) ) ;
#608 = ORIENTED_EDGE ( 'NONE', *, *, #38, .T. ) ;
#609 = ORIENTED_EDGE ( 'NONE', *, *, #746, .F. ) ;
#610 = CARTESIAN_POINT ( 'NONE',  ( -0.7100000000000000755, -0.6400000000000000133, 0.1000000000000000056 ) ) ;
#611 = EDGE_CURVE ( 'NONE', #152, #590, #188, .T. ) ;
#612 = EDGE_CURVE ( 'NONE', #1684, #775, #816, .T. ) ;
#613 = CARTESIAN_POINT ( 'NONE',  ( 0.6500000000000000222, -0.6100000000000000977, 0.07000000000000000666 ) ) ;
#614 = ORIENTED_EDGE ( 'NONE', *, *, #1842, .T. ) ;
#615 = CYLINDRICAL_SURFACE ( 'NONE', #1611, 0.02999999999999999889 ) ;
#616 = DIRECTION ( 'NONE',  ( 0.000000000000000000, -1.000000000000000000, 0.000000000000000000 ) ) ;
#617 = SURFACE_STYLE_FILL_AREA ( #1723 ) ;
#618 = LINE ( 'NONE', #1874, #1395 ) ;
#619 = EDGE_LOOP ( 'NONE', ( #316, #1313, #888, #297, #642, #1928, #1126, #1391, #1510, #1058, #1456, #388, #1727, #1004, #41, #561, #947, #1409, #764, #644, #1963, #1871 ) ) ;
#620 = ORIENTED_EDGE ( 'NONE', *, *, #1584, .F. ) ;
#621 = CARTESIAN_POINT ( 'NONE',  ( 0.7100000000000000755, -0.6400000000000000133, 0.1000000000000000056 ) ) ;
#622 = EDGE_CURVE ( 'NONE', #377, #453, #44, .T. ) ;
#623 = EDGE_LOOP ( 'NONE', ( #1230, #1418, #813, #975, #1094, #1627, #838, #168, #1342, #581 ) ) ;
#624 = LINE ( 'NONE', #1419, #2040 ) ;
#625 = LINE ( 'NONE', #1254, #654 ) ;
#626 = AXIS2_PLACEMENT_3D ( 'NONE', #843, #1908, #854 ) ;
#627 = DIRECTION ( 'NONE',  ( -1.000000000000000000, 0.000000000000000000, 0.000000000000000000 ) ) ;
#628 = EDGE_CURVE ( 'NONE', #348, #1632, #70, .T. ) ;
#629 = VECTOR ( 'NONE', #1222, 39.37007874015748143 ) ;
#630 = AXIS2_PLACEMENT_3D ( 'NONE', #337, #1442, #640 ) ;
#631 = VERTEX_POINT ( 'NONE', #344 ) ;
#632 = CARTESIAN_POINT ( 'NONE',  ( 0.7500000000000001110, -0.04599999999999999922, 0.1000000000000000056 ) ) ;
#633 = CARTESIAN_POINT ( 'NONE',  ( 0.6799999999999999378, -0.6400000000000000133, -0.07000000000000000666 ) ) ;
#634 = EDGE_LOOP ( 'NONE', ( #1350, #36, #340, #603 ) ) ;
#635 = CARTESIAN_POINT ( 'NONE',  ( 0.7100000000000000755, 0.000000000000000000, -0.1000000000000000056 ) ) ;
#636 = VERTEX_POINT ( 'NONE', #1443 ) ;
#637 = EDGE_CURVE ( 'NONE', #1241, #1684, #1455, .T. ) ;
#638 = ORIENTED_EDGE ( 'NONE', *, *, #17, .F. ) ;
#639 = CARTESIAN_POINT ( 'NONE',  ( 0.7500000000000001110, -0.03130637582932586926, -0.2803456838264684614 ) ) ;
#640 = DIRECTION ( 'NONE',  ( -1.000000000000000000, 0.000000000000000000, 0.000000000000000000 ) ) ;
#641 = CARTESIAN_POINT ( 'NONE',  ( -0.6799999999999999378, -0.5150000000000000133, -0.2740000000000000213 ) ) ;
#642 = ORIENTED_EDGE ( 'NONE', *, *, #538, .F. ) ;
#643 = DIRECTION ( 'NONE',  ( 0.000000000000000000, -1.000000000000000000, 0.000000000000000000 ) ) ;
#644 = ORIENTED_EDGE ( 'NONE', *, *, #31, .F. ) ;
#645 = CARTESIAN_POINT ( 'NONE',  ( -0.6799999999999999378, -0.2000000000000000111, -0.3200000000000000067 ) ) ;
#646 = LINE ( 'NONE', #170, #1650 ) ;
#647 = LINE ( 'NONE', #788, #132 ) ;
#648 = ORIENTED_EDGE ( 'NONE', *, *, #906, .T. ) ;
#649 = CARTESIAN_POINT ( 'NONE',  ( 0.7500000000000001110, -0.6400000000000000133, 0.1000000000000000056 ) ) ;
#650 = CARTESIAN_POINT ( 'NONE',  ( 0.6799999999999999378, -0.6100000000000000977, -0.07000000000000000666 ) ) ;
#651 = CARTESIAN_POINT ( 'NONE',  ( 0.7199999999999999734, -0.04599999999999999922, 0.3200000000000000067 ) ) ;
#652 = VECTOR ( 'NONE', #1649, 39.37007874015748143 ) ;
#653 = VECTOR ( 'NONE', #303, 39.37007874015748143 ) ;
#654 = VECTOR ( 'NONE', #1884, 39.37007874015748143 ) ;
#655 = VERTEX_POINT ( 'NONE', #1904 ) ;
#656 = CARTESIAN_POINT ( 'NONE',  ( -0.7500000000000001110, -0.6400000000000000133, -0.1000000000000000056 ) ) ;
#657 = EDGE_CURVE ( 'NONE', #409, #2045, #1719, .T. ) ;
#658 =( LENGTH_UNIT ( ) NAMED_UNIT ( * ) SI_UNIT ( $, .METRE. ) );
#659 = AXIS2_PLACEMENT_3D ( 'NONE', #553, #1365, #1988 ) ;
#660 = DIRECTION ( 'NONE',  ( 0.7071067811865510144, 0.7071067811865440200, 0.000000000000000000 ) ) ;
#661 = ORIENTED_EDGE ( 'NONE', *, *, #1506, .T. ) ;
#662 = LINE ( 'NONE', #1438, #1317 ) ;
#663 = VECTOR ( 'NONE', #1109, 39.37007874015748143 ) ;
#664 = EDGE_CURVE ( 'NONE', #1074, #1364, #1952, .T. ) ;
#665 = CARTESIAN_POINT ( 'NONE',  ( 0.6500000000000000222, -0.6100000000000000977, -0.07000000000000000666 ) ) ;
#666 = ADVANCED_FACE ( 'NONE', ( #1789 ), #1605, .T. ) ;
#667 = CARTESIAN_POINT ( 'NONE',  ( 0.6799999999999999378, -0.3800000000000000600, 0.1000000000000000056 ) ) ;
#668 = EDGE_LOOP ( 'NONE', ( #1212, #1603, #671, #704 ) ) ;
#669 = CARTESIAN_POINT ( 'NONE',  ( 0.7500000000000001110, -0.04599999999999999922, 0.2900000000000000355 ) ) ;
#670 = DIRECTION ( 'NONE',  ( -1.000000000000000000, 0.000000000000000000, 0.000000000000000000 ) ) ;
#671 = ORIENTED_EDGE ( 'NONE', *, *, #1040, .F. ) ;
#672 = VERTEX_POINT ( 'NONE', #864 ) ;
#673 = DIRECTION ( 'NONE',  ( 0.000000000000000000, 0.000000000000000000, 1.000000000000000000 ) ) ;
#674 = EDGE_CURVE ( 'NONE', #1329, #717, #34, .T. ) ;
#675 = FACE_OUTER_BOUND ( 'NONE', #1738, .T. ) ;
#676 = LINE ( 'NONE', #64, #134 ) ;
#677 = ORIENTED_EDGE ( 'NONE', *, *, #378, .T. ) ;
#678 = CARTESIAN_POINT ( 'NONE',  ( -0.7499999999999998890, -0.03662741699796948774, 0.2899999999999999245 ) ) ;
#679 = LINE ( 'NONE', #511, #991 ) ;
#680 = ADVANCED_FACE ( 'NONE', ( #496 ), #1129, .T. ) ;
#681 = CARTESIAN_POINT ( 'NONE',  ( 0.7500000000000001110, -0.6400000000000000133, -0.1000000000000000056 ) ) ;
#682 = VERTEX_POINT ( 'NONE', #1002 ) ;
#683 = ORIENTED_EDGE ( 'NONE', *, *, #968, .F. ) ;
#684 = DIRECTION ( 'NONE',  ( 1.000000000000000000, 0.000000000000000000, 0.000000000000000000 ) ) ;
#685 = CARTESIAN_POINT ( 'NONE',  ( -0.7500000000000001110, -0.6400000000000000133, 0.1600000000000000033 ) ) ;
#686 = FACE_OUTER_BOUND ( 'NONE', #1068, .T. ) ;
#687 = ORIENTED_EDGE ( 'NONE', *, *, #1413, .T. ) ;
#688 = LINE ( 'NONE', #1191, #356 ) ;
#689 = VECTOR ( 'NONE', #604, 39.37007874015748143 ) ;
#690 = DIRECTION ( 'NONE',  ( 0.000000000000000000, -1.000000000000000000, 0.000000000000000000 ) ) ;
#691 = CARTESIAN_POINT ( 'NONE',  ( -0.7500000000000001110, -0.03810437570066122631, -0.2879273947089700525 ) ) ;
#692 = PRESENTATION_LAYER_ASSIGNMENT (  '', '', ( #1686 ) ) ;
#693 = VECTOR ( 'NONE', #2036, 39.37007874015748143 ) ;
#694 = ORIENTED_EDGE ( 'NONE', *, *, #1973, .T. ) ;
#695 = ORIENTED_EDGE ( 'NONE', *, *, #1887, .T. ) ;
#696 = DIRECTION ( 'NONE',  ( 0.000000000000000000, 0.000000000000000000, -1.000000000000000000 ) ) ;
#697 = VECTOR ( 'NONE', #1773, 39.37007874015748143 ) ;
#698 = VECTOR ( 'NONE', #845, 39.37007874015748143 ) ;
#699 = CARTESIAN_POINT ( 'NONE',  ( -0.7100000000000000755, -0.3800000000000000600, 0.1000000000000000056 ) ) ;
#700 = CARTESIAN_POINT ( 'NONE',  ( 0.6799999999999999378, -0.04599999999999999922, 0.07000000000000000666 ) ) ;
#701 = LINE ( 'NONE', #1052, #762 ) ;
#702 = ADVANCED_BREP_SHAPE_REPRESENTATION ( '108C', ( #1199, #425 ), #1781 ) ;
#703 = DIRECTION ( 'NONE',  ( 0.000000000000000000, 0.000000000000000000, -1.000000000000000000 ) ) ;
#704 = ORIENTED_EDGE ( 'NONE', *, *, #192, .T. ) ;
#705 = PLANE ( 'NONE',  #1091 ) ;
#706 = SURFACE_SIDE_STYLE ('',( #1960 ) ) ;
#707 = DIRECTION ( 'NONE',  ( 0.000000000000000000, 0.000000000000000000, -1.000000000000000000 ) ) ;
#708 = ORIENTED_EDGE ( 'NONE', *, *, #1145, .T. ) ;
#709 = ORIENTED_EDGE ( 'NONE', *, *, #1875, .F. ) ;
#710 = CARTESIAN_POINT ( 'NONE',  ( 0.6799999999999999378, -0.5150000000000000133, -0.2740000000000000213 ) ) ;
#711 = DIRECTION ( 'NONE',  ( 0.000000000000000000, 0.000000000000000000, -1.000000000000000000 ) ) ;
#712 = EDGE_CURVE ( 'NONE', #401, #1994, #1756, .T. ) ;
#713 = LINE ( 'NONE', #1662, #592 ) ;
#714 = VERTEX_POINT ( 'NONE', #840 ) ;
#715 = DIRECTION ( 'NONE',  ( 1.000000000000000000, 0.000000000000000000, 0.000000000000000000 ) ) ;
#716 = CARTESIAN_POINT ( 'NONE',  ( 0.6799999999999999378, -0.6400000000000000133, -0.2740000000000000213 ) ) ;
#717 = VERTEX_POINT ( 'NONE', #974 ) ;
#718 = ORIENTED_EDGE ( 'NONE', *, *, #1050, .F. ) ;
#719 = CARTESIAN_POINT ( 'NONE',  ( -0.7199999999999999734, 0.000000000000000000, 0.2740000000000000213 ) ) ;
#720 = CARTESIAN_POINT ( 'NONE',  ( 0.7499999999999998890, -0.02633304448274096168, -0.3075735931288069991 ) ) ;
#721 = DIRECTION ( 'NONE',  ( 1.000000000000000000, 0.000000000000000000, 0.000000000000000000 ) ) ;
#722 = ORIENTED_EDGE ( 'NONE', *, *, #1076, .F. ) ;
#723 = FACE_OUTER_BOUND ( 'NONE', #634, .T. ) ;
#724 = CARTESIAN_POINT ( 'NONE',  ( 0.7500000000000001110, -0.04389833032525417705, 0.2899830297966314863 ) ) ;
#725 = ORIENTED_EDGE ( 'NONE', *, *, #1138, .F. ) ;
#726 = DIRECTION ( 'NONE',  ( 1.000000000000000000, 0.000000000000000000, 5.691349986800559712E-16 ) ) ;
#727 = ADVANCED_FACE ( 'NONE', ( #1294 ), #1799, .F. ) ;
#728 = VECTOR ( 'NONE', #1075, 39.37007874015748143 ) ;
#729 = VECTOR ( 'NONE', #1474, 39.37007874015748143 ) ;
#730 = DIRECTION ( 'NONE',  ( 0.7071067811865440200, -0.7071067811865510144, 0.000000000000000000 ) ) ;
#731 = AXIS2_PLACEMENT_3D ( 'NONE', #519, #52, #1787 ) ;
#732 = CARTESIAN_POINT ( 'NONE',  ( 0.6799999999999999378, -0.6100000000000000977, 0.07000000000000000666 ) ) ;
#733 = DIRECTION ( 'NONE',  ( 0.000000000000000000, 0.000000000000000000, 1.000000000000000000 ) ) ;
#734 = ORIENTED_EDGE ( 'NONE', *, *, #1759, .F. ) ;
#735 = PLANE ( 'NONE',  #596 ) ;
#736 = DIRECTION ( 'NONE',  ( -1.000000000000000000, 0.000000000000000000, 0.000000000000000000 ) ) ;
#737 = ORIENTED_EDGE ( 'NONE', *, *, #926, .F. ) ;
#738 = CARTESIAN_POINT ( 'NONE',  ( -0.6500000000000000222, -0.6400000000000000133, 0.07000000000000000666 ) ) ;
#739 = DIRECTION ( 'NONE',  ( 0.000000000000000000, -0.9946614699042773955, -0.1031918615388939531 ) ) ;
#740 = CARTESIAN_POINT ( 'NONE',  ( 0.7499999999999998890, -0.04599999999999999922, 0.3075735931288072211 ) ) ;
#741 = ORIENTED_EDGE ( 'NONE', *, *, #1697, .F. ) ;
#742 = CARTESIAN_POINT ( 'NONE',  ( -0.6799999999999999378, -0.2286978604307555174, 0.2026708329630633743 ) ) ;
#743 = CARTESIAN_POINT ( 'NONE',  ( 0.7199999999999999734, 6.996654561220768289E-18, 0.2740000000000000213 ) ) ;
#744 = VERTEX_POINT ( 'NONE', #1927 ) ;
#745 = DIRECTION ( 'NONE',  ( 0.000000000000000000, -1.000000000000000000, 0.000000000000000000 ) ) ;
#746 = EDGE_CURVE ( 'NONE', #402, #139, #512, .T. ) ;
#747 = PRODUCT ( '108C', '108C', '', ( #1593 ) ) ;
#748 = EDGE_CURVE ( 'NONE', #1291, #212, #1619, .T. ) ;
#749 =( CONVERSION_BASED_UNIT ( 'INCH', #116 ) LENGTH_UNIT ( ) NAMED_UNIT ( #224 ) );
#750 = CARTESIAN_POINT ( 'NONE',  ( 0.7100000000000000755, -0.3800000000000000600, -0.1000000000000000056 ) ) ;
#751 = ORIENTED_EDGE ( 'NONE', *, *, #1724, .F. ) ;
#752 = EDGE_CURVE ( 'NONE', #1801, #1690, #54, .T. ) ;
#753 = VERTEX_POINT ( 'NONE', #743 ) ;
#754 = EDGE_CURVE ( 'NONE', #431, #1851, #1372, .T. ) ;
#755 = CARTESIAN_POINT ( 'NONE',  ( -0.7500000000000001110, -0.04599999999999999922, -0.2900000000000000355 ) ) ;
#756 = AXIS2_PLACEMENT_3D ( 'NONE', #650, #347, #1613 ) ;
#757 = AXIS2_PLACEMENT_3D ( 'NONE', #1534, #1986, #1811 ) ;
#758 = LINE ( 'NONE', #415, #1319 ) ;
#759 = EDGE_CURVE ( 'NONE', #672, #1801, #1969, .T. ) ;
#760 =( GEOMETRIC_REPRESENTATION_CONTEXT ( 3 ) GLOBAL_UNCERTAINTY_ASSIGNED_CONTEXT ( ( #1678 ) ) GLOBAL_UNIT_ASSIGNED_CONTEXT ( ( #749, #595, #1866 ) ) REPRESENTATION_CONTEXT ( 'NONE', 'WORKASPACE' ) );
#761 = AXIS2_PLACEMENT_3D ( 'NONE', #1698, #1688, #876 ) ;
#762 = VECTOR ( 'NONE', #429, 39.37007874015748143 ) ;
#763 = LINE ( 'NONE', #1407, #599 ) ;
#764 = ORIENTED_EDGE ( 'NONE', *, *, #1887, .F. ) ;
#765 = VECTOR ( 'NONE', #1637, 39.37007874015748143 ) ;
#766 = ORIENTED_EDGE ( 'NONE', *, *, #1780, .F. ) ;
#767 = LINE ( 'NONE', #610, #426 ) ;
#768 = DIRECTION ( 'NONE',  ( -1.000000000000000000, 0.000000000000000000, 0.000000000000000000 ) ) ;
#769 = ORIENTED_EDGE ( 'NONE', *, *, #657, .F. ) ;
#770 = EDGE_CURVE ( 'NONE', #191, #1465, #1380, .T. ) ;
#771 = FACE_OUTER_BOUND ( 'NONE', #95, .T. ) ;
#772 = CARTESIAN_POINT ( 'NONE',  ( -0.7500000000000001110, -0.2286978604307555174, 0.2026708329630629857 ) ) ;
#773 = EDGE_CURVE ( 'NONE', #636, #1916, #1521, .T. ) ;
#774 = CARTESIAN_POINT ( 'NONE',  ( 0.7499999999999998890, -0.03000000000000004746, 0.2833725830020307201 ) ) ;
#775 = VERTEX_POINT ( 'NONE', #573 ) ;
#776 = ORIENTED_EDGE ( 'NONE', *, *, #530, .T. ) ;
#777 = EDGE_CURVE ( 'NONE', #207, #540, #825, .T. ) ;
#778 = CARTESIAN_POINT ( 'NONE',  ( -0.7500000000000001110, -0.04599999999999999922, 0.2900000000000000355 ) ) ;
#779 = VERTEX_POINT ( 'NONE', #238 ) ;
#780 = DIRECTION ( 'NONE',  ( -1.000000000000000000, 0.000000000000000000, 0.000000000000000000 ) ) ;
#781 = CARTESIAN_POINT ( 'NONE',  ( 0.7100000000000000755, -0.4850000000000000422, -0.1000000000000000056 ) ) ;
#782 = EDGE_CURVE ( 'NONE', #775, #1010, #247, .T. ) ;
#783 = CARTESIAN_POINT ( 'NONE',  ( -0.6799999999999999378, -0.04599999999999999922, -0.1559999999999999998 ) ) ;
#784 = ORIENTED_EDGE ( 'NONE', *, *, #1699, .F. ) ;
#785 = EDGE_LOOP ( 'NONE', ( #661, #963, #859, #1014 ) ) ;
#786 = CARTESIAN_POINT ( 'NONE',  ( -0.7199999999999999734, -0.2000000000000000111, 0.3200000000000000067 ) ) ;
#787 = DIRECTION ( 'NONE',  ( 0.000000000000000000, -0.1031918615388937588, -0.9946614699042775065 ) ) ;
#788 = CARTESIAN_POINT ( 'NONE',  ( 0.6799999999999999378, -0.04599999999999999922, 0.1559999999999999998 ) ) ;
#789 = VERTEX_POINT ( 'NONE', #1215 ) ;
#790 = PRODUCT_DEFINITION_CONTEXT ( 'detailed design', #1567, 'design' ) ;
#791 = ADVANCED_FACE ( 'NONE', ( #1820 ), #386, .F. ) ;
#792 = VECTOR ( 'NONE', #805, 39.37007874015748143 ) ;
#793 = MECHANICAL_DESIGN_GEOMETRIC_PRESENTATION_REPRESENTATION (  '', ( #1686 ), #760 ) ;
#794 = VECTOR ( 'NONE', #91, 39.37007874015748143 ) ;
#795 = CARTESIAN_POINT ( 'NONE',  ( 0.6799999999999999378, -0.6100000000000000977, -0.07000000000000000666 ) ) ;
#796 = AXIS2_PLACEMENT_3D ( 'NONE', #1012, #850, #1640 ) ;
#797 = AXIS2_PLACEMENT_3D ( 'NONE', #1165, #368, #979 ) ;
#798 = ORIENTED_EDGE ( 'NONE', *, *, #1860, .F. ) ;
#799 = CARTESIAN_POINT ( 'NONE',  ( 0.7500000000000001110, -0.03207260529103134195, -0.2818956242993409522 ) ) ;
#800 =( BOUNDED_CURVE ( )  B_SPLINE_CURVE ( 3, ( #1806, #1021, #678, #1959 ),
 .UNSPECIFIED., .F., .F. ) 
 B_SPLINE_CURVE_WITH_KNOTS ( ( 4, 4 ),
 ( 0.000000000000000000, 1.000000000000000000 ),
 .UNSPECIFIED. ) 
 CURVE ( )  GEOMETRIC_REPRESENTATION_ITEM ( )  RATIONAL_B_SPLINE_CURVE ( ( 1.000000000000000000, 0.8047378541243649375, 0.8047378541243649375, 1.000000000000000000 ) ) 
 REPRESENTATION_ITEM ( '' )  );
#801 = CARTESIAN_POINT ( 'NONE',  ( 0.6799999999999999378, -0.04599999999999999922, 0.2379623667801334941 ) ) ;
#802 = ORIENTED_EDGE ( 'NONE', *, *, #1552, .T. ) ;
#803 = LINE ( 'NONE', #500, #1326 ) ;
#804 = VERTEX_POINT ( 'NONE', #1055 ) ;
#805 = DIRECTION ( 'NONE',  ( -1.000000000000000000, 0.000000000000000000, 0.000000000000000000 ) ) ;
#806 = PLANE ( 'NONE',  #1751 ) ;
#807 = CARTESIAN_POINT ( 'NONE',  ( -0.6799999999999999378, -0.2000000000000000111, -0.3200000000000000067 ) ) ;
#808 = ORIENTED_EDGE ( 'NONE', *, *, #578, .T. ) ;
#809 = CARTESIAN_POINT ( 'NONE',  ( 0.7500000000000001110, -0.02999999999999999889, -0.2740000000000000213 ) ) ;
#810 = DIRECTION ( 'NONE',  ( 0.000000000000000000, 1.000000000000000000, 0.000000000000000000 ) ) ;
#811 = EDGE_CURVE ( 'NONE', #1851, #1416, #589, .T. ) ;
#812 = EDGE_CURVE ( 'NONE', #2021, #82, #958, .T. ) ;
#813 = ORIENTED_EDGE ( 'NONE', *, *, #811, .T. ) ;
#814 = DIRECTION ( 'NONE',  ( 0.000000000000000000, 0.000000000000000000, -1.000000000000000000 ) ) ;
#815 =( NAMED_UNIT ( * ) PLANE_ANGLE_UNIT ( ) SI_UNIT ( $, .RADIAN. ) );
#816 = LINE ( 'NONE', #830, #1393 ) ;
#817 = EDGE_CURVE ( 'NONE', #540, #878, #1120, .T. ) ;
#818 = ORIENTED_EDGE ( 'NONE', *, *, #1948, .F. ) ;
#819 = CARTESIAN_POINT ( 'NONE',  ( 0.6500000000000000222, -0.6400000000000000133, 0.1600000000000000033 ) ) ;
#820 = PLANE ( 'NONE',  #295 ) ;
#821 = DIRECTION ( 'NONE',  ( 0.000000000000000000, 0.000000000000000000, 1.000000000000000000 ) ) ;
#822 = DIRECTION ( 'NONE',  ( 0.000000000000000000, 1.000000000000000000, 0.000000000000000000 ) ) ;
#823 = AXIS2_PLACEMENT_3D ( 'NONE', #579, #1211, #416 ) ;
#824 = AXIS2_PLACEMENT_3D ( 'NONE', #1622, #1006, #1315 ) ;
#825 = CIRCLE ( 'NONE', #1977, 0.02999999999999999889 ) ;
#826 = ORIENTED_EDGE ( 'NONE', *, *, #777, .T. ) ;
#827 = EDGE_CURVE ( 'NONE', #1150, #2021, #280, .T. ) ;
#828 = CARTESIAN_POINT ( 'NONE',  ( -0.6799999999999999378, -0.2000000000000000111, -0.3200000000000000067 ) ) ;
#829 = VECTOR ( 'NONE', #68, 39.37007874015748143 ) ;
#830 = CARTESIAN_POINT ( 'NONE',  ( 0.7500000000000001110, -0.6400000000000000133, 0.1600000000000000033 ) ) ;
#831 = ORIENTED_EDGE ( 'NONE', *, *, #228, .F. ) ;
#832 = ORIENTED_EDGE ( 'NONE', *, *, #1343, .T. ) ;
#833 = LINE ( 'NONE', #1073, #265 ) ;
#834 = CARTESIAN_POINT ( 'NONE',  ( 0.7149999999999999689, -0.4799999999999999822, -0.1000000000000000056 ) ) ;
#835 = LINE ( 'NONE', #1624, #1159 ) ;
#836 = EDGE_CURVE ( 'NONE', #1801, #148, #905, .T. ) ;
#837 = EDGE_CURVE ( 'NONE', #1071, #1208, #1339, .T. ) ;
#838 = ORIENTED_EDGE ( 'NONE', *, *, #1361, .T. ) ;
#839 = FILL_AREA_STYLE_COLOUR ( '', #2014 ) ;
#840 = CARTESIAN_POINT ( 'NONE',  ( 0.7500000000000001110, -0.2000000000000000111, 0.2900000000000000355 ) ) ;
#841 = EDGE_LOOP ( 'NONE', ( #980, #718, #313, #1530 ) ) ;
#842 = ORIENTED_EDGE ( 'NONE', *, *, #1703, .T. ) ;
#843 = CARTESIAN_POINT ( 'NONE',  ( 0.7199999999999999734, -0.04599999999999999922, -0.2740000000000000213 ) ) ;
#844 = EDGE_CURVE ( 'NONE', #1232, #1967, #2037, .T. ) ;
#845 = DIRECTION ( 'NONE',  ( 0.000000000000000000, 0.000000000000000000, 1.000000000000000000 ) ) ;
#846 = FACE_OUTER_BOUND ( 'NONE', #949, .T. ) ;
#847 = DIRECTION ( 'NONE',  ( 0.000000000000000000, 1.000000000000000000, 3.414809992080330502E-16 ) ) ;
#848 = EDGE_LOOP ( 'NONE', ( #818, #2041, #479, #1476 ) ) ;
#849 = DIRECTION ( 'NONE',  ( -1.000000000000000000, 0.000000000000000000, 0.000000000000000000 ) ) ;
#850 = DIRECTION ( 'NONE',  ( -1.000000000000000000, 0.000000000000000000, 0.000000000000000000 ) ) ;
#851 = CARTESIAN_POINT ( 'NONE',  ( -0.7149999999999999689, -0.4799999999999999822, 0.1000000000000000056 ) ) ;
#852 = VERTEX_POINT ( 'NONE', #1983 ) ;
#853 = ORIENTED_EDGE ( 'NONE', *, *, #1926, .F. ) ;
#854 = DIRECTION ( 'NONE',  ( 0.000000000000000000, 0.000000000000000000, -1.000000000000000000 ) ) ;
#855 = EDGE_CURVE ( 'NONE', #1690, #35, #411, .T. ) ;
#856 = CARTESIAN_POINT ( 'NONE',  ( -0.6500000000000000222, -0.6100000000000000977, 0.07000000000000000666 ) ) ;
#857 = DIRECTION ( 'NONE',  ( 0.000000000000000000, 0.000000000000000000, -1.000000000000000000 ) ) ;
#858 = CARTESIAN_POINT ( 'NONE',  ( 0.6799999999999999378, -0.04599999999999999922, -0.1559999999999999998 ) ) ;
#859 = ORIENTED_EDGE ( 'NONE', *, *, #836, .T. ) ;
#860 = DIRECTION ( 'NONE',  ( 0.000000000000000000, 1.000000000000000000, 0.000000000000000000 ) ) ;
#861 = AXIS2_PLACEMENT_3D ( 'NONE', #184, #1753, #1285 ) ;
#862 = VECTOR ( 'NONE', #403, 39.37007874015748143 ) ;
#863 = LINE ( 'NONE', #1653, #1785 ) ;
#864 = CARTESIAN_POINT ( 'NONE',  ( -0.6799999999999999378, 1.601552481137472415E-17, -0.1000000000000000056 ) ) ;
#865 = VECTOR ( 'NONE', #1803, 39.37007874015748143 ) ;
#866 = AXIS2_PLACEMENT_3D ( 'NONE', #922, #768, #1400 ) ;
#867 = VERTEX_POINT ( 'NONE', #122 ) ;
#868 = ORIENTED_EDGE ( 'NONE', *, *, #1473, .T. ) ;
#869 = CARTESIAN_POINT ( 'NONE',  ( -0.6799999999999999378, -0.04599999999999999922, -0.2379623667801334941 ) ) ;
#870 = VECTOR ( 'NONE', #197, 39.37007874015748143 ) ;
#871 = CIRCLE ( 'NONE', #396, 0.03199999999999999373 ) ;
#872 = LINE ( 'NONE', #1645, #1088 ) ;
#873 = DIRECTION ( 'NONE',  ( 0.000000000000000000, -0.9946614699042773955, 0.1031918615388937449 ) ) ;
#874 = ORIENTED_EDGE ( 'NONE', *, *, #782, .T. ) ;
#875 = CARTESIAN_POINT ( 'NONE',  ( -0.6799999999999999378, -0.2000000000000000111, 0.2880000000000000338 ) ) ;
#876 = DIRECTION ( 'NONE',  ( 0.000000000000000000, -1.138269997360110167E-15, -1.000000000000000000 ) ) ;
#877 = ORIENTED_EDGE ( 'NONE', *, *, #228, .T. ) ;
#878 = VERTEX_POINT ( 'NONE', #1808 ) ;
#879 = FACE_OUTER_BOUND ( 'NONE', #1971, .T. ) ;
#880 = DIRECTION ( 'NONE',  ( 0.000000000000000000, 1.000000000000000000, 0.000000000000000000 ) ) ;
#881 = CARTESIAN_POINT ( 'NONE',  ( -0.7500000000000001110, -0.2000000000000000111, 0.2900000000000000355 ) ) ;
#882 = EDGE_CURVE ( 'NONE', #852, #1708, #2011, .T. ) ;
#883 = ORIENTED_EDGE ( 'NONE', *, *, #1133, .T. ) ;
#884 = DIRECTION ( 'NONE',  ( 1.000000000000000000, 0.000000000000000000, 0.000000000000000000 ) ) ;
#885 = DIRECTION ( 'NONE',  ( 1.000000000000000000, 0.000000000000000000, 0.000000000000000000 ) ) ;
#886 = ORIENTED_EDGE ( 'NONE', *, *, #1413, .F. ) ;
#887 = VERTEX_POINT ( 'NONE', #742 ) ;
#888 = ORIENTED_EDGE ( 'NONE', *, *, #103, .F. ) ;
#889 = EDGE_CURVE ( 'NONE', #779, #1196, #1371, .T. ) ;
#890 = CARTESIAN_POINT ( 'NONE',  ( 0.7500000000000001110, -0.04599999999999999922, -0.2900000000000000355 ) ) ;
#891 = CARTESIAN_POINT ( 'NONE',  ( -0.7500000000000001110, -0.2320000000000000118, -0.2345000000000000140 ) ) ;
#892 = ORIENTED_EDGE ( 'NONE', *, *, #1569, .T. ) ;
#893 = CARTESIAN_POINT ( 'NONE',  ( -0.7499999999999998890, -0.03662741699796953632, -0.2899999999999999245 ) ) ;
#894 = CARTESIAN_POINT ( 'NONE',  ( 0.7500000000000001110, -0.6400000000000000133, -0.1600000000000000033 ) ) ;
#895 = EDGE_LOOP ( 'NONE', ( #223, #67, #1939, #1642, #1778, #1488, #1411, #1065 ) ) ;
#896 = CARTESIAN_POINT ( 'NONE',  ( -0.7200000000000006395, 2.000349380433494368E-17, 0.3009461761308375727 ) ) ;
#897 = VECTOR ( 'NONE', #332, 39.37007874015748143 ) ;
#898 = VECTOR ( 'NONE', #582, 39.37007874015748143 ) ;
#899 =( GEOMETRIC_REPRESENTATION_CONTEXT ( 3 ) GLOBAL_UNCERTAINTY_ASSIGNED_CONTEXT ( ( #414 ) ) GLOBAL_UNIT_ASSIGNED_CONTEXT ( ( #179, #815, #1743 ) ) REPRESENTATION_CONTEXT ( 'NONE', 'WORKASPACE' ) );
#900 = CARTESIAN_POINT ( 'NONE',  ( 0.7199999999999996403, 2.000349380433496525E-17, -0.3009461761308375727 ) ) ;
#901 = CARTESIAN_POINT ( 'NONE',  ( 0.6799999999999999378, 2.199848619682645614E-17, -0.1559999999999999998 ) ) ;
#902 = ORIENTED_EDGE ( 'NONE', *, *, #1401, .F. ) ;
#903 = CARTESIAN_POINT ( 'NONE',  ( 0.7500000000000001110, -0.6400000000000000133, 0.1600000000000000033 ) ) ;
#904 = EDGE_CURVE ( 'NONE', #779, #55, #441, .T. ) ;
#905 = LINE ( 'NONE', #1532, #355 ) ;
#906 = EDGE_CURVE ( 'NONE', #525, #55, #1992, .T. ) ;
#907 = VERTEX_POINT ( 'NONE', #1213 ) ;
#908 = CARTESIAN_POINT ( 'NONE',  ( -0.6799999999999999378, -0.6100000000000000977, -0.07000000000000000666 ) ) ;
#909 = EDGE_CURVE ( 'NONE', #212, #907, #767, .T. ) ;
#910 = LINE ( 'NONE', #307, #1491 ) ;
#911 = ORIENTED_EDGE ( 'NONE', *, *, #1359, .F. ) ;
#912 = DIRECTION ( 'NONE',  ( 0.000000000000000000, -1.000000000000000000, 0.000000000000000000 ) ) ;
#913 = CARTESIAN_POINT ( 'NONE',  ( 0.7500000000000001110, -0.03003572780975315160, 0.2784246997324500428 ) ) ;
#914 = ORIENTED_EDGE ( 'NONE', *, *, #817, .T. ) ;
#915 = LINE ( 'NONE', #1709, #689 ) ;
#916 = CARTESIAN_POINT ( 'NONE',  ( -0.6799999999999999378, -0.04599999999999999922, -0.2379623667801334941 ) ) ;
#917 = FACE_OUTER_BOUND ( 'NONE', #1096, .T. ) ;
#918 = ADVANCED_FACE ( 'NONE', ( #1240 ), #1566, .T. ) ;
#919 = ORIENTED_EDGE ( 'NONE', *, *, #1909, .F. ) ;
#920 = VERTEX_POINT ( 'NONE', #1519 ) ;
#921 = CARTESIAN_POINT ( 'NONE',  ( -0.7500000000000008882, -0.02633304448274097556, -0.3075735931288074987 ) ) ;
#922 = CARTESIAN_POINT ( 'NONE',  ( -0.6799999999999999378, -0.04599999999999999922, -0.2740000000000000213 ) ) ;
#923 = VERTEX_POINT ( 'NONE', #1837 ) ;
#924 = LINE ( 'NONE', #1735, #1879 ) ;
#925 = CARTESIAN_POINT ( 'NONE',  ( 0.6799999999999999378, -0.04599999999999999922, -0.07000000000000000666 ) ) ;
#926 = EDGE_CURVE ( 'NONE', #89, #466, #418, .T. ) ;
#927 = VECTOR ( 'NONE', #1771, 39.37007874015748143 ) ;
#928 = VECTOR ( 'NONE', #745, 39.37007874015748143 ) ;
#929 = VECTOR ( 'NONE', #1396, 39.37007874015748143 ) ;
#930 = VECTOR ( 'NONE', #469, 39.37007874015748143 ) ;
#931 = VECTOR ( 'NONE', #1999, 39.37007874015748143 ) ;
#932 = DIRECTION ( 'NONE',  ( -1.000000000000000000, 0.000000000000000000, 0.000000000000000000 ) ) ;
#933 = VERTEX_POINT ( 'NONE', #102 ) ;
#934 = EDGE_LOOP ( 'NONE', ( #911, #328, #1176, #239 ) ) ;
#935 = LINE ( 'NONE', #613, #1911 ) ;
#936 = ORIENTED_EDGE ( 'NONE', *, *, #252, .T. ) ;
#937 = DIRECTION ( 'NONE',  ( 0.000000000000000000, -1.000000000000000000, 0.000000000000000000 ) ) ;
#938 = EDGE_CURVE ( 'NONE', #1010, #473, #121, .T. ) ;
#939 = CYLINDRICAL_SURFACE ( 'NONE', #1195, 0.03199999999999999373 ) ;
#940 = FILL_AREA_STYLE_COLOUR ( '', #458 ) ;
#941 = CARTESIAN_POINT ( 'NONE',  ( 0.7375735931288069924, -0.04599999999999999922, 0.3200000000000000622 ) ) ;
#942 = ORIENTED_EDGE ( 'NONE', *, *, #1526, .F. ) ;
#943 = ORIENTED_EDGE ( 'NONE', *, *, #48, .T. ) ;
#944 = CARTESIAN_POINT ( 'NONE',  ( 0.7100000000000000755, -0.3800000000000000600, -0.1000000000000000056 ) ) ;
#945 = ADVANCED_FACE ( 'NONE', ( #1387 ), #735, .F. ) ;
#946 = LINE ( 'NONE', #801, #60 ) ;
#947 = ORIENTED_EDGE ( 'NONE', *, *, #605, .F. ) ;
#948 = FACE_OUTER_BOUND ( 'NONE', #1461, .T. ) ;
#949 = EDGE_LOOP ( 'NONE', ( #1935, #737, #1020, #1888 ) ) ;
#950 = ORIENTED_EDGE ( 'NONE', *, *, #1050, .T. ) ;
#951 = CARTESIAN_POINT ( 'NONE',  ( 0.7500000000000001110, -0.2286978604307551566, 0.2026708329630633743 ) ) ;
#952 = CARTESIAN_POINT ( 'NONE',  ( -0.7199999999999999734, -0.04599999999999999922, -0.3200000000000000067 ) ) ;
#953 = FACE_OUTER_BOUND ( 'NONE', #249, .T. ) ;
#954 = ORIENTED_EDGE ( 'NONE', *, *, #1703, .F. ) ;
#955 = AXIS2_PLACEMENT_3D ( 'NONE', #978, #1, #1459 ) ;
#956 = CIRCLE ( 'NONE', #1223, 0.03199999999999999373 ) ;
#957 = PRODUCT_DEFINITION_FORMATION_WITH_SPECIFIED_SOURCE ( 'ANY', '', #747, .NOT_KNOWN. ) ;
#958 = CIRCLE ( 'NONE', #761, 0.02999999999999998848 ) ;
#959 = PLANE ( 'NONE',  #955 ) ;
#960 = AXIS2_PLACEMENT_3D ( 'NONE', #1147, #1937, #53 ) ;
#961 = VECTOR ( 'NONE', #932, 39.37007874015748143 ) ;
#962 = EDGE_CURVE ( 'NONE', #207, #450, #800, .T. ) ;
#963 = ORIENTED_EDGE ( 'NONE', *, *, #752, .F. ) ;
#964 = CARTESIAN_POINT ( 'NONE',  ( 0.7199999999999999734, -0.04599999999999999922, 0.2900000000000000355 ) ) ;
#965 = LINE ( 'NONE', #1077, #1089 ) ;
#966 = ORIENTED_EDGE ( 'NONE', *, *, #904, .F. ) ;
#967 = CARTESIAN_POINT ( 'NONE',  ( 0.6799999999999999378, -0.2000000000000000111, -0.2880000000000000338 ) ) ;
#968 = EDGE_CURVE ( 'NONE', #2021, #2045, #1750, .T. ) ;
#969 = CARTESIAN_POINT ( 'NONE',  ( -0.6799999999999999378, -0.2000000000000000111, 0.2880000000000000338 ) ) ;
#970 = ADVANCED_FACE ( 'NONE', ( #1500 ), #1336, .T. ) ;
#971 = ORIENTED_EDGE ( 'NONE', *, *, #457, .T. ) ;
#972 = CARTESIAN_POINT ( 'NONE',  ( -0.7500000000000001110, -0.2320000000000000118, -0.2345000000000000140 ) ) ;
#973 = DIRECTION ( 'NONE',  ( 0.000000000000000000, 3.414809992080330502E-16, -1.000000000000000000 ) ) ;
#974 = CARTESIAN_POINT ( 'NONE',  ( 0.7500000000000001110, -0.3800000000000000600, -0.1000000000000000056 ) ) ;
#975 = ORIENTED_EDGE ( 'NONE', *, *, #84, .F. ) ;
#976 = CARTESIAN_POINT ( 'NONE',  ( -0.7149999999999999689, -0.4799999999999999822, -0.1000000000000000056 ) ) ;
#977 = EDGE_CURVE ( 'NONE', #672, #466, #246, .T. ) ;
#978 = CARTESIAN_POINT ( 'NONE',  ( -0.6799999999999999378, -0.6400000000000000133, 0.1559999999999999998 ) ) ;
#979 = DIRECTION ( 'NONE',  ( 0.000000000000000000, 0.000000000000000000, 1.000000000000000000 ) ) ;
#980 = ORIENTED_EDGE ( 'NONE', *, *, #906, .F. ) ;
#981 = DIRECTION ( 'NONE',  ( 0.000000000000000000, -1.224606353822375779E-16, 1.000000000000000000 ) ) ;
#982 = DIRECTION ( 'NONE',  ( 1.000000000000000000, 0.000000000000000000, 0.000000000000000000 ) ) ;
#983 = VERTEX_POINT ( 'NONE', #90 ) ;
#984 = CARTESIAN_POINT ( 'NONE',  ( 0.7199999999999999734, -0.04599999999999999922, -0.3200000000000000067 ) ) ;
#985 = EDGE_CURVE ( 'NONE', #245, #1880, #557, .T. ) ;
#986 = PLANE ( 'NONE',  #756 ) ;
#987 = VECTOR ( 'NONE', #354, 39.37007874015748143 ) ;
#988 = AXIS2_PLACEMENT_3D ( 'NONE', #583, #1838, #1349 ) ;
#989 = ORIENTED_EDGE ( 'NONE', *, *, #1665, .F. ) ;
#990 = FACE_OUTER_BOUND ( 'NONE', #1266, .T. ) ;
#991 = VECTOR ( 'NONE', #1169, 39.37007874015748143 ) ;
#992 = CARTESIAN_POINT ( 'NONE',  ( -0.6799999999999999378, -0.2000000000000000111, 0.2345000000000000140 ) ) ;
#993 = ORIENTED_EDGE ( 'NONE', *, *, #1345, .F. ) ;
#994 = ORIENTED_EDGE ( 'NONE', *, *, #385, .T. ) ;
#995 = EDGE_CURVE ( 'NONE', #466, #352, #1628, .T. ) ;
#996 = CYLINDRICAL_SURFACE ( 'NONE', #824, 0.02999999999999998848 ) ;
#997 = DIRECTION ( 'NONE',  ( 1.000000000000000000, 0.000000000000000000, 0.000000000000000000 ) ) ;
#998 = CARTESIAN_POINT ( 'NONE',  ( -0.6799999999999999378, 1.187771652140307172E-18, 0.2740000000000000213 ) ) ;
#999 = ORIENTED_EDGE ( 'NONE', *, *, #748, .T. ) ;
#1000 = LINE ( 'NONE', #1982, #1556 ) ;
#1001 = DIRECTION ( 'NONE',  ( 0.000000000000000000, 0.000000000000000000, 1.000000000000000000 ) ) ;
#1002 = CARTESIAN_POINT ( 'NONE',  ( 0.6799999999999999378, -0.6100000000000000977, -0.07000000000000000666 ) ) ;
#1003 = ORIENTED_EDGE ( 'NONE', *, *, #1297, .F. ) ;
#1004 = ORIENTED_EDGE ( 'NONE', *, *, #1279, .F. ) ;
#1005 = ADVANCED_FACE ( 'NONE', ( #723 ), #1011, .F. ) ;
#1006 = DIRECTION ( 'NONE',  ( 0.000000000000000000, 1.000000000000000000, 0.000000000000000000 ) ) ;
#1007 = LINE ( 'NONE', #205, #392 ) ;
#1008 = LINE ( 'NONE', #1601, #1946 ) ;
#1009 = LINE ( 'NONE', #858, #765 ) ;
#1010 = VERTEX_POINT ( 'NONE', #1358 ) ;
#1011 = PLANE ( 'NONE',  #731 ) ;
#1012 = CARTESIAN_POINT ( 'NONE',  ( 0.7100000000000000755, -0.4799999999999999822, 0.1000000000000000056 ) ) ;
#1013 = CARTESIAN_POINT ( 'NONE',  ( -0.6799999999999999378, -0.2000000000000000111, 0.3200000000000000067 ) ) ;
#1014 = ORIENTED_EDGE ( 'NONE', *, *, #1659, .F. ) ;
#1015 = VERTEX_POINT ( 'NONE', #1639 ) ;
#1016 = CARTESIAN_POINT ( 'NONE',  ( -0.7375735931288062153, 2.000349380433493752E-17, 0.3009461761308376837 ) ) ;
#1017 = LINE ( 'NONE', #1669, #564 ) ;
#1018 = CARTESIAN_POINT ( 'NONE',  ( 0.6500000000000000222, -0.6400000000000000133, 0.07000000000000000666 ) ) ;
#1019 = CARTESIAN_POINT ( 'NONE',  ( -0.7500000000000001110, -0.3800000000000000600, -0.2740000000000000213 ) ) ;
#1020 = ORIENTED_EDGE ( 'NONE', *, *, #1417, .F. ) ;
#1021 = CARTESIAN_POINT ( 'NONE',  ( -0.7499999999999998890, -0.02999999999999995032, 0.2833725830020302205 ) ) ;
#1022 = AXIS2_PLACEMENT_3D ( 'NONE', #1947, #66, #703 ) ;
#1023 = CARTESIAN_POINT ( 'NONE',  ( 0.7199999999999999734, -0.04599999999999999922, -0.3200000000000000067 ) ) ;
#1024 = DIRECTION ( 'NONE',  ( 0.000000000000000000, 0.000000000000000000, -1.000000000000000000 ) ) ;
#1025 = AXIS2_PLACEMENT_3D ( 'NONE', #1919, #707, #1312 ) ;
#1026 = ORIENTED_EDGE ( 'NONE', *, *, #812, .F. ) ;
#1027 = ORIENTED_EDGE ( 'NONE', *, *, #664, .T. ) ;
#1028 = DIRECTION ( 'NONE',  ( 0.000000000000000000, 0.000000000000000000, 1.000000000000000000 ) ) ;
#1029 = VECTOR ( 'NONE', #1509, 39.37007874015748143 ) ;
#1030 = VECTOR ( 'NONE', #730, 39.37007874015748143 ) ;
#1031 = EDGE_CURVE ( 'NONE', #1111, #514, #1000, .T. ) ;
#1032 = CARTESIAN_POINT ( 'NONE',  ( 0.7499999999999998890, -0.04600000000000004086, -0.3075735931288072211 ) ) ;
#1033 = DIRECTION ( 'NONE',  ( 0.000000000000000000, 1.000000000000000000, 0.000000000000000000 ) ) ;
#1034 = EDGE_LOOP ( 'NONE', ( #1239, #1340, #1754, #1857, #638, #1513, #1373, #159, #15, #1539 ) ) ;
#1035 = DIRECTION ( 'NONE',  ( -1.000000000000000000, 0.000000000000000000, 0.000000000000000000 ) ) ;
#1036 = ADVANCED_FACE ( 'NONE', ( #1489 ), #235, .T. ) ;
#1037 = CARTESIAN_POINT ( 'NONE',  ( 0.7500000000000001110, -0.02999999999999999889, 0.2740000000000000213 ) ) ;
#1038 = ORIENTED_EDGE ( 'NONE', *, *, #1547, .F. ) ;
#1039 = ORIENTED_EDGE ( 'NONE', *, *, #448, .F. ) ;
#1040 = EDGE_CURVE ( 'NONE', #1877, #655, #383, .T. ) ;
#1041 = CARTESIAN_POINT ( 'NONE',  ( 0.7100000000000000755, -0.3800000000000000600, 0.1000000000000000056 ) ) ;
#1042 = CARTESIAN_POINT ( 'NONE',  ( 0.7375735931288062153, -0.01905382386916238194, -0.3199999999999999512 ) ) ;
#1043 = EDGE_CURVE ( 'NONE', #462, #744, #1471, .T. ) ;
#1044 = DIRECTION ( 'NONE',  ( -0.7071067811865440200, 0.7071067811865510144, 0.000000000000000000 ) ) ;
#1045 = ORIENTED_EDGE ( 'NONE', *, *, #183, .T. ) ;
#1046 = CARTESIAN_POINT ( 'NONE',  ( -0.7100000000000000755, -0.3800000000000000600, 0.1000000000000000056 ) ) ;
#1047 = DIRECTION ( 'NONE',  ( 0.000000000000000000, 0.000000000000000000, 1.000000000000000000 ) ) ;
#1048 = ORIENTED_EDGE ( 'NONE', *, *, #176, .T. ) ;
#1049 = EDGE_LOOP ( 'NONE', ( #874, #2009, #1940, #1560, #19, #1545, #1247, #1514, #1551, #883, #1809, #1262, #1657, #1434, #501, #1955 ) ) ;
#1050 = EDGE_CURVE ( 'NONE', #1364, #525, #1157, .T. ) ;
#1051 = LINE ( 'NONE', #1682, #1281 ) ;
#1052 = CARTESIAN_POINT ( 'NONE',  ( 0.7500000000000001110, -0.2000000000000000111, -0.3200000000000000067 ) ) ;
#1053 = ORIENTED_EDGE ( 'NONE', *, *, #1401, .T. ) ;
#1054 = CARTESIAN_POINT ( 'NONE',  ( -0.7199999999999999734, 1.280553747030124154E-17, -0.2740000000000000213 ) ) ;
#1055 = CARTESIAN_POINT ( 'NONE',  ( -0.6799999999999999378, -0.6400000000000000133, -0.07000000000000000666 ) ) ;
#1056 = VECTOR ( 'NONE', #814, 39.37007874015748143 ) ;
#1057 = ORIENTED_EDGE ( 'NONE', *, *, #507, .T. ) ;
#1058 = ORIENTED_EDGE ( 'NONE', *, *, #759, .F. ) ;
#1059 = AXIS2_PLACEMENT_3D ( 'NONE', #1375, #1855, #577 ) ;
#1060 = AXIS2_PLACEMENT_3D ( 'NONE', #1431, #616, #1243 ) ;
#1061 = VECTOR ( 'NONE', #219, 39.37007874015748143 ) ;
#1062 = CIRCLE ( 'NONE', #1745, 0.03199999999999999373 ) ;
#1063 =( CONVERSION_BASED_UNIT ( 'INCH', #108 ) LENGTH_UNIT ( ) NAMED_UNIT ( #1740 ) );
#1064 = CARTESIAN_POINT ( 'NONE',  ( -0.6799999999999999378, -0.2000000000000000111, 0.3200000000000000067 ) ) ;
#1065 = ORIENTED_EDGE ( 'NONE', *, *, #1841, .F. ) ;
#1066 = CARTESIAN_POINT ( 'NONE',  ( -0.6500000000000000222, -0.6400000000000000133, 0.1600000000000000033 ) ) ;
#1067 = DIRECTION ( 'NONE',  ( 0.000000000000000000, -1.000000000000000000, 0.000000000000000000 ) ) ;
#1068 = EDGE_LOOP ( 'NONE', ( #993, #1595, #186, #310 ) ) ;
#1069 = CARTESIAN_POINT ( 'NONE',  ( 0.6799999999999999378, -0.5150000000000000133, -0.1000000000000000056 ) ) ;
#1070 = DIRECTION ( 'NONE',  ( 0.000000000000000000, 0.000000000000000000, 1.000000000000000000 ) ) ;
#1071 = VERTEX_POINT ( 'NONE', #1950 ) ;
#1072 = CARTESIAN_POINT ( 'NONE',  ( -0.7500000000000001110, -0.04599999999999999922, -0.2900000000000000355 ) ) ;
#1073 = CARTESIAN_POINT ( 'NONE',  ( -0.6799999999999999378, -0.04599999999999999922, 0.07000000000000000666 ) ) ;
#1074 = VERTEX_POINT ( 'NONE', #572 ) ;
#1075 = DIRECTION ( 'NONE',  ( -1.000000000000000000, 0.000000000000000000, 0.000000000000000000 ) ) ;
#1076 = EDGE_CURVE ( 'NONE', #1588, #450, #688, .T. ) ;
#1077 = CARTESIAN_POINT ( 'NONE',  ( -0.6799999999999999378, -0.04599999999999999922, 0.2379623667801334941 ) ) ;
#1078 = CARTESIAN_POINT ( 'NONE',  ( -0.7199999999999999734, -0.2000000000000000111, 0.2900000000000000355 ) ) ;
#1079 = DIRECTION ( 'NONE',  ( -1.000000000000000000, 0.000000000000000000, 0.000000000000000000 ) ) ;
#1080 = ORIENTED_EDGE ( 'NONE', *, *, #1561, .T. ) ;
#1081 = FACE_OUTER_BOUND ( 'NONE', #619, .T. ) ;
#1082 = EDGE_LOOP ( 'NONE', ( #1495, #1314, #94, #482 ) ) ;
#1083 = DIRECTION ( 'NONE',  ( 0.000000000000000000, 0.000000000000000000, 1.000000000000000000 ) ) ;
#1084 = PLANE ( 'NONE',  #1060 ) ;
#1085 = AXIS2_PLACEMENT_3D ( 'NONE', #154, #810, #821 ) ;
#1086 = AXIS2_PLACEMENT_3D ( 'NONE', #1252, #467, #1889 ) ;
#1087 = LINE ( 'NONE', #1210, #1910 ) ;
#1088 = VECTOR ( 'NONE', #997, 39.37007874015748143 ) ;
#1089 = VECTOR ( 'NONE', #455, 39.37007874015748143 ) ;
#1090 = EDGE_CURVE ( 'NONE', #443, #1111, #218, .T. ) ;
#1091 = AXIS2_PLACEMENT_3D ( 'NONE', #547, #1035, #199 ) ;
#1092 = LINE ( 'NONE', #138, #1289 ) ;
#1093 = ORIENTED_EDGE ( 'NONE', *, *, #117, .T. ) ;
#1094 = ORIENTED_EDGE ( 'NONE', *, *, #236, .F. ) ;
#1095 = DIRECTION ( 'NONE',  ( 1.000000000000000000, 0.000000000000000000, 0.000000000000000000 ) ) ;
#1096 = EDGE_LOOP ( 'NONE', ( #1475, #1251, #1621, #1991 ) ) ;
#1097 = CARTESIAN_POINT ( 'NONE',  ( -0.7100000000000000755, 5.623980552162409474E-18, 0.1000000000000000056 ) ) ;
#1098 = DIRECTION ( 'NONE',  ( 0.000000000000000000, -0.9946614699042773955, 0.1031918615388937449 ) ) ;
#1099 = CARTESIAN_POINT ( 'NONE',  ( -0.7500000000000001110, -0.6400000000000000133, 0.1000000000000000056 ) ) ;
#1100 = UNCERTAINTY_MEASURE_WITH_UNIT (LENGTH_MEASURE( 1.000000000000000082E-05 ), #1063, 'distance_accuracy_value', 'NONE');
#1101 = DIRECTION ( 'NONE',  ( 0.000000000000000000, 0.000000000000000000, 1.000000000000000000 ) ) ;
#1102 = ORIENTED_EDGE ( 'NONE', *, *, #1665, .T. ) ;
#1103 = ORIENTED_EDGE ( 'NONE', *, *, #2018, .F. ) ;
#1104 = CARTESIAN_POINT ( 'NONE',  ( -0.7500000000000001110, -0.6400000000000000133, -0.1600000000000000033 ) ) ;
#1105 = CARTESIAN_POINT ( 'NONE',  ( -0.7500000000000001110, -0.2286978604307551566, -0.2026708329630633743 ) ) ;
#1106 = DIRECTION ( 'NONE',  ( 0.000000000000000000, 0.9510565162951556406, -0.3090169943749409565 ) ) ;
#1107 = ORIENTED_EDGE ( 'NONE', *, *, #76, .T. ) ;
#1108 = EDGE_CURVE ( 'NONE', #1757, #1309, #1287, .T. ) ;
#1109 = DIRECTION ( 'NONE',  ( 0.000000000000000000, 1.000000000000000000, 0.000000000000000000 ) ) ;
#1110 = ADVANCED_FACE ( 'NONE', ( #399 ), #705, .F. ) ;
#1111 = VERTEX_POINT ( 'NONE', #521 ) ;
#1112 = CARTESIAN_POINT ( 'NONE',  ( -0.7100000000000000755, -0.6400000000000000133, 0.1000000000000000056 ) ) ;
#1113 = LINE ( 'NONE', #1099, #528 ) ;
#1114 = VERTEX_POINT ( 'NONE', #1178 ) ;
#1115 = LINE ( 'NONE', #173, #491 ) ;
#1116 = ADVANCED_FACE ( 'NONE', ( #1463 ), #1158, .T. ) ;
#1117 = VECTOR ( 'NONE', #1307, 39.37007874015748143 ) ;
#1118 = VECTOR ( 'NONE', #1524, 39.37007874015748143 ) ;
#1119 = ADVANCED_FACE ( 'NONE', ( #384 ), #361, .T. ) ;
#1120 = CIRCLE ( 'NONE', #1255, 0.04599999999999999922 ) ;
#1121 = DIRECTION ( 'NONE',  ( 0.000000000000000000, -1.000000000000000000, 0.000000000000000000 ) ) ;
#1122 = VECTOR ( 'NONE', #468, 39.37007874015748143 ) ;
#1123 = DIMENSIONAL_EXPONENTS ( 1.000000000000000000, 0.000000000000000000, 0.000000000000000000, 0.000000000000000000, 0.000000000000000000, 0.000000000000000000, 0.000000000000000000 ) ;
#1124 = VECTOR ( 'NONE', #61, 39.37007874015748143 ) ;
#1125 = EDGE_CURVE ( 'NONE', #804, #779, #1325, .T. ) ;
#1126 = ORIENTED_EDGE ( 'NONE', *, *, #1043, .F. ) ;
#1127 = PLANE ( 'NONE',  #1390 ) ;
#1128 = PLANE ( 'NONE',  #630 ) ;
#1129 = PLANE ( 'NONE',  #98 ) ;
#1130 = ORIENTED_EDGE ( 'NONE', *, *, #1922, .F. ) ;
#1131 = CARTESIAN_POINT ( 'NONE',  ( 0.6799999999999999378, -0.04599999999999999922, -0.2379623667801334941 ) ) ;
#1132 = DIRECTION ( 'NONE',  ( 0.000000000000000000, 0.000000000000000000, 1.000000000000000000 ) ) ;
#1133 = EDGE_CURVE ( 'NONE', #139, #983, #1885, .T. ) ;
#1134 = DIRECTION ( 'NONE',  ( 0.000000000000000000, 0.9946614699042773955, 0.1031918615388939531 ) ) ;
#1135 = FACE_OUTER_BOUND ( 'NONE', #841, .T. ) ;
#1136 = EDGE_LOOP ( 'NONE', ( #769, #1398, #826, #989 ) ) ;
#1137 = CARTESIAN_POINT ( 'NONE',  ( 0.7500000000000001110, -0.03156548487365606198, -0.2809195759031224426 ) ) ;
#1138 = EDGE_CURVE ( 'NONE', #546, #1705, #679, .T. ) ;
#1139 = DIRECTION ( 'NONE',  ( 0.000000000000000000, 0.000000000000000000, -1.000000000000000000 ) ) ;
#1140 = EDGE_LOOP ( 'NONE', ( #234, #71, #842, #1734, #687, #286, #1422, #620, #1953, #497, #1205, #1810 ) ) ;
#1141 = DIRECTION ( 'NONE',  ( 0.000000000000000000, 0.000000000000000000, -1.000000000000000000 ) ) ;
#1142 = PRODUCT_RELATED_PRODUCT_CATEGORY ( 'part', '', ( #747 ) ) ;
#1143 = CARTESIAN_POINT ( 'NONE',  ( -0.6799999999999999378, -0.2286978604307551566, -0.2026708329630633743 ) ) ;
#1144 = DIRECTION ( 'NONE',  ( 0.000000000000000000, 0.000000000000000000, 1.000000000000000000 ) ) ;
#1145 = EDGE_CURVE ( 'NONE', #852, #56, #1629, .T. ) ;
#1146 = EDGE_LOOP ( 'NONE', ( #240, #1620, #353, #1048 ) ) ;
#1147 = CARTESIAN_POINT ( 'NONE',  ( 0.7500000000000001110, -0.2320000000000000118, 0.2345000000000000140 ) ) ;
#1148 = DIRECTION ( 'NONE',  ( 0.000000000000000000, -1.000000000000000000, -1.255643395844615974E-16 ) ) ;
#1149 = ORIENTED_EDGE ( 'NONE', *, *, #837, .T. ) ;
#1150 = VERTEX_POINT ( 'NONE', #1023 ) ;
#1151 = LINE ( 'NONE', #1445, #987 ) ;
#1152 = CARTESIAN_POINT ( 'NONE',  ( -0.7500000000000001110, -0.04599999999999999922, -0.2740000000000000213 ) ) ;
#1153 = DIRECTION ( 'NONE',  ( 0.000000000000000000, 0.000000000000000000, -1.000000000000000000 ) ) ;
#1154 = EDGE_CURVE ( 'NONE', #887, #551, #209, .T. ) ;
#1155 = VECTOR ( 'NONE', #522, 39.37007874015748143 ) ;
#1156 = ORIENTED_EDGE ( 'NONE', *, *, #1759, .T. ) ;
#1157 = LINE ( 'NONE', #360, #1615 ) ;
#1158 = PLANE ( 'NONE',  #1721 ) ;
#1159 = VECTOR ( 'NONE', #1299, 39.37007874015748143 ) ;
#1160 = CARTESIAN_POINT ( 'NONE',  ( -0.6799999999999999378, -0.2000000000000000111, 0.2345000000000000140 ) ) ;
#1161 = VERTEX_POINT ( 'NONE', #349 ) ;
#1162 = EDGE_LOOP ( 'NONE', ( #2015, #363, #1093, #1868 ) ) ;
#1163 = DIRECTION ( 'NONE',  ( 0.000000000000000000, -6.566942292462169586E-17, 1.000000000000000000 ) ) ;
#1164 = FACE_OUTER_BOUND ( 'NONE', #1638, .T. ) ;
#1165 = CARTESIAN_POINT ( 'NONE',  ( -0.7100000000000000755, -0.6400000000000000133, 0.1000000000000000056 ) ) ;
#1166 = DIRECTION ( 'NONE',  ( 0.000000000000000000, 1.000000000000000000, 8.537024980200820832E-16 ) ) ;
#1167 = ORIENTED_EDGE ( 'NONE', *, *, #314, .F. ) ;
#1168 = DIRECTION ( 'NONE',  ( 0.7071067811865510144, 0.7071067811865440200, 0.000000000000000000 ) ) ;
#1169 = DIRECTION ( 'NONE',  ( 0.000000000000000000, 0.000000000000000000, -1.000000000000000000 ) ) ;
#1170 = CARTESIAN_POINT ( 'NONE',  ( -0.6799999999999999378, -0.04599999999999999922, -0.2379623667801334941 ) ) ;
#1171 = ORIENTED_EDGE ( 'NONE', *, *, #380, .F. ) ;
#1172 = ORIENTED_EDGE ( 'NONE', *, *, #1267, .T. ) ;
#1173 = CARTESIAN_POINT ( 'NONE',  ( -0.7500000000000001110, -0.02999999999999999889, 0.2740000000000000213 ) ) ;
#1174 = DIRECTION ( 'NONE',  ( 0.000000000000000000, 0.000000000000000000, 1.000000000000000000 ) ) ;
#1175 = DIRECTION ( 'NONE',  ( -1.000000000000000000, 0.000000000000000000, 0.000000000000000000 ) ) ;
#1176 = ORIENTED_EDGE ( 'NONE', *, *, #1332, .T. ) ;
#1177 = DIRECTION ( 'NONE',  ( 1.000000000000000000, 0.000000000000000000, 0.000000000000000000 ) ) ;
#1178 = CARTESIAN_POINT ( 'NONE',  ( -0.6799999999999999378, -0.2000000000000000111, 0.2880000000000000338 ) ) ;
#1179 = CARTESIAN_POINT ( 'NONE',  ( 0.7500000000000001110, -0.03669431526024775209, 0.2871016913561862394 ) ) ;
#1180 = EDGE_LOOP ( 'NONE', ( #1533, #222, #892, #1102 ) ) ;
#1181 = EDGE_LOOP ( 'NONE', ( #1774, #1741, #345, #1764 ) ) ;
#1182 = CARTESIAN_POINT ( 'NONE',  ( -0.7499999999999998890, -0.04599999999999999922, 0.3075735931288072211 ) ) ;
#1183 = EDGE_CURVE ( 'NONE', #1967, #714, #1472, .T. ) ;
#1184 = ADVANCED_FACE ( 'NONE', ( #990 ), #1618, .F. ) ;
#1185 = CARTESIAN_POINT ( 'NONE',  ( 0.7100000000000000755, 1.174701232127429130E-17, -0.1000000000000000056 ) ) ;
#1186 = DIRECTION ( 'NONE',  ( 0.000000000000000000, 0.000000000000000000, -1.000000000000000000 ) ) ;
#1187 = EDGE_CURVE ( 'NONE', #56, #1949, #863, .T. ) ;
#1188 = FACE_OUTER_BOUND ( 'NONE', #1832, .T. ) ;
#1189 = DIRECTION ( 'NONE',  ( -1.000000000000000000, 0.000000000000000000, 0.000000000000000000 ) ) ;
#1190 = ORIENTED_EDGE ( 'NONE', *, *, #909, .F. ) ;
#1191 = CARTESIAN_POINT ( 'NONE',  ( -0.7500000000000001110, -0.04599999999999999922, 0.2900000000000000355 ) ) ;
#1192 = CIRCLE ( 'NONE', #1085, 0.02999999999999998848 ) ;
#1193 = VECTOR ( 'NONE', #1742, 39.37007874015748143 ) ;
#1194 = CARTESIAN_POINT ( 'NONE',  ( -0.7199999999999999734, -0.02999999999999999889, 0.2740000000000000213 ) ) ;
#1195 = AXIS2_PLACEMENT_3D ( 'NONE', #321, #1731, #1565 ) ;
#1196 = VERTEX_POINT ( 'NONE', #1490 ) ;
#1197 = ORIENTED_EDGE ( 'NONE', *, *, #1702, .F. ) ;
#1198 = LINE ( 'NONE', #107, #928 ) ;
#1199 = MANIFOLD_SOLID_BREP ( 'NONE', #1813 ) ;
#1200 = AXIS2_PLACEMENT_3D ( 'NONE', #875, #208, #42 ) ;
#1201 = EDGE_CURVE ( 'NONE', #409, #207, #12, .T. ) ;
#1202 = DIRECTION ( 'NONE',  ( 0.000000000000000000, 0.000000000000000000, -1.000000000000000000 ) ) ;
#1203 = PLANE ( 'NONE',  #1752 ) ;
#1204 = LINE ( 'NONE', #119, #1394 ) ;
#1205 = ORIENTED_EDGE ( 'NONE', *, *, #759, .T. ) ;
#1206 = CARTESIAN_POINT ( 'NONE',  ( 0.7149999999999999689, -0.4799999999999999822, 0.1000000000000000056 ) ) ;
#1207 = CARTESIAN_POINT ( 'NONE',  ( 0.7500000000000001110, -0.03908042409687826485, 0.2884345151263441043 ) ) ;
#1208 = VERTEX_POINT ( 'NONE', #1301 ) ;
#1209 = ADVANCED_FACE ( 'NONE', ( #330 ), #806, .T. ) ;
#1210 = CARTESIAN_POINT ( 'NONE',  ( 0.7100000000000000755, -0.3800000000000000600, 0.1000000000000000056 ) ) ;
#1211 = DIRECTION ( 'NONE',  ( 1.000000000000000000, 0.000000000000000000, 0.000000000000000000 ) ) ;
#1212 = ORIENTED_EDGE ( 'NONE', *, *, #1922, .T. ) ;
#1213 = CARTESIAN_POINT ( 'NONE',  ( -0.7100000000000000755, -0.6400000000000000133, -0.1000000000000000056 ) ) ;
#1214 = EDGE_CURVE ( 'NONE', #804, #1074, #646, .T. ) ;
#1215 = CARTESIAN_POINT ( 'NONE',  ( 0.7500000000000001110, -0.04599999999999999922, -0.2900000000000000355 ) ) ;
#1216 = ORIENTED_EDGE ( 'NONE', *, *, #369, .F. ) ;
#1217 = FACE_OUTER_BOUND ( 'NONE', #1162, .T. ) ;
#1218 = PLANE ( 'NONE',  #1446 ) ;
#1219 = ORIENTED_EDGE ( 'NONE', *, *, #770, .T. ) ;
#1220 = DIRECTION ( 'NONE',  ( 0.000000000000000000, 1.224606353822375779E-16, -1.000000000000000000 ) ) ;
#1221 = ADVANCED_FACE ( 'NONE', ( #150 ), #1128, .F. ) ;
#1222 = DIRECTION ( 'NONE',  ( 0.000000000000000000, 0.000000000000000000, -1.000000000000000000 ) ) ;
#1223 = AXIS2_PLACEMENT_3D ( 'NONE', #972, #329, #1902 ) ;
#1224 = ORIENTED_EDGE ( 'NONE', *, *, #1854, .T. ) ;
#1225 = CARTESIAN_POINT ( 'NONE',  ( 0.7100000000000000755, -0.3800000000000000600, -0.1000000000000000056 ) ) ;
#1226 = VECTOR ( 'NONE', #210, 39.37007874015748143 ) ;
#1227 = VECTOR ( 'NONE', #1974, 39.37007874015748143 ) ;
#1228 = LINE ( 'NONE', #916, #929 ) ;
#1229 = CARTESIAN_POINT ( 'NONE',  ( -0.6799999999999999378, -0.5150000000000000133, 0.1000000000000000056 ) ) ;
#1230 = ORIENTED_EDGE ( 'NONE', *, *, #552, .T. ) ;
#1231 = DIRECTION ( 'NONE',  ( 1.000000000000000000, 0.000000000000000000, 0.000000000000000000 ) ) ;
#1232 = VERTEX_POINT ( 'NONE', #1270 ) ;
#1233 = CARTESIAN_POINT ( 'NONE',  ( -0.6500000000000000222, -0.6100000000000000977, -0.07000000000000000666 ) ) ;
#1234 = DIRECTION ( 'NONE',  ( 0.000000000000000000, -1.000000000000000000, 0.000000000000000000 ) ) ;
#1235 = ORIENTED_EDGE ( 'NONE', *, *, #889, .T. ) ;
#1236 = CARTESIAN_POINT ( 'NONE',  ( 0.6799999999999999378, -0.2286978604307551566, -0.2026708329630633743 ) ) ;
#1237 = CARTESIAN_POINT ( 'NONE',  ( 0.7375735931288073255, -0.01905382386916235418, 0.3200000000000003952 ) ) ;
#1238 = VERTEX_POINT ( 'NONE', #1253 ) ;
#1239 = ORIENTED_EDGE ( 'NONE', *, *, #1710, .T. ) ;
#1240 = FACE_OUTER_BOUND ( 'NONE', #1845, .T. ) ;
#1241 = VERTEX_POINT ( 'NONE', #21 ) ;
#1242 = LINE ( 'NONE', #144, #520 ) ;
#1243 = DIRECTION ( 'NONE',  ( 0.000000000000000000, 0.000000000000000000, -1.000000000000000000 ) ) ;
#1244 = ADVANCED_FACE ( 'NONE', ( #1890 ), #33, .F. ) ;
#1245 = APPLICATION_PROTOCOL_DEFINITION ( 'draft international standard', 'automotive_design', 1998, #1985 ) ;
#1246 = DIRECTION ( 'NONE',  ( 0.000000000000000000, 0.9510565162951553075, 0.3090169943749420667 ) ) ;
#1247 = ORIENTED_EDGE ( 'NONE', *, *, #844, .T. ) ;
#1248 = ORIENTED_EDGE ( 'NONE', *, *, #1626, .F. ) ;
#1249 = EDGE_CURVE ( 'NONE', #717, #1684, #187, .T. ) ;
#1250 = PLANE ( 'NONE',  #866 ) ;
#1251 = ORIENTED_EDGE ( 'NONE', *, *, #1854, .F. ) ;
#1252 = CARTESIAN_POINT ( 'NONE',  ( -0.6799999999999999378, -0.04599999999999999922, -0.2379623667801334941 ) ) ;
#1253 = CARTESIAN_POINT ( 'NONE',  ( -0.7500000000000001110, -0.6400000000000000133, 0.1600000000000000033 ) ) ;
#1254 = CARTESIAN_POINT ( 'NONE',  ( 0.6799999999999999378, -0.2000000000000000111, -0.3200000000000000067 ) ) ;
#1255 = AXIS2_PLACEMENT_3D ( 'NONE', #104, #885, #80 ) ;
#1256 = VECTOR ( 'NONE', #849, 39.37007874015748143 ) ;
#1257 = ORIENTED_EDGE ( 'NONE', *, *, #1417, .T. ) ;
#1258 = ORIENTED_EDGE ( 'NONE', *, *, #1133, .F. ) ;
#1259 = LINE ( 'NONE', #1104, #728 ) ;
#1260 = CARTESIAN_POINT ( 'NONE',  ( -0.7100000000000000755, -0.3800000000000000600, 0.1000000000000000056 ) ) ;
#1261 = CARTESIAN_POINT ( 'NONE',  ( -0.7500000000000001110, -0.03003572780975310649, -0.2784246997324500428 ) ) ;
#1262 = ORIENTED_EDGE ( 'NONE', *, *, #404, .T. ) ;
#1263 = ADVANCED_FACE ( 'NONE', ( #477 ), #503, .T. ) ;
#1264 = ADVANCED_FACE ( 'NONE', ( #485 ), #1882, .T. ) ;
#1265 = DIRECTION ( 'NONE',  ( -1.000000000000000000, 0.000000000000000000, 5.691349986800559712E-16 ) ) ;
#1266 = EDGE_LOOP ( 'NONE', ( #1452, #412, #1958, #694 ) ) ;
#1267 = EDGE_CURVE ( 'NONE', #923, #2021, #320, .T. ) ;
#1268 = ORIENTED_EDGE ( 'NONE', *, *, #1043, .T. ) ;
#1269 = CARTESIAN_POINT ( 'NONE',  ( 0.7500000000000001110, -0.03039143259770197072, -0.2780648414590763395 ) ) ;
#1270 = CARTESIAN_POINT ( 'NONE',  ( 0.7500000000000001110, -0.02999999999999999889, 0.2740000000000000213 ) ) ;
#1271 = CARTESIAN_POINT ( 'NONE',  ( 0.7199999999999999734, -0.2000000000000000111, 0.3200000000000000067 ) ) ;
#1272 = EDGE_LOOP ( 'NONE', ( #120, #751, #318, #1578 ) ) ;
#1273 = DIRECTION ( 'NONE',  ( 1.000000000000000000, 0.000000000000000000, 0.000000000000000000 ) ) ;
#1274 = PLANE ( 'NONE',  #1586 ) ;
#1275 = VERTEX_POINT ( 'NONE', #651 ) ;
#1276 = DIRECTION ( 'NONE',  ( 0.000000000000000000, -1.000000000000000000, 0.000000000000000000 ) ) ;
#1277 = LENGTH_MEASURE_WITH_UNIT ( LENGTH_MEASURE( 0.02539999999999999897 ), #658 );
#1278 = PLANE ( 'NONE',  #26 ) ;
#1279 = EDGE_CURVE ( 'NONE', #1708, #348, #358, .T. ) ;
#1280 = CARTESIAN_POINT ( 'NONE',  ( 0.6799999999999999378, -0.6100000000000000977, 0.07000000000000000666 ) ) ;
#1281 = VECTOR ( 'NONE', #296, 39.37007874015748143 ) ;
#1282 = VECTOR ( 'NONE', #1234, 39.37007874015748143 ) ;
#1283 = AXIS2_PLACEMENT_3D ( 'NONE', #1152, #1344, #1174 ) ;
#1284 = VECTOR ( 'NONE', #736, 39.37007874015748143 ) ;
#1285 = DIRECTION ( 'NONE',  ( 0.000000000000000000, 0.000000000000000000, 1.000000000000000000 ) ) ;
#1286 = DIRECTION ( 'NONE',  ( 0.000000000000000000, -1.000000000000000000, 0.000000000000000000 ) ) ;
#1287 = CIRCLE ( 'NONE', #567, 0.02999999999999999889 ) ;
#1288 = EDGE_CURVE ( 'NONE', #540, #753, #1483, .T. ) ;
#1289 = VECTOR ( 'NONE', #1246, 39.37007874015748854 ) ;
#1290 = EDGE_CURVE ( 'NONE', #1232, #1309, #676, .T. ) ;
#1291 = VERTEX_POINT ( 'NONE', #1318 ) ;
#1292 = CARTESIAN_POINT ( 'NONE',  ( 0.7500000000000001110, -0.04599999999999999922, -0.2740000000000000213 ) ) ;
#1293 = CARTESIAN_POINT ( 'NONE',  ( 0.7500000000000001110, -0.2320000000000000118, -0.2345000000000000140 ) ) ;
#1294 = FACE_OUTER_BOUND ( 'NONE', #1572, .T. ) ;
#1295 = ORIENTED_EDGE ( 'NONE', *, *, #1267, .F. ) ;
#1296 = CARTESIAN_POINT ( 'NONE',  ( 0.7500000000000001110, -0.03001697020336822896, -0.2761016696747464749 ) ) ;
#1297 = EDGE_CURVE ( 'NONE', #1579, #443, #1794, .T. ) ;
#1298 = PLANE ( 'NONE',  #165 ) ;
#1299 = DIRECTION ( 'NONE',  ( 0.000000000000000000, 0.000000000000000000, -1.000000000000000000 ) ) ;
#1300 = ORIENTED_EDGE ( 'NONE', *, *, #446, .F. ) ;
#1301 = CARTESIAN_POINT ( 'NONE',  ( 0.6799999999999999378, -0.6400000000000000133, 0.07000000000000000666 ) ) ;
#1302 = CARTESIAN_POINT ( 'NONE',  ( -0.7500000000000001110, -0.03965431617353118443, -0.2886936241706740125 ) ) ;
#1303 = ORIENTED_EDGE ( 'NONE', *, *, #837, .F. ) ;
#1304 = ORIENTED_EDGE ( 'NONE', *, *, #317, .T. ) ;
#1305 = CARTESIAN_POINT ( 'NONE',  ( 0.7500000000000001110, -0.6400000000000000133, -0.1600000000000000033 ) ) ;
#1306 = EDGE_CURVE ( 'NONE', #600, #402, #835, .T. ) ;
#1307 = DIRECTION ( 'NONE',  ( 0.000000000000000000, 1.000000000000000000, 6.566942292462169586E-17 ) ) ;
#1308 = DIRECTION ( 'NONE',  ( 0.000000000000000000, 0.000000000000000000, -1.000000000000000000 ) ) ;
#1309 = VERTEX_POINT ( 'NONE', #40 ) ;
#1310 = DIRECTION ( 'NONE',  ( 0.000000000000000000, -0.9510565162951553075, -0.3090169943749420667 ) ) ;
#1311 = DIRECTION ( 'NONE',  ( 1.000000000000000000, 0.000000000000000000, -2.008711760047249843E-16 ) ) ;
#1312 = DIRECTION ( 'NONE',  ( 0.000000000000000000, 1.000000000000000000, 0.000000000000000000 ) ) ;
#1313 = ORIENTED_EDGE ( 'NONE', *, *, #1214, .F. ) ;
#1314 = ORIENTED_EDGE ( 'NONE', *, *, #380, .T. ) ;
#1315 = DIRECTION ( 'NONE',  ( 0.000000000000000000, 0.000000000000000000, 1.000000000000000000 ) ) ;
#1316 = LINE ( 'NONE', #700, #1749 ) ;
#1317 = VECTOR ( 'NONE', #1921, 39.37007874015748143 ) ;
#1318 = CARTESIAN_POINT ( 'NONE',  ( -0.7100000000000000755, -0.4850000000000000422, 0.1000000000000000056 ) ) ;
#1319 = VECTOR ( 'NONE', #739, 39.37007874015748143 ) ;
#1320 = VECTOR ( 'NONE', #420, 39.37007874015748143 ) ;
#1321 = FACE_OUTER_BOUND ( 'NONE', #177, .T. ) ;
#1322 = CIRCLE ( 'NONE', #1850, 0.02999999999999998848 ) ;
#1323 = ORIENTED_EDGE ( 'NONE', *, *, #605, .T. ) ;
#1324 = DIRECTION ( 'NONE',  ( 0.000000000000000000, 0.000000000000000000, -1.000000000000000000 ) ) ;
#1325 = LINE ( 'NONE', #1951, #62 ) ;
#1326 = VECTOR ( 'NONE', #315, 39.37007874015748143 ) ;
#1327 = CARTESIAN_POINT ( 'NONE',  ( 0.6799999999999999378, -0.04599999999999999922, -0.2379623667801334941 ) ) ;
#1328 = ORIENTED_EDGE ( 'NONE', *, *, #471, .T. ) ;
#1329 = VERTEX_POINT ( 'NONE', #1933 ) ;
#1330 = CARTESIAN_POINT ( 'NONE',  ( 0.7100000000000000755, -0.6400000000000000133, 0.1000000000000000056 ) ) ;
#1331 = ADVANCED_FACE ( 'NONE', ( #1135 ), #1762, .F. ) ;
#1332 = EDGE_CURVE ( 'NONE', #375, #172, #1426, .T. ) ;
#1333 = FACE_OUTER_BOUND ( 'NONE', #1341, .T. ) ;
#1334 = LINE ( 'NONE', #545, #1654 ) ;
#1335 = ORIENTED_EDGE ( 'NONE', *, *, #977, .T. ) ;
#1336 = PLANE ( 'NONE',  #300 ) ;
#1337 = FILL_AREA_STYLE ('',( #839 ) ) ;
#1338 = ADVANCED_FACE ( 'NONE', ( #846 ), #509, .F. ) ;
#1339 = LINE ( 'NONE', #716, #629 ) ;
#1340 = ORIENTED_EDGE ( 'NONE', *, *, #447, .F. ) ;
#1341 = EDGE_LOOP ( 'NONE', ( #301, #1717, #1796, #1695, #32, #1378, #802, #270, #129, #1080, #1839, #853, #556, #1894, #2025, #1631 ) ) ;
#1342 = ORIENTED_EDGE ( 'NONE', *, *, #594, .T. ) ;
#1343 = EDGE_CURVE ( 'NONE', #352, #1428, #1008, .T. ) ;
#1344 = DIRECTION ( 'NONE',  ( -1.000000000000000000, 0.000000000000000000, 0.000000000000000000 ) ) ;
#1345 = EDGE_CURVE ( 'NONE', #45, #1726, #1945, .T. ) ;
#1346 = CYLINDRICAL_SURFACE ( 'NONE', #2017, 0.03199999999999999373 ) ;
#1347 = EDGE_LOOP ( 'NONE', ( #1057, #289, #708, #1363 ) ) ;
#1348 = DIRECTION ( 'NONE',  ( 0.000000000000000000, 4.596859604723519820E-16, -1.000000000000000000 ) ) ;
#1349 = DIRECTION ( 'NONE',  ( 0.000000000000000000, -1.000000000000000000, -4.596859604723519820E-16 ) ) ;
#1350 = ORIENTED_EDGE ( 'NONE', *, *, #938, .F. ) ;
#1351 = ORIENTED_EDGE ( 'NONE', *, *, #174, .F. ) ;
#1352 = CARTESIAN_POINT ( 'NONE',  ( -0.7500000000000001110, -0.2286978604307551566, -0.2026708329630633743 ) ) ;
#1353 = CARTESIAN_POINT ( 'NONE',  ( 0.7499999999999998890, -0.01242640687119286533, -0.2936669555172592982 ) ) ;
#1354 =( BOUNDED_SURFACE ( )  B_SPLINE_SURFACE ( 3, 3, ( 
 ( #1972, #1374, #1823, #1173 ),
 ( #1182, #1668, #114, #1802 ),
 ( #250, #1505, #1016, #1644 ),
 ( #83, #1658, #896, #719 ) ),
 .UNSPECIFIED., .F., .F., .F. ) 
 B_SPLINE_SURFACE_WITH_KNOTS ( ( 4, 4 ),
 ( 4, 4 ),
 ( 0.000000000000000000, 1.000000000000000000 ),
 ( 0.000000000000000000, 1.000000000000000000 ),
 .UNSPECIFIED. ) 
 GEOMETRIC_REPRESENTATION_ITEM ( )  RATIONAL_B_SPLINE_SURFACE ( (
 ( 1.000000000000000000, 0.8047378541243649375, 0.8047378541243649375, 1.000000000000000000),
 ( 0.8047378541243649375, 0.6476030138606879705, 0.6476030138606879705, 0.8047378541243649375),
 ( 0.8047378541243649375, 0.6476030138606879705, 0.6476030138606879705, 0.8047378541243649375),
 ( 1.000000000000000000, 0.8047378541243649375, 0.8047378541243649375, 1.000000000000000000) ) ) 
 REPRESENTATION_ITEM ( '' )  SURFACE ( )  );
#1355 = CARTESIAN_POINT ( 'NONE',  ( 0.7199999999999999734, -0.04599999999999999922, 0.2900000000000000355 ) ) ;
#1356 = PLANE ( 'NONE',  #229 ) ;
#1357 = ORIENTED_EDGE ( 'NONE', *, *, #606, .F. ) ;
#1358 = CARTESIAN_POINT ( 'NONE',  ( 0.7500000000000001110, -0.2286978604307551566, -0.2026708329630633743 ) ) ;
#1359 = EDGE_CURVE ( 'NONE', #789, #1150, #1322, .T. ) ;
#1360 = DIRECTION ( 'NONE',  ( 0.000000000000000000, -1.000000000000000000, 0.000000000000000000 ) ) ;
#1361 = EDGE_CURVE ( 'NONE', #375, #1777, #701, .T. ) ;
#1362 = VECTOR ( 'NONE', #221, 39.37007874015748143 ) ;
#1363 = ORIENTED_EDGE ( 'NONE', *, *, #1187, .T. ) ;
#1364 = VERTEX_POINT ( 'NONE', #1683 ) ;
#1365 = DIRECTION ( 'NONE',  ( 1.000000000000000000, 0.000000000000000000, 0.000000000000000000 ) ) ;
#1366 = CARTESIAN_POINT ( 'NONE',  ( 0.7499999999999998890, -0.03662741699796953632, -0.2899999999999999245 ) ) ;
#1367 = ADVANCED_FACE ( 'NONE', ( #268 ), #1356, .T. ) ;
#1368 = CARTESIAN_POINT ( 'NONE',  ( 0.6799999999999999378, 9.113704859274645665E-18, 0.1000000000000000056 ) ) ;
#1369 = CARTESIAN_POINT ( 'NONE',  ( -0.6799999999999999378, -0.6100000000000000977, 0.07000000000000000666 ) ) ;
#1370 = VERTEX_POINT ( 'NONE', #580 ) ;
#1371 = LINE ( 'NONE', #1233, #2043 ) ;
#1372 = LINE ( 'NONE', #112, #794 ) ;
#1373 = ORIENTED_EDGE ( 'NONE', *, *, #1674, .T. ) ;
#1374 = CARTESIAN_POINT ( 'NONE',  ( -0.7499999999999998890, -0.03662741699796953632, 0.2899999999999999245 ) ) ;
#1375 = CARTESIAN_POINT ( 'NONE',  ( 0.7199999999999999734, -0.02999999999999999889, 0.2740000000000000213 ) ) ;
#1376 = EDGE_CURVE ( 'NONE', #1726, #257, #1529, .T. ) ;
#1377 = DIRECTION ( 'NONE',  ( 0.000000000000000000, 0.000000000000000000, 1.000000000000000000 ) ) ;
#1378 = ORIENTED_EDGE ( 'NONE', *, *, #220, .T. ) ;
#1379 = CARTESIAN_POINT ( 'NONE',  ( -0.7199999999999999734, -0.04599999999999999922, -0.3200000000000000067 ) ) ;
#1380 = LINE ( 'NONE', #272, #1612 ) ;
#1381 = ORIENTED_EDGE ( 'NONE', *, *, #1125, .F. ) ;
#1382 = CARTESIAN_POINT ( 'NONE',  ( -0.7500000000000001110, -0.02999999999999999889, 0.2740000000000000213 ) ) ;
#1383 = CARTESIAN_POINT ( 'NONE',  ( -0.6799999999999999378, -0.6400000000000000133, 0.1600000000000000033 ) ) ;
#1384 = DIRECTION ( 'NONE',  ( 0.000000000000000000, 6.566942292462169586E-17, -1.000000000000000000 ) ) ;
#1385 = PLANE ( 'NONE',  #659 ) ;
#1386 = ORIENTED_EDGE ( 'NONE', *, *, #1625, .F. ) ;
#1387 = FACE_OUTER_BOUND ( 'NONE', #2020, .T. ) ;
#1388 = LINE ( 'NONE', #621, #1424 ) ;
#1389 = AXIS2_PLACEMENT_3D ( 'NONE', #1923, #516, #18 ) ;
#1390 = AXIS2_PLACEMENT_3D ( 'NONE', #1292, #1755, #336 ) ;
#1391 = ORIENTED_EDGE ( 'NONE', *, *, #48, .F. ) ;
#1392 = CARTESIAN_POINT ( 'NONE',  ( -0.7199999999999999734, -0.2000000000000000111, -0.2900000000000000355 ) ) ;
#1393 = VECTOR ( 'NONE', #1139, 39.37007874015748143 ) ;
#1394 = VECTOR ( 'NONE', #1189, 39.37007874015748143 ) ;
#1395 = VECTOR ( 'NONE', #118, 39.37007874015748143 ) ;
#1396 = DIRECTION ( 'NONE',  ( 0.000000000000000000, 1.255643395844615974E-16, -1.000000000000000000 ) ) ;
#1397 = DIRECTION ( 'NONE',  ( 0.000000000000000000, -1.224606353822375779E-16, 1.000000000000000000 ) ) ;
#1398 = ORIENTED_EDGE ( 'NONE', *, *, #1201, .T. ) ;
#1399 = ORIENTED_EDGE ( 'NONE', *, *, #1765, .F. ) ;
#1400 = DIRECTION ( 'NONE',  ( 0.000000000000000000, 0.000000000000000000, 1.000000000000000000 ) ) ;
#1401 = EDGE_CURVE ( 'NONE', #1196, #1074, #1204, .T. ) ;
#1402 = ORIENTED_EDGE ( 'NONE', *, *, #419, .F. ) ;
#1403 = DIRECTION ( 'NONE',  ( 1.000000000000000000, 0.000000000000000000, 0.000000000000000000 ) ) ;
#1404 = DIRECTION ( 'NONE',  ( 0.000000000000000000, -1.000000000000000000, 0.000000000000000000 ) ) ;
#1405 = EDGE_CURVE ( 'NONE', #322, #744, #1828, .T. ) ;
#1406 = ADVANCED_FACE ( 'NONE', ( #256 ), #1385, .F. ) ;
#1407 = CARTESIAN_POINT ( 'NONE',  ( -0.6799999999999999378, -0.3800000000000000600, -0.1000000000000000056 ) ) ;
#1408 = ORIENTED_EDGE ( 'NONE', *, *, #1625, .T. ) ;
#1409 = ORIENTED_EDGE ( 'NONE', *, *, #1674, .F. ) ;
#1410 = CARTESIAN_POINT ( 'NONE',  ( 0.6799999999999999378, -0.04599999999999999922, -0.1559999999999999998 ) ) ;
#1411 = ORIENTED_EDGE ( 'NONE', *, *, #1865, .F. ) ;
#1412 = LINE ( 'NONE', #290, #1481 ) ;
#1413 = EDGE_CURVE ( 'NONE', #1579, #1015, #1017, .T. ) ;
#1414 = DIRECTION ( 'NONE',  ( -1.000000000000000000, 0.000000000000000000, 0.000000000000000000 ) ) ;
#1415 = CARTESIAN_POINT ( 'NONE',  ( 0.7500000000000008882, -0.01242640687119288441, 0.2936669555172590762 ) ) ;
#1416 = VERTEX_POINT ( 'NONE', #86 ) ;
#1417 = EDGE_CURVE ( 'NONE', #1428, #89, #251, .T. ) ;
#1418 = ORIENTED_EDGE ( 'NONE', *, *, #754, .T. ) ;
#1419 = CARTESIAN_POINT ( 'NONE',  ( -0.6799999999999999378, 1.563812662724439201E-17, 0.1559999999999999998 ) ) ;
#1420 = CARTESIAN_POINT ( 'NONE',  ( -0.7500000000000001110, -0.02999999999999999889, 0.2740000000000000213 ) ) ;
#1421 = DIRECTION ( 'NONE',  ( 0.000000000000000000, 0.000000000000000000, -1.000000000000000000 ) ) ;
#1422 = ORIENTED_EDGE ( 'NONE', *, *, #1279, .T. ) ;
#1423 = VECTOR ( 'NONE', #2030, 39.37007874015748143 ) ;
#1424 = VECTOR ( 'NONE', #141, 39.37007874015748143 ) ;
#1425 = VECTOR ( 'NONE', #259, 39.37007874015748143 ) ;
#1426 = CIRCLE ( 'NONE', #1692, 0.02999999999999998848 ) ;
#1427 = CARTESIAN_POINT ( 'NONE',  ( -0.6799999999999999378, 1.772997370672602637E-17, -0.1559999999999999998 ) ) ;
#1428 = VERTEX_POINT ( 'NONE', #699 ) ;
#1429 = ORIENTED_EDGE ( 'NONE', *, *, #203, .F. ) ;
#1430 = CARTESIAN_POINT ( 'NONE',  ( 0.7500000000000001110, -0.03775513679804137768, -0.2883537076212287498 ) ) ;
#1431 = CARTESIAN_POINT ( 'NONE',  ( -0.7500000000000001110, -0.6400000000000000133, 0.1600000000000000033 ) ) ;
#1432 = ORIENTED_EDGE ( 'NONE', *, *, #176, .F. ) ;
#1433 = LINE ( 'NONE', #969, #927 ) ;
#1434 = ORIENTED_EDGE ( 'NONE', *, *, #674, .T. ) ;
#1435 = CARTESIAN_POINT ( 'NONE',  ( 0.7500000000000001110, -0.04599999999999999922, -0.2900000000000000355 ) ) ;
#1436 = LINE ( 'NONE', #807, #693 ) ;
#1437 = VERTEX_POINT ( 'NONE', #1185 ) ;
#1438 = CARTESIAN_POINT ( 'NONE',  ( 0.7500000000000001110, -0.04599999999999999922, -0.2900000000000000355 ) ) ;
#1439 = DIRECTION ( 'NONE',  ( -0.7071067811865510144, -0.7071067811865440200, 0.000000000000000000 ) ) ;
#1440 = EDGE_LOOP ( 'NONE', ( #510, #1268, #110, #343 ) ) ;
#1441 = CARTESIAN_POINT ( 'NONE',  ( 0.7500000000000001110, -0.04157530026755165004, -0.2899642721902468412 ) ) ;
#1442 = DIRECTION ( 'NONE',  ( 0.000000000000000000, 1.224606353822375779E-16, -1.000000000000000000 ) ) ;
#1443 = CARTESIAN_POINT ( 'NONE',  ( -0.7500000000000001110, -0.3800000000000000600, 0.1000000000000000056 ) ) ;
#1444 = VERTEX_POINT ( 'NONE', #1864 ) ;
#1445 = CARTESIAN_POINT ( 'NONE',  ( -0.7500000000000001110, -0.04599999999999999922, -0.1000000000000000056 ) ) ;
#1446 = AXIS2_PLACEMENT_3D ( 'NONE', #750, #1384, #2008 ) ;
#1447 = VECTOR ( 'NONE', #1083, 39.37007874015748143 ) ;
#1448 = VECTOR ( 'NONE', #1464, 39.37007874015748143 ) ;
#1449 = CARTESIAN_POINT ( 'NONE',  ( 0.6799999999999999378, -0.2286978604307551566, 0.2026708329630633743 ) ) ;
#1450 = DIRECTION ( 'NONE',  ( 1.000000000000000000, 0.000000000000000000, 0.000000000000000000 ) ) ;
#1451 = VECTOR ( 'NONE', #1168, 39.37007874015748143 ) ;
#1452 = ORIENTED_EDGE ( 'NONE', *, *, #1031, .F. ) ;
#1453 = EDGE_CURVE ( 'NONE', #152, #1588, #490, .T. ) ;
#1454 = DIRECTION ( 'NONE',  ( 0.000000000000000000, 0.000000000000000000, -1.000000000000000000 ) ) ;
#1455 = LINE ( 'NONE', #681, #1814 ) ;
#1456 = ORIENTED_EDGE ( 'NONE', *, *, #1617, .F. ) ;
#1457 = ORIENTED_EDGE ( 'NONE', *, *, #1138, .T. ) ;
#1458 = CARTESIAN_POINT ( 'NONE',  ( -0.7100000000000000755, -0.3800000000000000600, -0.1000000000000000056 ) ) ;
#1459 = DIRECTION ( 'NONE',  ( 1.000000000000000000, 0.000000000000000000, -2.008711760047249843E-16 ) ) ;
#1460 = CARTESIAN_POINT ( 'NONE',  ( -0.6799999999999999378, -1.707404996040163279E-17, -0.2740000000000000213 ) ) ;
#1461 = EDGE_LOOP ( 'NONE', ( #535, #994, #1591, #1172 ) ) ;
#1462 = DIRECTION ( 'NONE',  ( 0.000000000000000000, -1.000000000000000000, 0.000000000000000000 ) ) ;
#1463 = FACE_OUTER_BOUND ( 'NONE', #1034, .T. ) ;
#1464 = DIRECTION ( 'NONE',  ( 1.000000000000000000, 0.000000000000000000, 0.000000000000000000 ) ) ;
#1465 = VERTEX_POINT ( 'NONE', #1383 ) ;
#1466 = ORIENTED_EDGE ( 'NONE', *, *, #378, .F. ) ;
#1467 = LINE ( 'NONE', #1608, #1647 ) ;
#1468 = LINE ( 'NONE', #1944, #865 ) ;
#1469 = CARTESIAN_POINT ( 'NONE',  ( -0.7500000000000001110, -0.2286978604307551566, -0.2026708329630633743 ) ) ;
#1470 = VERTEX_POINT ( 'NONE', #1679 ) ;
#1471 = LINE ( 'NONE', #1968, #195 ) ;
#1472 = LINE ( 'NONE', #669, #1061 ) ;
#1473 = EDGE_CURVE ( 'NONE', #1291, #1632, #115, .T. ) ;
#1474 = DIRECTION ( 'NONE',  ( 1.000000000000000000, 0.000000000000000000, 0.000000000000000000 ) ) ;
#1475 = ORIENTED_EDGE ( 'NONE', *, *, #1996, .T. ) ;
#1476 = ORIENTED_EDGE ( 'NONE', *, *, #1154, .T. ) ;
#1477 = FACE_OUTER_BOUND ( 'NONE', #1800, .T. ) ;
#1478 = ADVANCED_FACE ( 'NONE', ( #1217 ), #820, .F. ) ;
#1479 = CARTESIAN_POINT ( 'NONE',  ( 0.6799999999999999378, -0.04599999999999999922, 0.2379623667801334941 ) ) ;
#1480 = VECTOR ( 'NONE', #873, 39.37007874015748143 ) ;
#1481 = VECTOR ( 'NONE', #1872, 39.37007874015748143 ) ;
#1482 =( BOUNDED_SURFACE ( )  B_SPLINE_SURFACE ( 3, 3, ( 
 ( #449, #774, #2038, #1844 ),
 ( #146, #1415, #128, #740 ),
 ( #267, #1570, #1237, #941 ),
 ( #460, #1725, #428, #1528 ) ),
 .UNSPECIFIED., .F., .F., .T. ) 
 B_SPLINE_SURFACE_WITH_KNOTS ( ( 4, 4 ),
 ( 4, 4 ),
 ( 0.000000000000000000, 1.000000000000000000 ),
 ( 0.000000000000000000, 1.000000000000000000 ),
 .UNSPECIFIED. ) 
 GEOMETRIC_REPRESENTATION_ITEM ( )  RATIONAL_B_SPLINE_SURFACE ( (
 ( 1.000000000000000000, 0.8047378541243649375, 0.8047378541243649375, 1.000000000000000000),
 ( 0.8047378541243649375, 0.6476030138606869713, 0.6476030138606869713, 0.8047378541243649375),
 ( 0.8047378541243649375, 0.6476030138606869713, 0.6476030138606869713, 0.8047378541243649375),
 ( 1.000000000000000000, 0.8047378541243649375, 0.8047378541243649375, 1.000000000000000000) ) ) 
 REPRESENTATION_ITEM ( '' )  SURFACE ( )  );
#1483 = LINE ( 'NONE', #998, #2046 ) ;
#1484 = EDGE_CURVE ( 'NONE', #551, #401, #1914, .T. ) ;
#1485 = VECTOR ( 'NONE', #1846, 39.37007874015748143 ) ;
#1486 = CARTESIAN_POINT ( 'NONE',  ( 0.7100000000000000755, -0.6400000000000000133, -0.1000000000000000056 ) ) ;
#1487 = PRESENTATION_LAYER_ASSIGNMENT (  '', '', ( #1525 ) ) ;
#1488 = ORIENTED_EDGE ( 'NONE', *, *, #1526, .T. ) ;
#1489 = FACE_OUTER_BOUND ( 'NONE', #1651, .T. ) ;
#1490 = CARTESIAN_POINT ( 'NONE',  ( -0.6500000000000000222, -0.6100000000000000977, -0.07000000000000000666 ) ) ;
#1491 = VECTOR ( 'NONE', #1535, 39.37007874015748143 ) ;
#1492 = CARTESIAN_POINT ( 'NONE',  ( -0.6799999999999999378, -0.3800000000000000600, 0.1000000000000000056 ) ) ;
#1493 = ORIENTED_EDGE ( 'NONE', *, *, #1860, .T. ) ;
#1494 = ORIENTED_EDGE ( 'NONE', *, *, #530, .F. ) ;
#1495 = ORIENTED_EDGE ( 'NONE', *, *, #1569, .F. ) ;
#1496 = EDGE_CURVE ( 'NONE', #1275, #1967, #126, .T. ) ;
#1497 = DIRECTION ( 'NONE',  ( 0.000000000000000000, 0.9946614699042773955, 0.1031918615388939531 ) ) ;
#1498 = DIRECTION ( 'NONE',  ( 0.000000000000000000, 3.414809992080330502E-16, -1.000000000000000000 ) ) ;
#1499 = ORIENTED_EDGE ( 'NONE', *, *, #457, .F. ) ;
#1500 = FACE_OUTER_BOUND ( 'NONE', #461, .T. ) ;
#1501 = ADVANCED_FACE ( 'NONE', ( #1188 ), #534, .T. ) ;
#1502 = CARTESIAN_POINT ( 'NONE',  ( -0.7500000000000001110, -0.04599999999999999922, 0.1000000000000000056 ) ) ;
#1503 = ORIENTED_EDGE ( 'NONE', *, *, #203, .T. ) ;
#1504 = ORIENTED_EDGE ( 'NONE', *, *, #1473, .F. ) ;
#1505 = CARTESIAN_POINT ( 'NONE',  ( -0.7375735931288062153, -0.01905382386916235418, 0.3199999999999999512 ) ) ;
#1506 = EDGE_CURVE ( 'NONE', #453, #1690, #1009, .T. ) ;
#1507 = CARTESIAN_POINT ( 'NONE',  ( 0.7500000000000001110, -0.02999999999999999889, -0.2740000000000000213 ) ) ;
#1508 = LINE ( 'NONE', #243, #1905 ) ;
#1509 = DIRECTION ( 'NONE',  ( -1.000000000000000000, 0.000000000000000000, 0.000000000000000000 ) ) ;
#1510 = ORIENTED_EDGE ( 'NONE', *, *, #836, .F. ) ;
#1511 = CARTESIAN_POINT ( 'NONE',  ( -0.7100000000000000755, 0.000000000000000000, -0.1000000000000000056 ) ) ;
#1512 = CARTESIAN_POINT ( 'NONE',  ( 0.7500000000000001110, -0.03810437570066043528, 0.2879273947089692753 ) ) ;
#1513 = ORIENTED_EDGE ( 'NONE', *, *, #712, .T. ) ;
#1514 = ORIENTED_EDGE ( 'NONE', *, *, #1183, .T. ) ;
#1515 = ADVANCED_FACE ( 'NONE', ( #255 ), #397, .F. ) ;
#1516 = CARTESIAN_POINT ( 'NONE',  ( 0.7375735931288069924, 0.000000000000000000, -0.2740000000000000213 ) ) ;
#1517 = LINE ( 'NONE', #1019, #652 ) ;
#1518 = ORIENTED_EDGE ( 'NONE', *, *, #38, .F. ) ;
#1519 = CARTESIAN_POINT ( 'NONE',  ( -0.6799999999999999378, -0.04599999999999999922, 0.2379623667801334941 ) ) ;
#1520 = VECTOR ( 'NONE', #2004, 39.37007874015748143 ) ;
#1521 = LINE ( 'NONE', #1502, #266 ) ;
#1522 = VECTOR ( 'NONE', #1106, 39.37007874015748143 ) ;
#1523 = ORIENTED_EDGE ( 'NONE', *, *, #1108, .T. ) ;
#1524 = DIRECTION ( 'NONE',  ( 0.000000000000000000, 0.9946614699042773955, 0.1031918615388939531 ) ) ;
#1525 = STYLED_ITEM ( 'NONE', ( #1925 ), #1199 ) ;
#1526 = EDGE_CURVE ( 'NONE', #211, #1437, #570, .T. ) ;
#1527 = LINE ( 'NONE', #438, #1423 ) ;
#1528 = CARTESIAN_POINT ( 'NONE',  ( 0.7199999999999999734, -0.04599999999999999922, 0.3200000000000000067 ) ) ;
#1529 = LINE ( 'NONE', #1835, #931 ) ;
#1530 = ORIENTED_EDGE ( 'NONE', *, *, #405, .F. ) ;
#1531 = CARTESIAN_POINT ( 'NONE',  ( -0.7375735931288069924, 1.280553747030121689E-17, -0.2740000000000000213 ) ) ;
#1532 = CARTESIAN_POINT ( 'NONE',  ( -0.6799999999999999378, -0.04599999999999999922, -0.1559999999999999998 ) ) ;
#1533 = ORIENTED_EDGE ( 'NONE', *, *, #1288, .T. ) ;
#1534 = CARTESIAN_POINT ( 'NONE',  ( -0.7500000000000001110, -0.2320000000000000118, 0.2345000000000000140 ) ) ;
#1535 = DIRECTION ( 'NONE',  ( 0.000000000000000000, -1.224606353822375779E-16, 1.000000000000000000 ) ) ;
#1536 = ORIENTED_EDGE ( 'NONE', *, *, #166, .T. ) ;
#1537 = CARTESIAN_POINT ( 'NONE',  ( -0.7375735931288073255, 1.280553747030122613E-17, -0.3009461761308381278 ) ) ;
#1538 = CARTESIAN_POINT ( 'NONE',  ( 0.6799999999999999378, 1.707404996040163279E-17, -0.2740000000000000213 ) ) ;
#1539 = ORIENTED_EDGE ( 'NONE', *, *, #746, .T. ) ;
#1540 = CARTESIAN_POINT ( 'NONE',  ( -0.7500000000000001110, -0.2286978604307551566, 0.2026708329630633743 ) ) ;
#1541 =( LENGTH_UNIT ( ) NAMED_UNIT ( * ) SI_UNIT ( $, .METRE. ) );
#1542 = ADVANCED_FACE ( 'NONE', ( #88 ), #381, .T. ) ;
#1543 = CARTESIAN_POINT ( 'NONE',  ( 0.7199999999999999734, -0.04599999999999999922, 0.3200000000000000067 ) ) ;
#1544 = EDGE_LOOP ( 'NONE', ( #1045, #513, #106, #943 ) ) ;
#1545 = ORIENTED_EDGE ( 'NONE', *, *, #1290, .F. ) ;
#1546 = CARTESIAN_POINT ( 'NONE',  ( -0.7375735931288069924, -0.04600000000000009637, -0.3200000000000000622 ) ) ;
#1547 = EDGE_CURVE ( 'NONE', #1777, #505, #1334, .T. ) ;
#1548 = CARTESIAN_POINT ( 'NONE',  ( 0.7100000000000000755, -0.3800000000000000600, 0.1000000000000000056 ) ) ;
#1549 = AXIS2_PLACEMENT_3D ( 'NONE', #1078, #292, #2028 ) ;
#1550 = VECTOR ( 'NONE', #1748, 39.37007874015748143 ) ;
#1551 = ORIENTED_EDGE ( 'NONE', *, *, #1710, .F. ) ;
#1552 = EDGE_CURVE ( 'NONE', #45, #1880, #1804, .T. ) ;
#1553 = LINE ( 'NONE', #136, #156 ) ;
#1554 = VECTOR ( 'NONE', #1767, 39.37007874015748143 ) ;
#1555 = LINE ( 'NONE', #925, #930 ) ;
#1556 = VECTOR ( 'NONE', #1324, 39.37007874015748143 ) ;
#1557 = CIRCLE ( 'NONE', #1975, 0.03199999999999999373 ) ;
#1558 = CARTESIAN_POINT ( 'NONE',  ( 0.7500000000000001110, -0.6400000000000000133, -0.07000000000000000666 ) ) ;
#1559 = ORIENTED_EDGE ( 'NONE', *, *, #1187, .F. ) ;
#1560 = ORIENTED_EDGE ( 'NONE', *, *, #338, .T. ) ;
#1561 = EDGE_CURVE ( 'NONE', #1470, #636, #1517, .T. ) ;
#1562 = CARTESIAN_POINT ( 'NONE',  ( -0.7199999999999999734, -0.04599999999999999922, 0.3200000000000000067 ) ) ;
#1563 = ORIENTED_EDGE ( 'NONE', *, *, #275, .F. ) ;
#1564 = CARTESIAN_POINT ( 'NONE',  ( 0.7199999999999999734, -0.02999999999999999889, -0.2740000000000000213 ) ) ;
#1565 = DIRECTION ( 'NONE',  ( 0.000000000000000000, 0.000000000000000000, 1.000000000000000000 ) ) ;
#1566 =( BOUNDED_SURFACE ( )  B_SPLINE_SURFACE ( 3, 3, ( 
 ( #601, #1869, #893, #1072 ),
 ( #1706, #287, #921, #432 ),
 ( #1531, #1537, #1696, #1546 ),
 ( #1054, #1685, #2001, #1379 ) ),
 .UNSPECIFIED., .F., .F., .T. ) 
 B_SPLINE_SURFACE_WITH_KNOTS ( ( 4, 4 ),
 ( 4, 4 ),
 ( 0.000000000000000000, 1.000000000000000000 ),
 ( 0.000000000000000000, 1.000000000000000000 ),
 .UNSPECIFIED. ) 
 GEOMETRIC_REPRESENTATION_ITEM ( )  RATIONAL_B_SPLINE_SURFACE ( (
 ( 1.000000000000000000, 0.8047378541243649375, 0.8047378541243649375, 1.000000000000000000),
 ( 0.8047378541243649375, 0.6476030138606869713, 0.6476030138606869713, 0.8047378541243649375),
 ( 0.8047378541243649375, 0.6476030138606869713, 0.6476030138606869713, 0.8047378541243649375),
 ( 1.000000000000000000, 0.8047378541243649375, 0.8047378541243649375, 1.000000000000000000) ) ) 
 REPRESENTATION_ITEM ( '' )  SURFACE ( )  );
#1567 = APPLICATION_CONTEXT ( 'automotive_design' ) ;
#1568 = SURFACE_STYLE_USAGE ( .BOTH. , #1680 ) ;
#1569 = EDGE_CURVE ( 'NONE', #1757, #2045, #713, .T. ) ;
#1570 = CARTESIAN_POINT ( 'NONE',  ( 0.7375735931288073255, 1.280553747030126003E-17, 0.3009461761308381278 ) ) ;
#1571 = EDGE_LOOP ( 'NONE', ( #285, #1053, #1027, #950 ) ) ;
#1572 = EDGE_LOOP ( 'NONE', ( #1747, #481, #1429, #1399 ) ) ;
#1573 = CARTESIAN_POINT ( 'NONE',  ( 0.7500000000000001110, -0.2000000000000000111, 0.2345000000000000140 ) ) ;
#1574 = LINE ( 'NONE', #486, #1522 ) ;
#1575 = EDGE_LOOP ( 'NONE', ( #1899, #1130, #1303, #1876, #741, #584, #93, #1559, #1494, #886, #51, #1786, #46, #2000, #1924, #387, #1248, #113, #1197, #1536, #725, #123 ) ) ;
#1576 = ADVANCED_FACE ( 'NONE', ( #686 ), #1346, .F. ) ;
#1577 = LINE ( 'NONE', #1449, #23 ) ;
#1578 = ORIENTED_EDGE ( 'NONE', *, *, #1183, .F. ) ;
#1579 = VERTEX_POINT ( 'NONE', #1368 ) ;
#1580 = CARTESIAN_POINT ( 'NONE',  ( -0.6799999999999999378, -0.6400000000000000133, -0.2740000000000000213 ) ) ;
#1581 = CARTESIAN_POINT ( 'NONE',  ( -0.6500000000000000222, -0.6100000000000000977, 0.07000000000000000666 ) ) ;
#1582 = VECTOR ( 'NONE', #25, 39.37007874015748143 ) ;
#1583 = VECTOR ( 'NONE', #1220, 39.37007874015748143 ) ;
#1584 = EDGE_CURVE ( 'NONE', #89, #348, #1508, .T. ) ;
#1585 = AXIS2_PLACEMENT_3D ( 'NONE', #1105, #787, #1098 ) ;
#1586 = AXIS2_PLACEMENT_3D ( 'NONE', #489, #1121, #711 ) ;
#1587 = CARTESIAN_POINT ( 'NONE',  ( 0.7199999999999999734, 3.272526242410315006E-17, -0.2740000000000000213 ) ) ;
#1588 = VERTEX_POINT ( 'NONE', #881 ) ;
#1589 = DIRECTION ( 'NONE',  ( 0.000000000000000000, 0.000000000000000000, -1.000000000000000000 ) ) ;
#1590 = CARTESIAN_POINT ( 'NONE',  ( 0.6799999999999999378, -0.2000000000000000111, -0.2345000000000000140 ) ) ;
#1591 = ORIENTED_EDGE ( 'NONE', *, *, #236, .T. ) ;
#1592 = FACE_OUTER_BOUND ( 'NONE', #934, .T. ) ;
#1593 = PRODUCT_CONTEXT ( 'NONE', #1985, 'mechanical' ) ;
#1594 = CARTESIAN_POINT ( 'NONE',  ( 0.7500000000000001110, -0.2000000000000000111, -0.2345000000000000140 ) ) ;
#1595 = ORIENTED_EDGE ( 'NONE', *, *, #220, .F. ) ;
#1596 = LINE ( 'NONE', #502, #1056 ) ;
#1597 = CARTESIAN_POINT ( 'NONE',  ( -0.7500000000000001110, -0.04389833032525574524, -0.2899830297966318748 ) ) ;
#1598 = ORIENTED_EDGE ( 'NONE', *, *, #1040, .T. ) ;
#1599 = CARTESIAN_POINT ( 'NONE',  ( 0.7500000000000001110, -0.2000000000000000111, -0.2900000000000000355 ) ) ;
#1600 = LINE ( 'NONE', #508, #1117 ) ;
#1601 = CARTESIAN_POINT ( 'NONE',  ( -0.7100000000000000755, -0.3800000000000000600, 0.1000000000000000056 ) ) ;
#1602 = ADVANCED_FACE ( 'NONE', ( #1966 ), #1203, .T. ) ;
#1603 = ORIENTED_EDGE ( 'NONE', *, *, #448, .T. ) ;
#1604 = DIRECTION ( 'NONE',  ( 0.000000000000000000, -1.000000000000000000, -3.414809992080330502E-16 ) ) ;
#1605 = PLANE ( 'NONE',  #158 ) ;
#1606 = ADVANCED_FACE ( 'NONE', ( #1321 ), #1990, .F. ) ;
#1607 = ORIENTED_EDGE ( 'NONE', *, *, #1154, .F. ) ;
#1608 = CARTESIAN_POINT ( 'NONE',  ( 0.7500000000000001110, -0.6400000000000000133, 0.1600000000000000033 ) ) ;
#1609 = EDGE_CURVE ( 'NONE', #753, #1757, #1051, .T. ) ;
#1610 = CIRCLE ( 'NONE', #1059, 0.02999999999999999889 ) ;
#1611 = AXIS2_PLACEMENT_3D ( 'NONE', #1564, #475, #937 ) ;
#1612 = VECTOR ( 'NONE', #1655, 39.37007874015748143 ) ;
#1613 = DIRECTION ( 'NONE',  ( 1.000000000000000000, 0.000000000000000000, -5.691349986800559712E-16 ) ) ;
#1614 = DIRECTION ( 'NONE',  ( 0.000000000000000000, 1.000000000000000000, 0.000000000000000000 ) ) ;
#1615 = VECTOR ( 'NONE', #715, 39.37007874015748143 ) ;
#1616 = ORIENTED_EDGE ( 'NONE', *, *, #192, .F. ) ;
#1617 = EDGE_CURVE ( 'NONE', #1444, #672, #763, .T. ) ;
#1618 = PLANE ( 'NONE',  #796 ) ;
#1619 = LINE ( 'NONE', #200, #463 ) ;
#1620 = ORIENTED_EDGE ( 'NONE', *, *, #1345, .T. ) ;
#1621 = ORIENTED_EDGE ( 'NONE', *, *, #1496, .T. ) ;
#1622 = CARTESIAN_POINT ( 'NONE',  ( 0.7199999999999999734, -0.04599999999999999922, -0.2900000000000000355 ) ) ;
#1623 = PLANE ( 'NONE',  #1283 ) ;
#1624 = CARTESIAN_POINT ( 'NONE',  ( 0.6799999999999999378, -0.2000000000000000111, 0.3200000000000000067 ) ) ;
#1625 = EDGE_CURVE ( 'NONE', #546, #1895, #1704, .T. ) ;
#1626 = EDGE_CURVE ( 'NONE', #322, #377, #1092, .T. ) ;
#1627 = ORIENTED_EDGE ( 'NONE', *, *, #1332, .F. ) ;
#1628 = LINE ( 'NONE', #1936, #427 ) ;
#1629 = LINE ( 'NONE', #537, #27 ) ;
#1630 = CARTESIAN_POINT ( 'NONE',  ( -0.7500000000000001110, -0.03908042409687877833, -0.2884345151263448814 ) ) ;
#1631 = ORIENTED_EDGE ( 'NONE', *, *, #1076, .T. ) ;
#1632 = VERTEX_POINT ( 'NONE', #1229 ) ;
#1633 = CARTESIAN_POINT ( 'NONE',  ( -0.6799999999999999378, -0.04599999999999999922, -0.2740000000000000213 ) ) ;
#1634 = DIRECTION ( 'NONE',  ( 0.000000000000000000, 0.000000000000000000, 1.000000000000000000 ) ) ;
#1635 = LINE ( 'NONE', #367, #1227 ) ;
#1636 = CARTESIAN_POINT ( 'NONE',  ( 0.7199999999999999734, -0.04599999999999999922, -0.2900000000000000355 ) ) ;
#1637 = DIRECTION ( 'NONE',  ( 0.000000000000000000, 1.000000000000000000, 0.000000000000000000 ) ) ;
#1638 = EDGE_LOOP ( 'NONE', ( #101, #1171, #1523, #1962 ) ) ;
#1639 = CARTESIAN_POINT ( 'NONE',  ( 0.6799999999999999378, -3.589808332893137583E-19, 0.1559999999999999998 ) ) ;
#1640 = DIRECTION ( 'NONE',  ( 0.000000000000000000, 0.000000000000000000, 1.000000000000000000 ) ) ;
#1641 = DIRECTION ( 'NONE',  ( 0.000000000000000000, 0.000000000000000000, -1.000000000000000000 ) ) ;
#1642 = ORIENTED_EDGE ( 'NONE', *, *, #1249, .F. ) ;
#1643 = ORIENTED_EDGE ( 'NONE', *, *, #1763, .F. ) ;
#1644 = CARTESIAN_POINT ( 'NONE',  ( -0.7375735931288069924, 0.000000000000000000, 0.2740000000000000213 ) ) ;
#1645 = CARTESIAN_POINT ( 'NONE',  ( -0.6799999999999999378, -0.04599999999999999922, 0.3200000000000000067 ) ) ;
#1646 = VECTOR ( 'NONE', #1397, 39.37007874015748143 ) ;
#1647 = VECTOR ( 'NONE', #1141, 39.37007874015748143 ) ;
#1648 = VECTOR ( 'NONE', #1024, 39.37007874015748143 ) ;
#1649 = DIRECTION ( 'NONE',  ( 0.000000000000000000, 0.000000000000000000, 1.000000000000000000 ) ) ;
#1650 = VECTOR ( 'NONE', #1730, 39.37007874015748143 ) ;
#1651 = EDGE_LOOP ( 'NONE', ( #1643, #1323, #10, #202 ) ) ;
#1652 = DIRECTION ( 'NONE',  ( 0.000000000000000000, 0.000000000000000000, -1.000000000000000000 ) ) ;
#1653 = CARTESIAN_POINT ( 'NONE',  ( 0.6799999999999999378, -0.04599999999999999922, -0.2379623667801334941 ) ) ;
#1654 = VECTOR ( 'NONE', #1175, 39.37007874015748143 ) ;
#1655 = DIRECTION ( 'NONE',  ( 0.000000000000000000, 0.000000000000000000, 1.000000000000000000 ) ) ;
#1656 = ORIENTED_EDGE ( 'NONE', *, *, #1875, .T. ) ;
#1657 = ORIENTED_EDGE ( 'NONE', *, *, #142, .T. ) ;
#1658 = CARTESIAN_POINT ( 'NONE',  ( -0.7200000000000006395, -0.01905382386916236112, 0.3200000000000000622 ) ) ;
#1659 = EDGE_CURVE ( 'NONE', #453, #148, #284, .T. ) ;
#1660 = ADVANCED_FACE ( 'NONE', ( #917 ), #1482, .T. ) ;
#1661 = LINE ( 'NONE', #856, #1847 ) ;
#1662 = CARTESIAN_POINT ( 'NONE',  ( -0.6799999999999999378, 6.829619984160649418E-17, -0.2740000000000000213 ) ) ;
#1663 = ORIENTED_EDGE ( 'NONE', *, *, #1453, .F. ) ;
#1664 = DIRECTION ( 'NONE',  ( 0.000000000000000000, 0.000000000000000000, -1.000000000000000000 ) ) ;
#1665 = EDGE_CURVE ( 'NONE', #2045, #540, #1867, .T. ) ;
#1666 = CARTESIAN_POINT ( 'NONE',  ( 0.7500000000000001110, -0.03164629237876807194, 0.2822448632019570747 ) ) ;
#1667 = ORIENTED_EDGE ( 'NONE', *, *, #1561, .F. ) ;
#1668 = CARTESIAN_POINT ( 'NONE',  ( -0.7499999999999998890, -0.02633304448274090270, 0.3075735931288069991 ) ) ;
#1669 = CARTESIAN_POINT ( 'NONE',  ( 0.6799999999999999378, -8.537024980200825639E-18, -0.2740000000000000213 ) ) ;
#1670 = CARTESIAN_POINT ( 'NONE',  ( 0.7375735931288062153, 2.000349380433496833E-17, -0.3009461761308376837 ) ) ;
#1671 = DIRECTION ( 'NONE',  ( 1.000000000000000000, 0.000000000000000000, 0.000000000000000000 ) ) ;
#1672 = ORIENTED_EDGE ( 'NONE', *, *, #882, .T. ) ;
#1673 = DIRECTION ( 'NONE',  ( -1.000000000000000000, 0.000000000000000000, 0.000000000000000000 ) ) ;
#1674 = EDGE_CURVE ( 'NONE', #1994, #1114, #2031, .T. ) ;
#1675 = DIRECTION ( 'NONE',  ( 0.000000000000000000, 0.000000000000000000, -1.000000000000000000 ) ) ;
#1676 = ORIENTED_EDGE ( 'NONE', *, *, #309, .T. ) ;
#1677 = LINE ( 'NONE', #261, #593 ) ;
#1678 = UNCERTAINTY_MEASURE_WITH_UNIT (LENGTH_MEASURE( 1.000000000000000082E-05 ), #749, 'distance_accuracy_value', 'NONE');
#1679 = CARTESIAN_POINT ( 'NONE',  ( -0.7500000000000001110, -0.3800000000000000600, -0.1000000000000000056 ) ) ;
#1680 = SURFACE_SIDE_STYLE ('',( #617 ) ) ;
#1681 = VECTOR ( 'NONE', #149, 39.37007874015748143 ) ;
#1682 = CARTESIAN_POINT ( 'NONE',  ( 0.7199999999999999734, 1.187771652140307172E-18, 0.2740000000000000213 ) ) ;
#1683 = CARTESIAN_POINT ( 'NONE',  ( -0.6799999999999999378, -0.6100000000000000977, 0.07000000000000000666 ) ) ;
#1684 = VERTEX_POINT ( 'NONE', #109 ) ;
#1685 = CARTESIAN_POINT ( 'NONE',  ( -0.7199999999999996403, 1.280553747030124462E-17, -0.3009461761308375727 ) ) ;
#1686 = STYLED_ITEM ( 'NONE', ( #276 ), #702 ) ;
#1687 = VECTOR ( 'NONE', #1095, 39.37007874015748143 ) ;
#1688 = DIRECTION ( 'NONE',  ( 0.000000000000000000, 1.000000000000000000, -1.138269997360110167E-15 ) ) ;
#1689 = AXIS2_PLACEMENT_3D ( 'NONE', #1711, #1737, #478 ) ;
#1690 = VERTEX_POINT ( 'NONE', #901 ) ;
#1691 = LINE ( 'NONE', #422, #1118 ) ;
#1692 = AXIS2_PLACEMENT_3D ( 'NONE', #206, #822, #185 ) ;
#1693 =( NAMED_UNIT ( * ) PLANE_ANGLE_UNIT ( ) SI_UNIT ( $, .RADIAN. ) );
#1694 = CARTESIAN_POINT ( 'NONE',  ( 0.6799999999999999378, -0.2320000000000000118, 0.2345000000000000140 ) ) ;
#1695 = ORIENTED_EDGE ( 'NONE', *, *, #125, .T. ) ;
#1696 = CARTESIAN_POINT ( 'NONE',  ( -0.7375735931288073255, -0.01905382386916241316, -0.3200000000000003952 ) ) ;
#1697 = EDGE_CURVE ( 'NONE', #402, #335, #1062, .T. ) ;
#1698 = CARTESIAN_POINT ( 'NONE',  ( -0.7199999999999999734, -0.04599999999999999922, -0.2900000000000000355 ) ) ;
#1699 = EDGE_CURVE ( 'NONE', #1010, #1777, #871, .T. ) ;
#1700 = ORIENTED_EDGE ( 'NONE', *, *, #712, .F. ) ;
#1701 = LINE ( 'NONE', #632, #653 ) ;
#1702 = EDGE_CURVE ( 'NONE', #473, #505, #1557, .T. ) ;
#1703 = EDGE_CURVE ( 'NONE', #1437, #1370, #910, .T. ) ;
#1704 = LINE ( 'NONE', #1558, #961 ) ;
#1705 = VERTEX_POINT ( 'NONE', #1998 ) ;
#1706 = CARTESIAN_POINT ( 'NONE',  ( -0.7499999999999998890, -0.01242640687119285318, -0.2740000000000000213 ) ) ;
#1707 = CARTESIAN_POINT ( 'NONE',  ( -0.7100000000000000755, 1.174701232127429130E-17, -0.1000000000000000056 ) ) ;
#1708 = VERTEX_POINT ( 'NONE', #607 ) ;
#1709 = CARTESIAN_POINT ( 'NONE',  ( 0.7100000000000000755, 0.000000000000000000, 0.1000000000000000056 ) ) ;
#1710 = EDGE_CURVE ( 'NONE', #139, #714, #618, .T. ) ;
#1711 = CARTESIAN_POINT ( 'NONE',  ( 0.6500000000000000222, -0.6100000000000000977, 0.07000000000000000666 ) ) ;
#1712 = DIRECTION ( 'NONE',  ( 0.000000000000000000, 1.000000000000000000, 6.566942292462169586E-17 ) ) ;
#1713 = ORIENTED_EDGE ( 'NONE', *, *, #404, .F. ) ;
#1714 = LINE ( 'NONE', #1562, #1282 ) ;
#1715 = AXIS2_PLACEMENT_3D ( 'NONE', #1815, #370, #1978 ) ;
#1716 = CIRCLE ( 'NONE', #626, 0.04599999999999999922 ) ;
#1717 = ORIENTED_EDGE ( 'NONE', *, *, #1201, .F. ) ;
#1718 = DIRECTION ( 'NONE',  ( 0.000000000000000000, -0.1031918615388940502, 0.9946614699042773955 ) ) ;
#1719 = CIRCLE ( 'NONE', #1025, 0.02999999999999999889 ) ;
#1720 = DIRECTION ( 'NONE',  ( 0.000000000000000000, -0.9510565162951556406, 0.3090169943749409565 ) ) ;
#1721 = AXIS2_PLACEMENT_3D ( 'NONE', #69, #43, #1807 ) ;
#1722 = ADVANCED_FACE ( 'NONE', ( #587 ), #1218, .F. ) ;
#1723 = FILL_AREA_STYLE ('',( #940 ) ) ;
#1724 = EDGE_CURVE ( 'NONE', #590, #1275, #597, .T. ) ;
#1725 = CARTESIAN_POINT ( 'NONE',  ( 0.7200000000000006395, 1.280553747030124462E-17, 0.3009461761308375727 ) ) ;
#1726 = VERTEX_POINT ( 'NONE', #1143 ) ;
#1727 = ORIENTED_EDGE ( 'NONE', *, *, #628, .F. ) ;
#1728 = LINE ( 'NONE', #944, #1520 ) ;
#1729 = ADVANCED_FACE ( 'NONE', ( #948 ), #1739, .T. ) ;
#1730 = DIRECTION ( 'NONE',  ( 0.000000000000000000, 1.000000000000000000, 0.000000000000000000 ) ) ;
#1731 = DIRECTION ( 'NONE',  ( -1.000000000000000000, 0.000000000000000000, 0.000000000000000000 ) ) ;
#1732 = EDGE_LOOP ( 'NONE', ( #201, #1039, #936, #1156 ) ) ;
#1733 = CARTESIAN_POINT ( 'NONE',  ( -0.6799999999999999378, 1.187771652140307172E-18, 0.2740000000000000213 ) ) ;
#1734 = ORIENTED_EDGE ( 'NONE', *, *, #157, .T. ) ;
#1735 = CARTESIAN_POINT ( 'NONE',  ( -0.6799999999999999378, -0.04599999999999999922, -0.2379623667801334941 ) ) ;
#1736 = ADVANCED_FACE ( 'NONE', ( #8 ), #959, .F. ) ;
#1737 = DIRECTION ( 'NONE',  ( 1.000000000000000000, 0.000000000000000000, 0.000000000000000000 ) ) ;
#1738 = EDGE_LOOP ( 'NONE', ( #1518, #734, #2010, #1408 ) ) ;
#1739 = PLANE ( 'NONE',  #1812 ) ;
#1740 = DIMENSIONAL_EXPONENTS ( 1.000000000000000000, 0.000000000000000000, 0.000000000000000000, 0.000000000000000000, 0.000000000000000000, 0.000000000000000000, 0.000000000000000000 ) ;
#1741 = ORIENTED_EDGE ( 'NONE', *, *, #962, .T. ) ;
#1742 = DIRECTION ( 'NONE',  ( -1.000000000000000000, 0.000000000000000000, 0.000000000000000000 ) ) ;
#1743 =( NAMED_UNIT ( * ) SI_UNIT ( $, .STERADIAN. ) SOLID_ANGLE_UNIT ( ) );
#1744 = CARTESIAN_POINT ( 'NONE',  ( -0.7500000000000001110, -0.03544629128157759934, -0.2860809198232421302 ) ) ;
#1745 = AXIS2_PLACEMENT_3D ( 'NONE', #1694, #472, #1101 ) ;
#1746 = VECTOR ( 'NONE', #160, 39.37007874015748143 ) ;
#1747 = ORIENTED_EDGE ( 'NONE', *, *, #105, .F. ) ;
#1748 = DIRECTION ( 'NONE',  ( -1.000000000000000000, 0.000000000000000000, 0.000000000000000000 ) ) ;
#1749 = VECTOR ( 'NONE', #880, 39.37007874015748143 ) ;
#1750 = CIRCLE ( 'NONE', #2012, 0.04599999999999999922 ) ;
#1751 = AXIS2_PLACEMENT_3D ( 'NONE', #1260, #1604, #973 ) ;
#1752 = AXIS2_PLACEMENT_3D ( 'NONE', #1827, #1044, #733 ) ;
#1753 = DIRECTION ( 'NONE',  ( 0.000000000000000000, 1.000000000000000000, 0.000000000000000000 ) ) ;
#1754 = ORIENTED_EDGE ( 'NONE', *, *, #611, .F. ) ;
#1755 = DIRECTION ( 'NONE',  ( 1.000000000000000000, 0.000000000000000000, 0.000000000000000000 ) ) ;
#1756 = LINE ( 'NONE', #1160, #729 ) ;
#1757 = VERTEX_POINT ( 'NONE', #1587 ) ;
#1758 = CYLINDRICAL_SURFACE ( 'NONE', #423, 0.04599999999999999922 ) ;
#1759 = EDGE_CURVE ( 'NONE', #682, #1791, #28, .T. ) ;
#1760 = ADVANCED_FACE ( 'NONE', ( #675 ), #986, .F. ) ;
#1761 = LINE ( 'NONE', #635, #430 ) ;
#1762 = PLANE ( 'NONE',  #162 ) ;
#1763 = EDGE_CURVE ( 'NONE', #1114, #600, #1433, .T. ) ;
#1764 = ORIENTED_EDGE ( 'NONE', *, *, #817, .F. ) ;
#1765 = EDGE_CURVE ( 'NONE', #1071, #335, #1577, .T. ) ;
#1766 = DIRECTION ( 'NONE',  ( 0.000000000000000000, -1.000000000000000000, 0.000000000000000000 ) ) ;
#1767 = DIRECTION ( 'NONE',  ( 0.000000000000000000, -1.000000000000000000, -4.596859604723519820E-16 ) ) ;
#1768 = ORIENTED_EDGE ( 'NONE', *, *, #1214, .T. ) ;
#1769 = CARTESIAN_POINT ( 'NONE',  ( -0.7100000000000000755, -0.3800000000000000600, -0.1000000000000000056 ) ) ;
#1770 = ADVANCED_FACE ( 'NONE', ( #342 ), #175, .T. ) ;
#1771 = DIRECTION ( 'NONE',  ( 1.000000000000000000, 0.000000000000000000, 0.000000000000000000 ) ) ;
#1772 =( BOUNDED_SURFACE ( )  B_SPLINE_SURFACE ( 3, 3, ( 
 ( #890, #1366, #394, #1507 ),
 ( #1032, #720, #1353, #1826 ),
 ( #406, #1042, #1670, #1516 ),
 ( #1989, #2005, #900, #263 ) ),
 .UNSPECIFIED., .F., .F., .F. ) 
 B_SPLINE_SURFACE_WITH_KNOTS ( ( 4, 4 ),
 ( 4, 4 ),
 ( 0.000000000000000000, 1.000000000000000000 ),
 ( 0.000000000000000000, 1.000000000000000000 ),
 .UNSPECIFIED. ) 
 GEOMETRIC_REPRESENTATION_ITEM ( )  RATIONAL_B_SPLINE_SURFACE ( (
 ( 1.000000000000000000, 0.8047378541243649375, 0.8047378541243649375, 1.000000000000000000),
 ( 0.8047378541243649375, 0.6476030138606879705, 0.6476030138606879705, 0.8047378541243649375),
 ( 0.8047378541243649375, 0.6476030138606879705, 0.6476030138606879705, 0.8047378541243649375),
 ( 1.000000000000000000, 0.8047378541243649375, 0.8047378541243649375, 1.000000000000000000) ) ) 
 REPRESENTATION_ITEM ( '' )  SURFACE ( )  );
#1773 = DIRECTION ( 'NONE',  ( 1.000000000000000000, 0.000000000000000000, 0.000000000000000000 ) ) ;
#1774 = ORIENTED_EDGE ( 'NONE', *, *, #777, .F. ) ;
#1775 = CARTESIAN_POINT ( 'NONE',  ( -0.7500000000000001110, -0.2286978604307551566, 0.2026708329630633743 ) ) ;
#1776 = DIRECTION ( 'NONE',  ( 0.000000000000000000, 1.255643395844615974E-16, -1.000000000000000000 ) ) ;
#1777 = VERTEX_POINT ( 'NONE', #1594 ) ;
#1778 = ORIENTED_EDGE ( 'NONE', *, *, #117, .F. ) ;
#1779 = CARTESIAN_POINT ( 'NONE',  ( 0.6799999999999999378, -0.2000000000000000111, 0.2345000000000000140 ) ) ;
#1780 = EDGE_CURVE ( 'NONE', #450, #878, #1192, .T. ) ;
#1781 =( GEOMETRIC_REPRESENTATION_CONTEXT ( 3 ) GLOBAL_UNCERTAINTY_ASSIGNED_CONTEXT ( ( #1100 ) ) GLOBAL_UNIT_ASSIGNED_CONTEXT ( ( #1063, #1693, #293 ) ) REPRESENTATION_CONTEXT ( 'NONE', 'WORKASPACE' ) );
#1782 = VECTOR ( 'NONE', #1941, 39.37007874015748143 ) ;
#1783 = VECTOR ( 'NONE', #1047, 39.37007874015748143 ) ;
#1784 = FACE_OUTER_BOUND ( 'NONE', #135, .T. ) ;
#1785 = VECTOR ( 'NONE', #237, 39.37007874015748143 ) ;
#1786 = ORIENTED_EDGE ( 'NONE', *, *, #14, .F. ) ;
#1787 = DIRECTION ( 'NONE',  ( 1.000000000000000000, 0.000000000000000000, 0.000000000000000000 ) ) ;
#1788 = DIRECTION ( 'NONE',  ( 1.000000000000000000, 0.000000000000000000, 0.000000000000000000 ) ) ;
#1789 = FACE_OUTER_BOUND ( 'NONE', #541, .T. ) ;
#1790 = ORIENTED_EDGE ( 'NONE', *, *, #314, .T. ) ;
#1791 = VERTEX_POINT ( 'NONE', #665 ) ;
#1792 = PLANE ( 'NONE',  #97 ) ;
#1793 = LINE ( 'NONE', #685, #59 ) ;
#1794 = LINE ( 'NONE', #667, #870 ) ;
#1795 = DIRECTION ( 'NONE',  ( 1.000000000000000000, 0.000000000000000000, 0.000000000000000000 ) ) ;
#1796 = ORIENTED_EDGE ( 'NONE', *, *, #606, .T. ) ;
#1797 = CARTESIAN_POINT ( 'NONE',  ( 0.7199999999999999734, -0.02999999999999999889, -0.2740000000000000213 ) ) ;
#1798 = DIRECTION ( 'NONE',  ( -1.000000000000000000, 0.000000000000000000, 0.000000000000000000 ) ) ;
#1799 = PLANE ( 'NONE',  #1848 ) ;
#1800 = EDGE_LOOP ( 'NONE', ( #1499, #1563, #831, #1107, #1216, #1821, #1335, #190 ) ) ;
#1801 = VERTEX_POINT ( 'NONE', #1427 ) ;
#1802 = CARTESIAN_POINT ( 'NONE',  ( -0.7499999999999998890, -0.01242640687119285318, 0.2740000000000000213 ) ) ;
#1803 = DIRECTION ( 'NONE',  ( 0.000000000000000000, 1.000000000000000000, 6.566942292462169586E-17 ) ) ;
#1804 = LINE ( 'NONE', #1469, #1480 ) ;
#1805 = EDGE_LOOP ( 'NONE', ( #1038, #784, #1984, #371 ) ) ;
#1806 = CARTESIAN_POINT ( 'NONE',  ( -0.7500000000000001110, -0.02999999999999999889, 0.2740000000000000213 ) ) ;
#1807 = DIRECTION ( 'NONE',  ( 0.000000000000000000, 0.000000000000000000, -1.000000000000000000 ) ) ;
#1808 = CARTESIAN_POINT ( 'NONE',  ( -0.7199999999999999734, -0.04599999999999999922, 0.3200000000000000067 ) ) ;
#1809 = ORIENTED_EDGE ( 'NONE', *, *, #1987, .T. ) ;
#1810 = ORIENTED_EDGE ( 'NONE', *, *, #752, .T. ) ;
#1811 = DIRECTION ( 'NONE',  ( 0.000000000000000000, 0.000000000000000000, -1.000000000000000000 ) ) ;
#1812 = AXIS2_PLACEMENT_3D ( 'NONE', #324, #1900, #643 ) ;
#1813 = CLOSED_SHELL ( 'NONE', ( #1110, #476, #666, #7, #1367, #1331, #1602, #1976, #1870, #1760, #1576, #560, #9, #484, #945, #1244, #1184, #1036, #1606, #470, #558, #1406, #1263, #1770, #1264, #85, #1542, #1116, #302, #232, #727, #1005, #1478, #1722, #791, #680, #970, #294, #1209, #79, #1729, #918, #1979, #1931, #30, #1501, #1660, #254, #1515, #1736, #1338, #1221, #305, #1119, #1913, #92, #1825 ) ) ;
#1814 = VECTOR ( 'NONE', #982, 39.37007874015748143 ) ;
#1815 = CARTESIAN_POINT ( 'NONE',  ( -0.7500000000000001110, -0.2320000000000000118, 0.2345000000000000140 ) ) ;
#1816 = VECTOR ( 'NONE', #1308, 39.37007874015748143 ) ;
#1817 = ORIENTED_EDGE ( 'NONE', *, *, #1125, .T. ) ;
#1818 = DIRECTION ( 'NONE',  ( 0.000000000000000000, 0.000000000000000000, -1.000000000000000000 ) ) ;
#1819 = VECTOR ( 'NONE', #1033, 39.37007874015748143 ) ;
#1820 = FACE_OUTER_BOUND ( 'NONE', #140, .T. ) ;
#1821 = ORIENTED_EDGE ( 'NONE', *, *, #1617, .T. ) ;
#1822 = ORIENTED_EDGE ( 'NONE', *, *, #405, .T. ) ;
#1823 = CARTESIAN_POINT ( 'NONE',  ( -0.7499999999999998890, -0.02999999999999994685, 0.2833725830020307201 ) ) ;
#1824 = B_SPLINE_CURVE_WITH_KNOTS ( 'NONE', 3,
 ( #1435, #1441, #1430, #20, #1917, #799, #1137, #639, #1269, #1296, #809 ),
 .UNSPECIFIED., .F., .F.,
 ( 4, 2, 1, 2, 2, 4 ),
 ( 0.000000000000000000, 0.5000000000000000000, 0.6250000000000000000, 0.6875000000000000000, 0.7500000000000000000, 1.000000000000000000 ),
 .UNSPECIFIED. ) ;
#1825 = ADVANCED_FACE ( 'NONE', ( #39, #1915 ), #1298, .T. ) ;
#1826 = CARTESIAN_POINT ( 'NONE',  ( 0.7499999999999998890, -0.01242640687119285318, -0.2740000000000000213 ) ) ;
#1827 = CARTESIAN_POINT ( 'NONE',  ( 0.7149999999999999689, -0.4799999999999999822, -0.1000000000000000056 ) ) ;
#1828 = LINE ( 'NONE', #408, #1029 ) ;
#1829 = ORIENTED_EDGE ( 'NONE', *, *, #773, .F. ) ;
#1830 = DIRECTION ( 'NONE',  ( -0.000000000000000000, 1.000000000000000000, 0.000000000000000000 ) ) ;
#1831 = CARTESIAN_POINT ( 'NONE',  ( 0.7500000000000001110, -0.04599999999999999922, 0.2900000000000000355 ) ) ;
#1832 = EDGE_LOOP ( 'NONE', ( #143, #1981, #919, #518 ) ) ;
#1833 = PLANE ( 'NONE',  #127 ) ;
#1834 = DIRECTION ( 'NONE',  ( -1.000000000000000000, 0.000000000000000000, 0.000000000000000000 ) ) ;
#1835 = CARTESIAN_POINT ( 'NONE',  ( -0.6799999999999999378, -0.2286978604307551566, -0.2026708329630633743 ) ) ;
#1836 = ORIENTED_EDGE ( 'NONE', *, *, #628, .T. ) ;
#1837 = CARTESIAN_POINT ( 'NONE',  ( -0.7199999999999999734, -0.2000000000000000111, -0.3200000000000000067 ) ) ;
#1838 = DIRECTION ( 'NONE',  ( 0.000000000000000000, -4.596859604723519820E-16, 1.000000000000000000 ) ) ;
#1839 = ORIENTED_EDGE ( 'NONE', *, *, #773, .T. ) ;
#1840 = CARTESIAN_POINT ( 'NONE',  ( -0.7100000000000000755, -0.3800000000000000600, -0.1000000000000000056 ) ) ;
#1841 = EDGE_CURVE ( 'NONE', #164, #35, #1600, .T. ) ;
#1842 = EDGE_CURVE ( 'NONE', #514, #164, #196, .T. ) ;
#1843 = VECTOR ( 'NONE', #389, 39.37007874015748143 ) ;
#1844 = CARTESIAN_POINT ( 'NONE',  ( 0.7500000000000001110, -0.04599999999999999922, 0.2900000000000000355 ) ) ;
#1845 = EDGE_LOOP ( 'NONE', ( #181, #1357, #6, #683 ) ) ;
#1846 = DIRECTION ( 'NONE',  ( -1.000000000000000000, 0.000000000000000000, 0.000000000000000000 ) ) ;
#1847 = VECTOR ( 'NONE', #1965, 39.37007874015748143 ) ;
#1848 = AXIS2_PLACEMENT_3D ( 'NONE', #374, #350, #670 ) ;
#1849 = CARTESIAN_POINT ( 'NONE',  ( -0.6799999999999999378, -0.04599999999999999922, -0.3200000000000000067 ) ) ;
#1850 = AXIS2_PLACEMENT_3D ( 'NONE', #1636, #215, #857 ) ;
#1851 = VERTEX_POINT ( 'NONE', #1932 ) ;
#1852 = PLANE ( 'NONE',  #1086 ) ;
#1853 = CIRCLE ( 'NONE', #65, 0.03199999999999999373 ) ;
#1854 = EDGE_CURVE ( 'NONE', #1275, #753, #226, .T. ) ;
#1855 = DIRECTION ( 'NONE',  ( 0.000000000000000000, 0.000000000000000000, 1.000000000000000000 ) ) ;
#1856 = DIRECTION ( 'NONE',  ( -1.000000000000000000, 0.000000000000000000, 0.000000000000000000 ) ) ;
#1857 = ORIENTED_EDGE ( 'NONE', *, *, #1453, .T. ) ;
#1858 = ORIENTED_EDGE ( 'NONE', *, *, #1926, .T. ) ;
#1859 = CARTESIAN_POINT ( 'NONE',  ( -0.6500000000000000222, -0.6100000000000000977, 0.07000000000000000666 ) ) ;
#1860 = EDGE_CURVE ( 'NONE', #1428, #636, #803, .T. ) ;
#1861 = CARTESIAN_POINT ( 'NONE',  ( -0.7100000000000000755, -0.3800000000000000600, -0.1000000000000000056 ) ) ;
#1862 = ORIENTED_EDGE ( 'NONE', *, *, #889, .F. ) ;
#1863 = FACE_OUTER_BOUND ( 'NONE', #1544, .T. ) ;
#1864 = CARTESIAN_POINT ( 'NONE',  ( -0.6799999999999999378, -0.5150000000000000133, -0.1000000000000000056 ) ) ;
#1865 = EDGE_CURVE ( 'NONE', #35, #1437, #1761, .T. ) ;
#1866 =( NAMED_UNIT ( * ) SI_UNIT ( $, .STERADIAN. ) SOLID_ANGLE_UNIT ( ) );
#1867 = LINE ( 'NONE', #1886, #1646 ) ;
#1868 = ORIENTED_EDGE ( 'NONE', *, *, #674, .F. ) ;
#1869 = CARTESIAN_POINT ( 'NONE',  ( -0.7499999999999998890, -0.03000000000000004746, -0.2833725830020307201 ) ) ;
#1870 = ADVANCED_FACE ( 'NONE', ( #480 ), #1274, .F. ) ;
#1871 = ORIENTED_EDGE ( 'NONE', *, *, #410, .F. ) ;
#1872 = DIRECTION ( 'NONE',  ( 0.000000000000000000, -1.000000000000000000, 0.000000000000000000 ) ) ;
#1873 = FACE_OUTER_BOUND ( 'NONE', #1440, .T. ) ;
#1874 = CARTESIAN_POINT ( 'NONE',  ( 0.7500000000000001110, -0.2000000000000000111, 0.3200000000000000067 ) ) ;
#1875 = EDGE_CURVE ( 'NONE', #867, #1291, #379, .T. ) ;
#1876 = ORIENTED_EDGE ( 'NONE', *, *, #1765, .T. ) ;
#1877 = VERTEX_POINT ( 'NONE', #1018 ) ;
#1878 = CARTESIAN_POINT ( 'NONE',  ( 0.7199999999999999734, -0.2000000000000000111, 0.2900000000000000355 ) ) ;
#1879 = VECTOR ( 'NONE', #124, 39.37007874015748143 ) ;
#1880 = VERTEX_POINT ( 'NONE', #87 ) ;
#1881 = DIRECTION ( 'NONE',  ( -1.000000000000000000, 0.000000000000000000, 0.000000000000000000 ) ) ;
#1882 = PLANE ( 'NONE',  #1585 ) ;
#1883 = VECTOR ( 'NONE', #559, 39.37007874015748143 ) ;
#1884 = DIRECTION ( 'NONE',  ( 0.000000000000000000, 0.000000000000000000, -1.000000000000000000 ) ) ;
#1885 = CIRCLE ( 'NONE', #960, 0.03199999999999999373 ) ;
#1886 = CARTESIAN_POINT ( 'NONE',  ( -0.7199999999999999734, 1.187771652140307172E-18, 0.2740000000000000213 ) ) ;
#1887 = EDGE_CURVE ( 'NONE', #887, #1994, #1853, .T. ) ;
#1888 = ORIENTED_EDGE ( 'NONE', *, *, #1343, .F. ) ;
#1889 = DIRECTION ( 'NONE',  ( 0.000000000000000000, 1.255643395844615974E-16, -1.000000000000000000 ) ) ;
#1890 = FACE_OUTER_BOUND ( 'NONE', #1805, .T. ) ;
#1891 = CARTESIAN_POINT ( 'NONE',  ( -0.7500000000000001110, -0.03164629237876590701, -0.2822448632019547432 ) ) ;
#1892 = SHAPE_DEFINITION_REPRESENTATION ( #433, #702 ) ;
#1893 = DIRECTION ( 'NONE',  ( 1.000000000000000000, 0.000000000000000000, 0.000000000000000000 ) ) ;
#1894 = ORIENTED_EDGE ( 'NONE', *, *, #1484, .T. ) ;
#1895 = VERTEX_POINT ( 'NONE', #253 ) ;
#1896 = LINE ( 'NONE', #656, #1193 ) ;
#1897 = CARTESIAN_POINT ( 'NONE',  ( 0.7500000000000001110, -0.04599999999999999922, -0.1000000000000000056 ) ) ;
#1898 = FACE_OUTER_BOUND ( 'NONE', #77, .T. ) ;
#1899 = ORIENTED_EDGE ( 'NONE', *, *, #252, .F. ) ;
#1900 = DIRECTION ( 'NONE',  ( 0.000000000000000000, 0.000000000000000000, -1.000000000000000000 ) ) ;
#1901 = EDGE_LOOP ( 'NONE', ( #832, #1493, #1667, #971 ) ) ;
#1902 = DIRECTION ( 'NONE',  ( 0.000000000000000000, 0.000000000000000000, -1.000000000000000000 ) ) ;
#1903 = EDGE_CURVE ( 'NONE', #1329, #3, #1635, .T. ) ;
#1904 = CARTESIAN_POINT ( 'NONE',  ( 0.6500000000000000222, -0.6100000000000000977, 0.07000000000000000666 ) ) ;
#1905 = VECTOR ( 'NONE', #721, 39.37007874015748143 ) ;
#1906 = VECTOR ( 'NONE', #274, 39.37007874015748143 ) ;
#1907 = ORIENTED_EDGE ( 'NONE', *, *, #1090, .T. ) ;
#1908 = DIRECTION ( 'NONE',  ( -1.000000000000000000, 0.000000000000000000, 0.000000000000000000 ) ) ;
#1909 = EDGE_CURVE ( 'NONE', #878, #1275, #872, .T. ) ;
#1910 = VECTOR ( 'NONE', #586, 39.37007874015748143 ) ;
#1911 = VECTOR ( 'NONE', #2013, 39.37007874015748143 ) ;
#1912 = AXIS2_PLACEMENT_3D ( 'NONE', #1293, #161, #1918 ) ;
#1913 = ADVANCED_FACE ( 'NONE', ( #1784 ), #230, .T. ) ;
#1914 = CIRCLE ( 'NONE', #1715, 0.03199999999999999373 ) ;
#1915 = FACE_OUTER_BOUND ( 'NONE', #1180, .T. ) ;
#1916 = VERTEX_POINT ( 'NONE', #242 ) ;
#1917 = CARTESIAN_POINT ( 'NONE',  ( 0.7500000000000001110, -0.03289830864381453057, -0.2833056847397539268 ) ) ;
#1918 = DIRECTION ( 'NONE',  ( 0.000000000000000000, 0.000000000000000000, 1.000000000000000000 ) ) ;
#1919 = CARTESIAN_POINT ( 'NONE',  ( -0.7199999999999999734, -0.02999999999999999889, -0.2740000000000000213 ) ) ;
#1920 = ORIENTED_EDGE ( 'NONE', *, *, #157, .F. ) ;
#1921 = DIRECTION ( 'NONE',  ( 0.000000000000000000, 1.000000000000000000, 0.000000000000000000 ) ) ;
#1922 = EDGE_CURVE ( 'NONE', #1208, #278, #1316, .T. ) ;
#1923 = CARTESIAN_POINT ( 'NONE',  ( 0.7199999999999999734, -0.04599999999999999922, 0.2740000000000000213 ) ) ;
#1924 = ORIENTED_EDGE ( 'NONE', *, *, #1506, .F. ) ;
#1925 = PRESENTATION_STYLE_ASSIGNMENT (( #548 ) ) ;
#1926 = EDGE_CURVE ( 'NONE', #1238, #1916, #1007, .T. ) ;
#1927 = CARTESIAN_POINT ( 'NONE',  ( -0.6799999999999999378, -0.2000000000000000111, -0.2880000000000000338 ) ) ;
#1928 = ORIENTED_EDGE ( 'NONE', *, *, #552, .F. ) ;
#1929 = ORIENTED_EDGE ( 'NONE', *, *, #125, .F. ) ;
#1930 = LINE ( 'NONE', #819, #565 ) ;
#1931 = ADVANCED_FACE ( 'NONE', ( #1333 ), #1623, .T. ) ;
#1932 = CARTESIAN_POINT ( 'NONE',  ( -0.7500000000000001110, -0.2000000000000000111, -0.2345000000000000140 ) ) ;
#1933 = CARTESIAN_POINT ( 'NONE',  ( 0.7500000000000001110, -0.3800000000000000600, 0.1000000000000000056 ) ) ;
#1934 = EDGE_CURVE ( 'NONE', #525, #1196, #1661, .T. ) ;
#1935 = ORIENTED_EDGE ( 'NONE', *, *, #995, .F. ) ;
#1936 = CARTESIAN_POINT ( 'NONE',  ( -0.7100000000000000755, -0.6400000000000000133, -0.1000000000000000056 ) ) ;
#1937 = DIRECTION ( 'NONE',  ( -1.000000000000000000, 0.000000000000000000, 0.000000000000000000 ) ) ;
#1938 = DIRECTION ( 'NONE',  ( 0.000000000000000000, -1.255643395844615974E-16, 1.000000000000000000 ) ) ;
#1939 = ORIENTED_EDGE ( 'NONE', *, *, #637, .T. ) ;
#1940 = ORIENTED_EDGE ( 'NONE', *, *, #1361, .F. ) ;
#1941 = DIRECTION ( 'NONE',  ( -1.000000000000000000, 0.000000000000000000, 0.000000000000000000 ) ) ;
#1942 = AXIS2_PLACEMENT_3D ( 'NONE', #1392, #311, #282 ) ;
#1943 = VECTOR ( 'NONE', #912, 39.37007874015748143 ) ;
#1944 = CARTESIAN_POINT ( 'NONE',  ( 0.7100000000000000755, -0.3800000000000000600, -0.1000000000000000056 ) ) ;
#1945 = LINE ( 'NONE', #533, #697 ) ;
#1946 = VECTOR ( 'NONE', #1144, 39.37007874015748143 ) ;
#1947 = CARTESIAN_POINT ( 'NONE',  ( -0.7199999999999999734, -0.04599999999999999922, 0.2900000000000000355 ) ) ;
#1948 = EDGE_CURVE ( 'NONE', #1238, #551, #1793, .T. ) ;
#1949 = VERTEX_POINT ( 'NONE', #1479 ) ;
#1950 = CARTESIAN_POINT ( 'NONE',  ( 0.6799999999999999378, -0.6400000000000000133, 0.1600000000000000033 ) ) ;
#1951 = CARTESIAN_POINT ( 'NONE',  ( -0.7500000000000001110, -0.6400000000000000133, -0.07000000000000000666 ) ) ;
#1952 = LINE ( 'NONE', #22, #1226 ) ;
#1953 = ORIENTED_EDGE ( 'NONE', *, *, #926, .T. ) ;
#1954 = ORIENTED_EDGE ( 'NONE', *, *, #985, .T. ) ;
#1955 = ORIENTED_EDGE ( 'NONE', *, *, #612, .T. ) ;
#1956 = FACE_OUTER_BOUND ( 'NONE', #668, .T. ) ;
#1957 = DIRECTION ( 'NONE',  ( 0.000000000000000000, 0.000000000000000000, 1.000000000000000000 ) ) ;
#1958 = ORIENTED_EDGE ( 'NONE', *, *, #309, .F. ) ;
#1959 = CARTESIAN_POINT ( 'NONE',  ( -0.7500000000000001110, -0.04599999999999999922, 0.2900000000000000355 ) ) ;
#1960 = SURFACE_STYLE_FILL_AREA ( #1337 ) ;
#1961 = CARTESIAN_POINT ( 'NONE',  ( 0.7500000000000001110, -0.03965431617353150362, 0.2886936241706740125 ) ) ;
#1962 = ORIENTED_EDGE ( 'NONE', *, *, #262, .F. ) ;
#1963 = ORIENTED_EDGE ( 'NONE', *, *, #770, .F. ) ;
#1964 = CYLINDRICAL_SURFACE ( 'NONE', #757, 0.03199999999999999373 ) ;
#1965 = DIRECTION ( 'NONE',  ( 0.000000000000000000, 0.000000000000000000, -1.000000000000000000 ) ) ;
#1966 = FACE_OUTER_BOUND ( 'NONE', #550, .T. ) ;
#1967 = VERTEX_POINT ( 'NONE', #74 ) ;
#1968 = CARTESIAN_POINT ( 'NONE',  ( -0.6799999999999999378, -0.2000000000000000111, -0.2880000000000000338 ) ) ;
#1969 = LINE ( 'NONE', #1993, #1648 ) ;
#1970 = ORIENTED_EDGE ( 'NONE', *, *, #369, .T. ) ;
#1971 = EDGE_LOOP ( 'NONE', ( #1700, #382, #1607, #695 ) ) ;
#1972 = CARTESIAN_POINT ( 'NONE',  ( -0.7500000000000001110, -0.04599999999999999922, 0.2900000000000000355 ) ) ;
#1973 = EDGE_CURVE ( 'NONE', #1241, #514, #1468, .T. ) ;
#1974 = DIRECTION ( 'NONE',  ( -1.000000000000000000, 0.000000000000000000, 0.000000000000000000 ) ) ;
#1975 = AXIS2_PLACEMENT_3D ( 'NONE', #277, #1079, #1377 ) ;
#1976 = ADVANCED_FACE ( 'NONE', ( #1956 ), #543, .F. ) ;
#1977 = AXIS2_PLACEMENT_3D ( 'NONE', #1194, #1675, #2002 ) ;
#1978 = DIRECTION ( 'NONE',  ( 0.000000000000000000, 0.000000000000000000, -1.000000000000000000 ) ) ;
#1979 = ADVANCED_FACE ( 'NONE', ( #1164 ), #1772, .T. ) ;
#1980 = VECTOR ( 'NONE', #1798, 39.37007874015748143 ) ;
#1981 = ORIENTED_EDGE ( 'NONE', *, *, #1724, .T. ) ;
#1982 = CARTESIAN_POINT ( 'NONE',  ( 0.7100000000000000755, -0.4850000000000000422, 0.1000000000000000056 ) ) ;
#1983 = CARTESIAN_POINT ( 'NONE',  ( -0.6799999999999999378, -0.04599999999999999922, 0.1559999999999999998 ) ) ;
#1984 = ORIENTED_EDGE ( 'NONE', *, *, #938, .T. ) ;
#1985 = APPLICATION_CONTEXT ( 'automotive_design' ) ;
#1986 = DIRECTION ( 'NONE',  ( 1.000000000000000000, 0.000000000000000000, 0.000000000000000000 ) ) ;
#1987 = EDGE_CURVE ( 'NONE', #983, #933, #758, .T. ) ;
#1988 = DIRECTION ( 'NONE',  ( 0.000000000000000000, 1.000000000000000000, 0.000000000000000000 ) ) ;
#1989 = CARTESIAN_POINT ( 'NONE',  ( 0.7199999999999999734, -0.04599999999999999922, -0.3200000000000000067 ) ) ;
#1990 = PLANE ( 'NONE',  #823 ) ;
#1991 = ORIENTED_EDGE ( 'NONE', *, *, #844, .F. ) ;
#1992 = LINE ( 'NONE', #1859, #1943 ) ;
#1993 = CARTESIAN_POINT ( 'NONE',  ( -0.6799999999999999378, 8.537024980200825639E-18, -0.2740000000000000213 ) ) ;
#1994 = VERTEX_POINT ( 'NONE', #306 ) ;
#1995 = CARTESIAN_POINT ( 'NONE',  ( 0.6799999999999999378, -0.04599999999999999922, 0.1559999999999999998 ) ) ;
#1996 = EDGE_CURVE ( 'NONE', #1232, #753, #1610, .T. ) ;
#1997 = CARTESIAN_POINT ( 'NONE',  ( -0.7199999999999999734, -0.04599999999999999922, -0.3200000000000000067 ) ) ;
#1998 = CARTESIAN_POINT ( 'NONE',  ( 0.6799999999999999378, -0.6400000000000000133, -0.1600000000000000033 ) ) ;
#1999 = DIRECTION ( 'NONE',  ( 0.000000000000000000, -0.9946614699042773955, 0.1031918615388937449 ) ) ;
#2000 = ORIENTED_EDGE ( 'NONE', *, *, #855, .F. ) ;
#2001 = CARTESIAN_POINT ( 'NONE',  ( -0.7199999999999996403, -0.01905382386916238888, -0.3200000000000000622 ) ) ;
#2002 = DIRECTION ( 'NONE',  ( 0.000000000000000000, -1.000000000000000000, 0.000000000000000000 ) ) ;
#2003 = ORIENTED_EDGE ( 'NONE', *, *, #2023, .F. ) ;
#2004 = DIRECTION ( 'NONE',  ( 1.000000000000000000, 0.000000000000000000, 0.000000000000000000 ) ) ;
#2005 = CARTESIAN_POINT ( 'NONE',  ( 0.7199999999999996403, -0.01905382386916238888, -0.3200000000000000622 ) ) ;
#2006 = VECTOR ( 'NONE', #1439, 39.37007874015748143 ) ;
#2007 = VECTOR ( 'NONE', #488, 39.37007874015748143 ) ;
#2008 = DIRECTION ( 'NONE',  ( -1.000000000000000000, 0.000000000000000000, 0.000000000000000000 ) ) ;
#2009 = ORIENTED_EDGE ( 'NONE', *, *, #1699, .T. ) ;
#2010 = ORIENTED_EDGE ( 'NONE', *, *, #544, .T. ) ;
#2011 = LINE ( 'NONE', #131, #898 ) ;
#2012 = AXIS2_PLACEMENT_3D ( 'NONE', #372, #884, #1664 ) ;
#2013 = DIRECTION ( 'NONE',  ( -1.000000000000000000, 0.000000000000000000, 0.000000000000000000 ) ) ;
#2014 = COLOUR_RGB ( '',0.1960784313725490169, 0.1960784313725490169, 0.1960784313725490169 ) ;
#2015 = ORIENTED_EDGE ( 'NONE', *, *, #1903, .T. ) ;
#2016 = FACE_OUTER_BOUND ( 'NONE', #848, .T. ) ;
#2017 = AXIS2_PLACEMENT_3D ( 'NONE', #891, #233, #99 ) ;
#2018 = EDGE_CURVE ( 'NONE', #1111, #1161, #1087, .T. ) ;
#2019 = DIRECTION ( 'NONE',  ( 0.000000000000000000, 0.000000000000000000, 1.000000000000000000 ) ) ;
#2020 = EDGE_LOOP ( 'NONE', ( #1676, #1167, #1713, #435, #1149, #1616, #1466, #1386, #1457, #1304, #421, #273 ) ) ;
#2021 = VERTEX_POINT ( 'NONE', #1997 ) ;
#2022 = DIRECTION ( 'NONE',  ( 0.000000000000000000, 0.000000000000000000, 1.000000000000000000 ) ) ;
#2023 = EDGE_CURVE ( 'NONE', #1238, #1465, #1527, .T. ) ;
#2024 = DIRECTION ( 'NONE',  ( 0.000000000000000000, -1.000000000000000000, 0.000000000000000000 ) ) ;
#2025 = ORIENTED_EDGE ( 'NONE', *, *, #17, .T. ) ;
#2026 = LINE ( 'NONE', #951, #1746 ) ;
#2027 = DIRECTION ( 'NONE',  ( 0.000000000000000000, -0.3090169943749421222, 0.9510565162951553075 ) ) ;
#2028 = DIRECTION ( 'NONE',  ( 0.000000000000000000, 0.000000000000000000, -1.000000000000000000 ) ) ;
#2029 = EDGE_CURVE ( 'NONE', #920, #852, #1228, .T. ) ;
#2030 = DIRECTION ( 'NONE',  ( 1.000000000000000000, 0.000000000000000000, 0.000000000000000000 ) ) ;
#2031 = LINE ( 'NONE', #1064, #333 ) ;
#2032 = ORIENTED_EDGE ( 'NONE', *, *, #1290, .T. ) ;
#2033 = LINE ( 'NONE', #1861, #1687 ) ;
#2034 = ORIENTED_EDGE ( 'NONE', *, *, #76, .F. ) ;
#2035 = LINE ( 'NONE', #1236, #1681 ) ;
#2036 = DIRECTION ( 'NONE',  ( 0.000000000000000000, 0.000000000000000000, 1.000000000000000000 ) ) ;
#2037 = B_SPLINE_CURVE_WITH_KNOTS ( 'NONE', 3,
 ( #1037, #913, #1666, #549, #1179, #1512, #1207, #1961, #434, #724, #1831 ),
 .UNSPECIFIED., .F., .F.,
 ( 4, 2, 1, 2, 2, 4 ),
 ( 0.000000000000000000, 0.5000000000000000000, 0.6250000000000000000, 0.6875000000000000000, 0.7500000000000000000, 1.000000000000000000 ),
 .UNSPECIFIED. ) ;
#2038 = CARTESIAN_POINT ( 'NONE',  ( 0.7499999999999998890, -0.03662741699796958489, 0.2899999999999999245 ) ) ;
#2039 = ORIENTED_EDGE ( 'NONE', *, *, #1903, .F. ) ;
#2040 = VECTOR ( 'NONE', #591, 39.37007874015748143 ) ;
#2041 = ORIENTED_EDGE ( 'NONE', *, *, #2023, .T. ) ;
#2042 = LINE ( 'NONE', #1580, #1447 ) ;
#2043 = VECTOR ( 'NONE', #279, 39.37007874015748143 ) ;
#2044 = DIRECTION ( 'NONE',  ( 1.000000000000000000, 0.000000000000000000, 0.000000000000000000 ) ) ;
#2045 = VERTEX_POINT ( 'NONE', #424 ) ;
#2046 = VECTOR ( 'NONE', #1450, 39.37007874015748143 ) ;
ENDSEC;
END-ISO-10303-21;
