ISO-10303-21;
HEADER;
FILE_DESCRIPTION (( 'STEP AP214' ),
    '1' );
FILE_NAME ('User Library-ER14250.STEP',
    '2025-06-07T10:52:11',
    ( '' ),
    ( '' ),
    'SwSTEP 2.0',
    'SolidWorks 2022',
    '' );
FILE_SCHEMA (( 'AUTOMOTIVE_DESIGN' ));
ENDSEC;

DATA;
#1 = PLANE ( 'NONE',  #215 ) ;
#2 =( NAMED_UNIT ( * ) PLANE_ANGLE_UNIT ( ) SI_UNIT ( $, .RADIAN. ) );
#3 = CARTESIAN_POINT ( 'NONE',  ( 0.0000000000000000000, 0.0000000000000000000, 24.89999999999999858 ) ) ;
#4 =( NAMED_UNIT ( * ) PLANE_ANGLE_UNIT ( ) SI_UNIT ( $, .RADIAN. ) );
#5 = DIRECTION ( 'NONE',  ( 0.0000000000000000000, 0.0000000000000000000, 1.000000000000000000 ) ) ;
#6 = ADVANCED_FACE ( 'NONE', ( #1045 ), #1, .F. ) ;
#7 = FILL_AREA_STYLE_COLOUR ( '', #688 ) ;
#8 = PRESENTATION_LAYER_ASSIGNMENT (  '', '', ( #978 ) ) ;
#9 = VERTEX_POINT ( 'NONE', #911 ) ;
#10 = FILL_AREA_STYLE_COLOUR ( '', #964 ) ;
#11 = PRESENTATION_STYLE_ASSIGNMENT (( #221 ) ) ;
#12 = COLOUR_RGB ( '',0.8000000000000000444, 0.8000000000000000444, 0.8000000000000000444 ) ;
#13 = SURFACE_SIDE_STYLE ('',( #24 ) ) ;
#14 = FILL_AREA_STYLE_COLOUR ( '', #1483 ) ;
#15 = MECHANICAL_DESIGN_GEOMETRIC_PRESENTATION_REPRESENTATION (  '', ( #265 ), #1033 ) ;
#16 = COLOUR_RGB ( '',0.7921568627450980005, 0.8196078431372548767, 0.9333333333333333481 ) ;
#17 =( GEOMETRIC_REPRESENTATION_CONTEXT ( 3 ) GLOBAL_UNCERTAINTY_ASSIGNED_CONTEXT ( ( #933 ) ) GLOBAL_UNIT_ASSIGNED_CONTEXT ( ( #108, #96, #1480 ) ) REPRESENTATION_CONTEXT ( 'NONE', 'WORKASPACE' ) );
#18 = ORIENTED_EDGE ( 'NONE', *, *, #914, .F. ) ;
#19 = EDGE_CURVE ( 'NONE', #278, #1370, #1357, .T. ) ;
#20 = DIRECTION ( 'NONE',  ( 1.000000000000000000, 0.0000000000000000000, -0.0000000000000000000 ) ) ;
#21 = UNCERTAINTY_MEASURE_WITH_UNIT (LENGTH_MEASURE( 1.000000000000000082E-05 ), #1449, 'distance_accuracy_value', 'NONE');
#22 = CYLINDRICAL_SURFACE ( 'NONE', #1055, 7.250000000000000000 ) ;
#23 = ORIENTED_EDGE ( 'NONE', *, *, #309, .T. ) ;
#24 = SURFACE_STYLE_FILL_AREA ( #98 ) ;
#25 = SURFACE_STYLE_FILL_AREA ( #926 ) ;
#26 = ORIENTED_EDGE ( 'NONE', *, *, #1076, .T. ) ;
#27 = CARTESIAN_POINT ( 'NONE',  ( 0.0000000000000000000, 0.0000000000000000000, 0.0000000000000000000 ) ) ;
#28 = CARTESIAN_POINT ( 'NONE',  ( 2.100000000000000089, 4.199999999999999289, 24.90000000000000213 ) ) ;
#29 = ORIENTED_EDGE ( 'NONE', *, *, #1334, .F. ) ;
#30 = ORIENTED_EDGE ( 'NONE', *, *, #309, .F. ) ;
#31 =( LENGTH_UNIT ( ) NAMED_UNIT ( * ) SI_UNIT ( .MILLI., .METRE. ) );
#32 = SHAPE_DEFINITION_REPRESENTATION ( #1132, #209 ) ;
#33 = AXIS2_PLACEMENT_3D ( 'NONE', #781, #546, #682 ) ;
#34 = CARTESIAN_POINT ( 'NONE',  ( 0.0000000000000000000, 0.0000000000000000000, 0.0000000000000000000 ) ) ;
#35 = VERTEX_POINT ( 'NONE', #562 ) ;
#36 = CARTESIAN_POINT ( 'NONE',  ( -7.250000000000000888, -8.878689293818313032E-16, 0.6142135623730948790 ) ) ;
#37 = AXIS2_PLACEMENT_3D ( 'NONE', #945, #260, #721 ) ;
#38 = AXIS2_PLACEMENT_3D ( 'NONE', #1402, #1301, #1164 ) ;
#39 =( NAMED_UNIT ( * ) PLANE_ANGLE_UNIT ( ) SI_UNIT ( $, .RADIAN. ) );
#40 = DIRECTION ( 'NONE',  ( 0.0000000000000000000, 0.0000000000000000000, 1.000000000000000000 ) ) ;
#41 = SURFACE_STYLE_USAGE ( .BOTH. , #380 ) ;
#42 = VERTEX_POINT ( 'NONE', #343 ) ;
#43 = SURFACE_STYLE_USAGE ( .BOTH. , #851 ) ;
#44 =( NAMED_UNIT ( * ) SI_UNIT ( $, .STERADIAN. ) SOLID_ANGLE_UNIT ( ) );
#45 = ADVANCED_FACE ( 'NONE', ( #1392 ), #337, .T. ) ;
#46 = FACE_OUTER_BOUND ( 'NONE', #134, .T. ) ;
#47 = DIRECTION ( 'NONE',  ( 0.0000000000000000000, 0.0000000000000000000, 1.000000000000000000 ) ) ;
#48 = APPLICATION_PROTOCOL_DEFINITION ( 'draft international standard', 'automotive_design', 1998, #1220 ) ;
#49 = CARTESIAN_POINT ( 'NONE',  ( -7.250000000000000000, 8.878689293818310074E-16, 19.00000000000000000 ) ) ;
#50 = EDGE_LOOP ( 'NONE', ( #363, #138 ) ) ;
#51 =( NAMED_UNIT ( * ) PLANE_ANGLE_UNIT ( ) SI_UNIT ( $, .RADIAN. ) );
#52 = ADVANCED_BREP_SHAPE_REPRESENTATION ( '', ( #1373, #657 ), #1148 ) ;
#53 = CARTESIAN_POINT ( 'NONE',  ( -6.250000000000000000, 7.654042494670957606E-16, 0.0000000000000000000 ) ) ;
#54 = DIRECTION ( 'NONE',  ( 0.0000000000000000000, 0.0000000000000000000, 1.000000000000000000 ) ) ;
#55 = FILL_AREA_STYLE ('',( #489 ) ) ;
#56 = PRESENTATION_LAYER_ASSIGNMENT (  '', '', ( #1138 ) ) ;
#57 = PRESENTATION_LAYER_ASSIGNMENT (  '', '', ( #432 ) ) ;
#58 = EDGE_LOOP ( 'NONE', ( #1288, #833, #1264, #18 ) ) ;
#59 = CARTESIAN_POINT ( 'NONE',  ( -6.835786437626904188, -13.67157287525380838, 0.1999999999999997335 ) ) ;
#60 = MECHANICAL_DESIGN_GEOMETRIC_PRESENTATION_REPRESENTATION (  '', ( #647 ), #332 ) ;
#61 = COLOUR_RGB ( '',0.8000000000000000444, 0.8000000000000000444, 0.8000000000000000444 ) ;
#62 = SURFACE_STYLE_USAGE ( .BOTH. , #845 ) ;
#63 = PRODUCT_DEFINITION ( 'UNKNOWN', '', #1149, #861 ) ;
#64 = SURFACE_STYLE_FILL_AREA ( #409 ) ;
#65 = DIRECTION ( 'NONE',  ( -0.9928201254013451216, 0.0000000000000000000, -0.1196168825795813212 ) ) ;
#66 =( GEOMETRIC_REPRESENTATION_CONTEXT ( 3 ) GLOBAL_UNCERTAINTY_ASSIGNED_CONTEXT ( ( #667 ) ) GLOBAL_UNIT_ASSIGNED_CONTEXT ( ( #372, #730, #1287 ) ) REPRESENTATION_CONTEXT ( 'NONE', 'WORKASPACE' ) );
#67 = ORIENTED_EDGE ( 'NONE', *, *, #461, .T. ) ;
#68 = CARTESIAN_POINT ( 'NONE',  ( -1.600000000000000533, -3.199999999999999734, 25.39999999999999858 ) ) ;
#69 = SURFACE_STYLE_USAGE ( .BOTH. , #1091 ) ;
#70 = DIRECTION ( 'NONE',  ( 1.000000000000000000, 0.0000000000000000000, 0.0000000000000000000 ) ) ;
#71 = ADVANCED_FACE ( 'NONE', ( #1183 ), #633, .T. ) ;
#72 = ORIENTED_EDGE ( 'NONE', *, *, #127, .F. ) ;
#73 = CARTESIAN_POINT ( 'NONE',  ( 7.249999999999997335, -14.49999999999999822, 23.58578643762690419 ) ) ;
#74 = UNCERTAINTY_MEASURE_WITH_UNIT (LENGTH_MEASURE( 1.000000000000000082E-05 ), #162, 'distance_accuracy_value', 'NONE');
#75 = DIRECTION ( 'NONE',  ( 0.0000000000000000000, 0.0000000000000000000, 1.000000000000000000 ) ) ;
#76 = FILL_AREA_STYLE_COLOUR ( '', #1310 ) ;
#77 = UNCERTAINTY_MEASURE_WITH_UNIT (LENGTH_MEASURE( 1.000000000000000082E-05 ), #982, 'distance_accuracy_value', 'NONE');
#78 = ORIENTED_EDGE ( 'NONE', *, *, #1364, .T. ) ;
#79 = CARTESIAN_POINT ( 'NONE',  ( 7.250000000000000888, -1.775737858763662015E-15, 23.58578643762689708 ) ) ;
#80 = VECTOR ( 'NONE', #599, 1000.000000000000000 ) ;
#81 = CARTESIAN_POINT ( 'NONE',  ( -6.250000000000000000, -7.654042494670957606E-16, 0.1999999999999998723 ) ) ;
#82 = SURFACE_STYLE_USAGE ( .BOTH. , #1217 ) ;
#83 = CIRCLE ( 'NONE', #361, 6.250000000022737368 ) ;
#84 = CARTESIAN_POINT ( 'NONE',  ( 6.249999999999999112, 0.0000000000000000000, 0.2000000000000000111 ) ) ;
#85 = STYLED_ITEM ( 'NONE', ( #961 ), #966 ) ;
#86 = CONTEXT_DEPENDENT_SHAPE_REPRESENTATION ( #1068, #315 ) ;
#87 = COLOUR_RGB ( '',0.8000000000000000444, 0.8000000000000000444, 0.8000000000000000444 ) ;
#88 = SURFACE_SIDE_STYLE ('',( #1338 ) ) ;
#89 = COLOUR_RGB ( '',0.2000000000000000111, 1.000000000000000000, 0.4705882352941176405 ) ;
#90 =( GEOMETRIC_REPRESENTATION_CONTEXT ( 3 ) GLOBAL_UNCERTAINTY_ASSIGNED_CONTEXT ( ( #402 ) ) GLOBAL_UNIT_ASSIGNED_CONTEXT ( ( #596, #286, #1093 ) ) REPRESENTATION_CONTEXT ( 'NONE', 'WORKASPACE' ) );
#91 = VERTEX_POINT ( 'NONE', #1163 ) ;
#92 = PRESENTATION_STYLE_ASSIGNMENT (( #666 ) ) ;
#93 = FILL_AREA_STYLE_COLOUR ( '', #388 ) ;
#94 =( LENGTH_UNIT ( ) NAMED_UNIT ( * ) SI_UNIT ( .MILLI., .METRE. ) );
#95 = EDGE_CURVE ( 'NONE', #247, #637, #141, .T. ) ;
#96 =( NAMED_UNIT ( * ) PLANE_ANGLE_UNIT ( ) SI_UNIT ( $, .RADIAN. ) );
#97 = SURFACE_STYLE_USAGE ( .BOTH. , #680 ) ;
#98 = FILL_AREA_STYLE ('',( #1131 ) ) ;
#99 = DIRECTION ( 'NONE',  ( 1.000000000000000000, 0.0000000000000000000, -0.0000000000000000000 ) ) ;
#100 = CIRCLE ( 'NONE', #476, 0.5000000000000002220 ) ;
#101 =( REPRESENTATION_RELATIONSHIP ('NONE','NONE', #342, #707 ) REPRESENTATION_RELATIONSHIP_WITH_TRANSFORMATION ( #519 )SHAPE_REPRESENTATION_RELATIONSHIP( ) );
#102 = VECTOR ( 'NONE', #1394, 1000.000000000000000 ) ;
#103 = EDGE_CURVE ( 'NONE', #1328, #1370, #1325, .T. ) ;
#104 = PRESENTATION_LAYER_ASSIGNMENT (  '', '', ( #820 ) ) ;
#105 = STYLED_ITEM ( 'NONE', ( #175 ), #1360 ) ;
#106 = CYLINDRICAL_SURFACE ( 'NONE', #928, 2.100000000000000089 ) ;
#107 = PRODUCT_DEFINITION_FORMATION_WITH_SPECIFIED_SOURCE ( 'ANY', '', #1279, .NOT_KNOWN. ) ;
#108 =( LENGTH_UNIT ( ) NAMED_UNIT ( * ) SI_UNIT ( .MILLI., .METRE. ) );
#109 = CARTESIAN_POINT ( 'NONE',  ( 7.250000000000000888, 0.0000000000000000000, 23.58578643762689708 ) ) ;
#110 = EDGE_CURVE ( 'NONE', #247, #490, #1246, .T. ) ;
#111 = LINE ( 'NONE', #812, #340 ) ;
#112 = ORIENTED_EDGE ( 'NONE', *, *, #1352, .F. ) ;
#113 = CARTESIAN_POINT ( 'NONE',  ( -6.250000000000000000, 0.0000000000000000000, 0.1999999999999999278 ) ) ;
#114 = PRODUCT_DEFINITION_CONTEXT ( 'detailed design', #1305, 'design' ) ;
#115 = CYLINDRICAL_SURFACE ( 'NONE', #1481, 6.250000000000000000 ) ;
#116 = FACE_OUTER_BOUND ( 'NONE', #418, .T. ) ;
#117 = ORIENTED_EDGE ( 'NONE', *, *, #397, .F. ) ;
#118 = AXIS2_PLACEMENT_3D ( 'NONE', #516, #75, #869 ) ;
#119 = AXIS2_PLACEMENT_3D ( 'NONE', #301, #1214, #189 ) ;
#120 = PRODUCT ( 'Fillet001', 'Fillet001', '', ( #1039 ) ) ;
#121 = CIRCLE ( 'NONE', #548, 6.250000000000000000 ) ;
#122 = ORIENTED_EDGE ( 'NONE', *, *, #378, .F. ) ;
#123 = FILL_AREA_STYLE_COLOUR ( '', #478 ) ;
#124 = CARTESIAN_POINT ( 'NONE',  ( 2.100000000000000089, -5.143516556418883914E-16, 24.89999999999999858 ) ) ;
#125 = AXIS2_PLACEMENT_3D ( 'NONE', #678, #802, #1268 ) ;
#126 = MECHANICAL_DESIGN_GEOMETRIC_PRESENTATION_REPRESENTATION (  '', ( #1438 ), #1209 ) ;
#127 = EDGE_CURVE ( 'NONE', #424, #1328, #836, .T. ) ;
#128 = AXIS2_PLACEMENT_3D ( 'NONE', #500, #932, #1302 ) ;
#129 = FILL_AREA_STYLE ('',( #804 ) ) ;
#130 = UNCERTAINTY_MEASURE_WITH_UNIT (LENGTH_MEASURE( 1.000000000000000082E-05 ), #482, 'distance_accuracy_value', 'NONE');
#131 = CARTESIAN_POINT ( 'NONE',  ( -2.100000000000000089, 4.200000000000000178, 25.19289321881345245 ) ) ;
#132 = SHAPE_REPRESENTATION_RELATIONSHIP ( 'NONE' , 'NONE' ,  #209, #52 ) ;
#133 = ORIENTED_EDGE ( 'NONE', *, *, #914, .T. ) ;
#134 = EDGE_LOOP ( 'NONE', ( #587, #747, #453, #1042 ) ) ;
#135 =( NAMED_UNIT ( * ) PLANE_ANGLE_UNIT ( ) SI_UNIT ( $, .RADIAN. ) );
#136 = APPLICATION_PROTOCOL_DEFINITION ( 'draft international standard', 'automotive_design', 1998, #884 ) ;
#137 =( NAMED_UNIT ( * ) SI_UNIT ( $, .STERADIAN. ) SOLID_ANGLE_UNIT ( ) );
#138 = ORIENTED_EDGE ( 'NONE', *, *, #949, .F. ) ;
#139 = DIRECTION ( 'NONE',  ( 0.0000000000000000000, 0.0000000000000000000, 1.000000000000000000 ) ) ;
#140 = CARTESIAN_POINT ( 'NONE',  ( -6.250000000000000000, -7.654042494670957606E-16, 0.08284271247461902354 ) ) ;
#141 = LINE ( 'NONE', #393, #217 ) ;
#142 =( BOUNDED_SURFACE ( )  B_SPLINE_SURFACE ( 3, 3, ( 
 ( #1158, #1047, #696, #270 ),
 ( #252, #586, #595, #147 ),
 ( #1041, #1080, #131, #1060 ),
 ( #1424, #28, #1312, #352 ) ),
 .UNSPECIFIED., .F., .F., .F. ) 
 B_SPLINE_SURFACE_WITH_KNOTS ( ( 4, 4 ),
 ( 4, 4 ),
 ( 0.0000000000000000000, 1.000000000000000000 ),
 ( 0.0000000000000000000, 1.000000000000000000 ),
 .UNSPECIFIED. ) 
 GEOMETRIC_REPRESENTATION_ITEM ( )  RATIONAL_B_SPLINE_SURFACE ( (
 ( 1.000000000000000000, 0.3333333333333334259, 0.3333333333333334259, 1.000000000000000000),
 ( 0.8047378541243649375, 0.2682459513747884050, 0.2682459513747884050, 0.8047378541243649375),
 ( 0.8047378541243649375, 0.2682459513747884050, 0.2682459513747884050, 0.8047378541243649375),
 ( 1.000000000000000000, 0.3333333333333334259, 0.3333333333333334259, 1.000000000000000000) ) ) 
 REPRESENTATION_ITEM ( '' )  SURFACE ( )  );
#143 = SURFACE_SIDE_STYLE ('',( #292 ) ) ;
#144 =( NAMED_UNIT ( * ) SI_UNIT ( $, .STERADIAN. ) SOLID_ANGLE_UNIT ( ) );
#145 = AXIS2_PLACEMENT_3D ( 'NONE', #1423, #1077, #1300 ) ;
#146 = UNCERTAINTY_MEASURE_WITH_UNIT (LENGTH_MEASURE( 1.000000000000000082E-05 ), #1244, 'distance_accuracy_value', 'NONE');
#147 = CARTESIAN_POINT ( 'NONE',  ( -1.892893218813452849, 2.318125621547625644E-16, 25.39999999999999858 ) ) ;
#148 = FILL_AREA_STYLE_COLOUR ( '', #866 ) ;
#149 = MECHANICAL_DESIGN_GEOMETRIC_PRESENTATION_REPRESENTATION (  '', ( #524 ), #718 ) ;
#150 = ORIENTED_EDGE ( 'NONE', *, *, #19, .T. ) ;
#151 = PRESENTATION_STYLE_ASSIGNMENT (( #43 ) ) ;
#152 = CARTESIAN_POINT ( 'NONE',  ( 1.600000000000000533, 3.199999999999999734, 25.39999999999999858 ) ) ;
#153 = MECHANICAL_DESIGN_GEOMETRIC_PRESENTATION_REPRESENTATION (  '', ( #816 ), #1202 ) ;
#154 = CARTESIAN_POINT ( 'NONE',  ( -7.250000000000000000, 8.878689293818310074E-16, 0.2000000000000000111 ) ) ;
#155 = COLOUR_RGB ( '',0.0000000000000000000, 0.0000000000000000000, 0.0000000000000000000 ) ;
#156 = CARTESIAN_POINT ( 'NONE',  ( 0.0000000000000000000, 0.0000000000000000000, 23.40000000000000213 ) ) ;
#157 = FILL_AREA_STYLE ('',( #710 ) ) ;
#158 = CARTESIAN_POINT ( 'NONE',  ( 0.0000000000000000000, 0.0000000000000000000, 0.0000000000000000000 ) ) ;
#159 = DIRECTION ( 'NONE',  ( -0.0000000000000000000, -0.0000000000000000000, -1.000000000000000000 ) ) ;
#160 = EDGE_LOOP ( 'NONE', ( #1194, #354, #1415, #1266 ) ) ;
#161 = EDGE_CURVE ( 'NONE', #9, #278, #385, .T. ) ;
#162 =( LENGTH_UNIT ( ) NAMED_UNIT ( * ) SI_UNIT ( .MILLI., .METRE. ) );
#163 = CARTESIAN_POINT ( 'NONE',  ( -6.250000000000000000, 7.654042494670957606E-16, 24.00000000000000000 ) ) ;
#164 = SURFACE_SIDE_STYLE ('',( #400 ) ) ;
#165 = APPLICATION_PROTOCOL_DEFINITION ( 'draft international standard', 'automotive_design', 1998, #655 ) ;
#166 = UNCERTAINTY_MEASURE_WITH_UNIT (LENGTH_MEASURE( 1.000000000000000082E-05 ), #575, 'distance_accuracy_value', 'NONE');
#167 = LINE ( 'NONE', #712, #102 ) ;
#168 = ORIENTED_EDGE ( 'NONE', *, *, #127, .T. ) ;
#169 = SURFACE_SIDE_STYLE ('',( #272 ) ) ;
#170 = LINE ( 'NONE', #154, #670 ) ;
#171 = EDGE_CURVE ( 'NONE', #471, #404, #255, .T. ) ;
#172 = DIRECTION ( 'NONE',  ( -1.000000000000000000, -1.224646799147353454E-16, 0.0000000000000000000 ) ) ;
#173 = AXIS2_PLACEMENT_3D ( 'NONE', #582, #328, #814 ) ;
#174 = MECHANICAL_DESIGN_GEOMETRIC_PRESENTATION_REPRESENTATION (  '', ( #176 ), #927 ) ;
#175 = PRESENTATION_STYLE_ASSIGNMENT (( #947 ) ) ;
#176 = STYLED_ITEM ( 'NONE', ( #1397 ), #569 ) ;
#177 = UNCERTAINTY_MEASURE_WITH_UNIT (LENGTH_MEASURE( 1.000000000000000082E-05 ), #1347, 'distance_accuracy_value', 'NONE');
#178 = SURFACE_STYLE_FILL_AREA ( #742 ) ;
#179 = MECHANICAL_DESIGN_GEOMETRIC_PRESENTATION_REPRESENTATION (  '', ( #820 ), #604 ) ;
#180 = ADVANCED_FACE ( 'NONE', ( #1191 ), #760, .T. ) ;
#181 = CIRCLE ( 'NONE', #1340, 2.100000000000000089 ) ;
#182 = AXIS2_PLACEMENT_3D ( 'NONE', #268, #360, #826 ) ;
#183 = EDGE_LOOP ( 'NONE', ( #1401, #1222, #133, #1314 ) ) ;
#184 = CARTESIAN_POINT ( 'NONE',  ( 6.835786437626905077, -1.674284796098935884E-15, 24.00000000000000000 ) ) ;
#185 = DIRECTION ( 'NONE',  ( 1.000000000000000000, 0.0000000000000000000, 0.0000000000000000000 ) ) ;
#186 = DIRECTION ( 'NONE',  ( 1.000000000000000000, 0.0000000000000000000, 0.0000000000000000000 ) ) ;
#187 = CARTESIAN_POINT ( 'NONE',  ( 6.250000000000000000, 0.0000000000000000000, 1.199999999999999956 ) ) ;
#188 = ORIENTED_EDGE ( 'NONE', *, *, #1258, .T. ) ;
#189 = DIRECTION ( 'NONE',  ( -1.000000000000000000, 0.0000000000000000000, 0.0000000000000000000 ) ) ;
#190 = CYLINDRICAL_SURFACE ( 'NONE', #905, 7.250000000000000000 ) ;
#191 = PRESENTATION_STYLE_ASSIGNMENT (( #427 ) ) ;
#192 = ADVANCED_BREP_SHAPE_REPRESENTATION ( '', ( #1354, #657 ), #1178 ) ;
#193 = DIRECTION ( 'NONE',  ( 1.000000000000000000, 0.0000000000000000000, 0.0000000000000000000 ) ) ;
#194 = CARTESIAN_POINT ( 'NONE',  ( 0.0000000000000000000, 0.0000000000000000000, 24.50000000000000000 ) ) ;
#195 = CLOSED_SHELL ( 'NONE', ( #429, #778, #1086, #71, #180, #1189 ) ) ;
#196 = ORIENTED_EDGE ( 'NONE', *, *, #461, .F. ) ;
#197 = CARTESIAN_POINT ( 'NONE',  ( -2.100000000000000089, 2.571758278209441957E-16, 24.89999999999999858 ) ) ;
#198 = CIRCLE ( 'NONE', #785, 7.250000000000000000 ) ;
#199 = FACE_OUTER_BOUND ( 'NONE', #50, .T. ) ;
#200 = VECTOR ( 'NONE', #139, 1000.000000000000000 ) ;
#201 = PLANE ( 'NONE',  #1358 ) ;
#202 =( GEOMETRIC_REPRESENTATION_CONTEXT ( 3 ) GLOBAL_UNCERTAINTY_ASSIGNED_CONTEXT ( ( #831 ) ) GLOBAL_UNIT_ASSIGNED_CONTEXT ( ( #717, #256, #608 ) ) REPRESENTATION_CONTEXT ( 'NONE', 'WORKASPACE' ) );
#203 = FACE_OUTER_BOUND ( 'NONE', #1186, .T. ) ;
#204 = STYLED_ITEM ( 'NONE', ( #1215 ), #1386 ) ;
#205 = PRESENTATION_LAYER_ASSIGNMENT (  '', '', ( #1438 ) ) ;
#206 = ORIENTED_EDGE ( 'NONE', *, *, #397, .T. ) ;
#207 = UNCERTAINTY_MEASURE_WITH_UNIT (LENGTH_MEASURE( 1.000000000000000082E-05 ), #665, 'distance_accuracy_value', 'NONE');
#208 = EDGE_CURVE ( 'NONE', #42, #842, #1459, .T. ) ;
#209 = SHAPE_REPRESENTATION ( 'Fillet001', ( #657 ), #1148 ) ;
#210 = DIRECTION ( 'NONE',  ( 0.0000000000000000000, 0.0000000000000000000, 1.000000000000000000 ) ) ;
#211 = FILL_AREA_STYLE_COLOUR ( '', #89 ) ;
#212 = DIRECTION ( 'NONE',  ( 1.000000000000000000, 0.0000000000000000000, 0.0000000000000000000 ) ) ;
#213 =( LENGTH_UNIT ( ) NAMED_UNIT ( * ) SI_UNIT ( .MILLI., .METRE. ) );
#214 =( NAMED_UNIT ( * ) PLANE_ANGLE_UNIT ( ) SI_UNIT ( $, .RADIAN. ) );
#215 = AXIS2_PLACEMENT_3D ( 'NONE', #1155, #1137, #467 ) ;
#216 = CARTESIAN_POINT ( 'NONE',  ( -1.892893218813453071, -3.785786437626903922, 25.39999999999999858 ) ) ;
#217 = VECTOR ( 'NONE', #1427, 1000.000000000000000 ) ;
#218 = SURFACE_STYLE_USAGE ( .BOTH. , #1245 ) ;
#219 = SURFACE_STYLE_USAGE ( .BOTH. , #896 ) ;
#220 = AXIS2_PLACEMENT_3D ( 'NONE', #194, #508, #423 ) ;
#221 = SURFACE_STYLE_USAGE ( .BOTH. , #1241 ) ;
#222 = PRESENTATION_LAYER_ASSIGNMENT (  '', '', ( #369 ) ) ;
#223 = DIRECTION ( 'NONE',  ( -1.000000000000000000, 0.0000000000000000000, 0.0000000000000000000 ) ) ;
#224 = DIRECTION ( 'NONE',  ( 0.0000000000000000000, 0.0000000000000000000, 1.000000000000000000 ) ) ;
#225 = SURFACE_STYLE_FILL_AREA ( #690 ) ;
#226 = ORIENTED_EDGE ( 'NONE', *, *, #754, .F. ) ;
#227 = CARTESIAN_POINT ( 'NONE',  ( 6.250000000000000000, 12.50000000000000000, 0.1999999999999999001 ) ) ;
#228 = FILL_AREA_STYLE ('',( #1259 ) ) ;
#229 = ORIENTED_EDGE ( 'NONE', *, *, #95, .T. ) ;
#230 = DIRECTION ( 'NONE',  ( 1.000000000000000000, 0.0000000000000000000, 0.0000000000000000000 ) ) ;
#231 = SURFACE_STYLE_FILL_AREA ( #1267 ) ;
#232 = CARTESIAN_POINT ( 'NONE',  ( -2.100000000000000533, -4.199999999999999289, 24.90000000000000213 ) ) ;
#233 = CARTESIAN_POINT ( 'NONE',  ( -1.600000000000000089, 1.959434878635765230E-16, 24.89999999999999858 ) ) ;
#234 =( GEOMETRIC_REPRESENTATION_CONTEXT ( 3 ) GLOBAL_UNCERTAINTY_ASSIGNED_CONTEXT ( ( #177 ) ) GLOBAL_UNIT_ASSIGNED_CONTEXT ( ( #1347, #886, #307 ) ) REPRESENTATION_CONTEXT ( 'NONE', 'WORKASPACE' ) );
#235 = PRESENTATION_LAYER_ASSIGNMENT (  '', '', ( #176 ) ) ;
#236 = PRODUCT_CONTEXT ( 'NONE', #1220, 'mechanical' ) ;
#237 = SURFACE_STYLE_FILL_AREA ( #55 ) ;
#238 = DIRECTION ( 'NONE',  ( 0.0000000000000000000, 0.0000000000000000000, 1.000000000000000000 ) ) ;
#239 = COLOUR_RGB ( '',0.0000000000000000000, 0.0000000000000000000, 0.0000000000000000000 ) ;
#240 = CIRCLE ( 'NONE', #1007, 0.5000000000000002220 ) ;
#241 = ORIENTED_EDGE ( 'NONE', *, *, #525, .F. ) ;
#242 = CARTESIAN_POINT ( 'NONE',  ( -2.100000000000000089, -4.200000000000000178, 25.19289321881345245 ) ) ;
#243 = STYLED_ITEM ( 'NONE', ( #1187 ), #1354 ) ;
#244 = SURFACE_STYLE_USAGE ( .BOTH. , #1384 ) ;
#245 =( BOUNDED_SURFACE ( )  B_SPLINE_SURFACE ( 3, 3, ( 
 ( #81, #968, #988, #1451 ),
 ( #1468, #421, #306, #1350 ),
 ( #407, #859, #652, #765 ),
 ( #993, #426, #291, #750 ) ),
 .UNSPECIFIED., .F., .F., .F. ) 
 B_SPLINE_SURFACE_WITH_KNOTS ( ( 4, 4 ),
 ( 4, 4 ),
 ( 0.0000000000000000000, 1.000000000000000000 ),
 ( 0.0000000000000000000, 1.000000000000000000 ),
 .UNSPECIFIED. ) 
 GEOMETRIC_REPRESENTATION_ITEM ( )  RATIONAL_B_SPLINE_SURFACE ( (
 ( 1.000000000000000000, 0.3333333333333334259, 0.3333333333333334259, 1.000000000000000000),
 ( 0.8047378541243649375, 0.2682459513747884050, 0.2682459513747884050, 0.8047378541243649375),
 ( 0.8047378541243649375, 0.2682459513747884050, 0.2682459513747884050, 0.8047378541243649375),
 ( 1.000000000000000000, 0.3333333333333334259, 0.3333333333333334259, 1.000000000000000000) ) ) 
 REPRESENTATION_ITEM ( '' )  SURFACE ( )  );
#246 = DIRECTION ( 'NONE',  ( 0.0000000000000000000, 0.0000000000000000000, 1.000000000000000000 ) ) ;
#247 = VERTEX_POINT ( 'NONE', #549 ) ;
#248 = FILL_AREA_STYLE ('',( #1160 ) ) ;
#249 =( NAMED_UNIT ( * ) PLANE_ANGLE_UNIT ( ) SI_UNIT ( $, .RADIAN. ) );
#250 = SURFACE_STYLE_USAGE ( .BOTH. , #727 ) ;
#251 = PRESENTATION_STYLE_ASSIGNMENT (( #1452 ) ) ;
#252 = CARTESIAN_POINT ( 'NONE',  ( 1.892893218813452849, 0.0000000000000000000, 25.39999999999999858 ) ) ;
#253 = ORIENTED_EDGE ( 'NONE', *, *, #1460, .T. ) ;
#254 = FILL_AREA_STYLE_COLOUR ( '', #480 ) ;
#255 = LINE ( 'NONE', #1317, #331 ) ;
#256 =( NAMED_UNIT ( * ) PLANE_ANGLE_UNIT ( ) SI_UNIT ( $, .RADIAN. ) );
#257 = COLOUR_RGB ( '',0.2000000000000000111, 1.000000000000000000, 0.4705882352941176405 ) ;
#258 = UNCERTAINTY_MEASURE_WITH_UNIT (LENGTH_MEASURE( 1.000000000000000082E-05 ), #1166, 'distance_accuracy_value', 'NONE');
#259 = EDGE_CURVE ( 'NONE', #404, #924, #198, .T. ) ;
#260 = DIRECTION ( 'NONE',  ( 0.0000000000000000000, 0.0000000000000000000, 1.000000000000000000 ) ) ;
#261 = ORIENTED_EDGE ( 'NONE', *, *, #103, .F. ) ;
#262 = CARTESIAN_POINT ( 'NONE',  ( -7.249999999999999112, -14.49999999999999822, 0.6142135623730948790 ) ) ;
#263 = PRESENTATION_LAYER_ASSIGNMENT (  '', '', ( #839 ) ) ;
#264 = FILL_AREA_STYLE_COLOUR ( '', #1002 ) ;
#265 = STYLED_ITEM ( 'NONE', ( #92 ), #1408 ) ;
#266 = MECHANICAL_DESIGN_GEOMETRIC_PRESENTATION_REPRESENTATION (  '', ( #1061 ), #90 ) ;
#267 = DIRECTION ( 'NONE',  ( 0.0000000000000000000, 0.0000000000000000000, 1.000000000000000000 ) ) ;
#268 = CARTESIAN_POINT ( 'NONE',  ( 0.0000000000000000000, 0.0000000000000000000, 0.0000000000000000000 ) ) ;
#269 = AXIS2_PLACEMENT_3D ( 'NONE', #919, #1403, #711 ) ;
#270 = CARTESIAN_POINT ( 'NONE',  ( -1.600000000000000089, 1.959434878635765230E-16, 25.39999999999999858 ) ) ;
#271 = ORIENTED_EDGE ( 'NONE', *, *, #422, .T. ) ;
#272 = SURFACE_STYLE_FILL_AREA ( #1315 ) ;
#273 = EDGE_CURVE ( 'NONE', #389, #91, #877, .T. ) ;
#274 = UNCERTAINTY_MEASURE_WITH_UNIT (LENGTH_MEASURE( 1.000000000000000082E-05 ), #1015, 'distance_accuracy_value', 'NONE');
#275 = CARTESIAN_POINT ( 'NONE',  ( 6.049999999999999822, 1.481822626968297304E-15, 2.710505431213761085E-17 ) ) ;
#276 = PRESENTATION_STYLE_ASSIGNMENT (( #250 ) ) ;
#277 = DIRECTION ( 'NONE',  ( 0.0000000000000000000, 0.0000000000000000000, 1.000000000000000000 ) ) ;
#278 = VERTEX_POINT ( 'NONE', #1227 ) ;
#279 = CARTESIAN_POINT ( 'NONE',  ( -6.050000000000001599, 12.09999999999999787, 2.710505431213761085E-17 ) ) ;
#280 =( NAMED_UNIT ( * ) SI_UNIT ( $, .STERADIAN. ) SOLID_ANGLE_UNIT ( ) );
#281 = DIRECTION ( 'NONE',  ( 0.0000000000000000000, 0.0000000000000000000, 1.000000000000000000 ) ) ;
#282 = PRODUCT_CONTEXT ( 'NONE', #934, 'mechanical' ) ;
#283 = COLOUR_RGB ( '',0.8000000000000000444, 0.8000000000000000444, 0.8000000000000000444 ) ;
#284 = CARTESIAN_POINT ( 'NONE',  ( 6.050000000000000711, -12.09999999999999787, 2.710505431213761085E-17 ) ) ;
#285 = AXIS2_PLACEMENT_3D ( 'NONE', #1218, #445, #518 ) ;
#286 =( NAMED_UNIT ( * ) PLANE_ANGLE_UNIT ( ) SI_UNIT ( $, .RADIAN. ) );
#287 = COLOUR_RGB ( '',0.2196078431372548989, 0.4313725490196078649, 1.000000000000000000 ) ;
#288 = VERTEX_POINT ( 'NONE', #753 ) ;
#289 = CARTESIAN_POINT ( 'NONE',  ( -6.835786437626905077, 8.371423980494679421E-16, 24.00000000000000000 ) ) ;
#290 = PRESENTATION_LAYER_ASSIGNMENT (  '', '', ( #816 ) ) ;
#291 = CARTESIAN_POINT ( 'NONE',  ( 7.249999999999997335, 14.50000000000000000, 1.199999999999999956 ) ) ;
#292 = SURFACE_STYLE_FILL_AREA ( #157 ) ;
#293 = AXIS2_PLACEMENT_3D ( 'NONE', #875, #989, #444 ) ;
#294 = DIRECTION ( 'NONE',  ( 1.000000000000000000, 0.0000000000000000000, 0.0000000000000000000 ) ) ;
#295 = COLOUR_RGB ( '',0.8000000000000000444, 0.8000000000000000444, 0.8000000000000000444 ) ;
#296 = PRODUCT_DEFINITION_CONTEXT ( 'detailed design', #552, 'design' ) ;
#297 = MECHANICAL_DESIGN_GEOMETRIC_PRESENTATION_REPRESENTATION (  '', ( #243 ), #1175 ) ;
#298 = MECHANICAL_DESIGN_GEOMETRIC_PRESENTATION_REPRESENTATION (  '', ( #369 ), #66 ) ;
#299 = AXIS2_PLACEMENT_3D ( 'NONE', #158, #54, #1311 ) ;
#300 = EDGE_LOOP ( 'NONE', ( #583, #1396 ) ) ;
#301 = CARTESIAN_POINT ( 'NONE',  ( 0.0000000000000000000, 0.0000000000000000000, 24.50000000000304112 ) ) ;
#302 = CARTESIAN_POINT ( 'NONE',  ( 7.250000000000000000, 0.0000000000000000000, 1.199999999999999956 ) ) ;
#303 = CARTESIAN_POINT ( 'NONE',  ( -6.049999999999998046, -12.09999999999999609, 2.710505431213761085E-17 ) ) ;
#304 = CONTEXT_DEPENDENT_SHAPE_REPRESENTATION ( #101, #572 ) ;
#305 =( LENGTH_UNIT ( ) NAMED_UNIT ( * ) SI_UNIT ( .MILLI., .METRE. ) );
#306 = CARTESIAN_POINT ( 'NONE',  ( 6.835786437626900636, 13.67157287525381015, 0.1999999999999997335 ) ) ;
#307 =( NAMED_UNIT ( * ) SI_UNIT ( $, .STERADIAN. ) SOLID_ANGLE_UNIT ( ) );
#308 = DIRECTION ( 'NONE',  ( -1.000000000000000000, 1.224646799147352468E-16, 0.0000000000000000000 ) ) ;
#309 = EDGE_CURVE ( 'NONE', #939, #471, #1429, .T. ) ;
#310 = EDGE_LOOP ( 'NONE', ( #827, #1407, #168, #411 ) ) ;
#311 = SURFACE_STYLE_USAGE ( .BOTH. , #169 ) ;
#312 =( NAMED_UNIT ( * ) SI_UNIT ( $, .STERADIAN. ) SOLID_ANGLE_UNIT ( ) );
#313 = AXIS2_PLACEMENT_3D ( 'NONE', #187, #640, #979 ) ;
#314 = CIRCLE ( 'NONE', #1359, 2.100000000000000089 ) ;
#315 = PRODUCT_DEFINITION_SHAPE ( 'NONE', 'NONE',  #1488 ) ;
#316 =( GEOMETRIC_REPRESENTATION_CONTEXT ( 3 ) GLOBAL_UNCERTAINTY_ASSIGNED_CONTEXT ( ( #773 ) ) GLOBAL_UNIT_ASSIGNED_CONTEXT ( ( #880, #1106, #514 ) ) REPRESENTATION_CONTEXT ( 'NONE', 'WORKASPACE' ) );
#317 = MECHANICAL_DESIGN_GEOMETRIC_PRESENTATION_REPRESENTATION (  '', ( #1088 ), #903 ) ;
#318 = PRESENTATION_LAYER_ASSIGNMENT (  '', '', ( #1362 ) ) ;
#319 =( LENGTH_UNIT ( ) NAMED_UNIT ( * ) SI_UNIT ( .MILLI., .METRE. ) );
#320 = SURFACE_STYLE_FILL_AREA ( #1458 ) ;
#321 = AXIS2_PLACEMENT_3D ( 'NONE', #27, #246, #609 ) ;
#322 = CARTESIAN_POINT ( 'NONE',  ( 6.167157287525380838, -12.33431457505075812, 5.583609737426019729E-18 ) ) ;
#323 = PRODUCT_DEFINITION_SHAPE ( 'NONE', 'NONE',  #1000 ) ;
#324 = CARTESIAN_POINT ( 'NONE',  ( 0.0000000000000000000, 0.0000000000000000000, 24.50000000000304112 ) ) ;
#325 = DIRECTION ( 'NONE',  ( -0.0000000000000000000, -0.0000000000000000000, -1.000000000000000000 ) ) ;
#326 = SURFACE_STYLE_USAGE ( .BOTH. , #901 ) ;
#327 = ADVANCED_FACE ( 'NONE', ( #428 ), #201, .T. ) ;
#328 = DIRECTION ( 'NONE',  ( 0.0000000000000000000, 0.0000000000000000000, 1.000000000000000000 ) ) ;
#329 = FILL_AREA_STYLE_COLOUR ( '', #16 ) ;
#330 =( NAMED_UNIT ( * ) PLANE_ANGLE_UNIT ( ) SI_UNIT ( $, .RADIAN. ) );
#331 = VECTOR ( 'NONE', #965, 1000.000000000000000 ) ;
#332 =( GEOMETRIC_REPRESENTATION_CONTEXT ( 3 ) GLOBAL_UNCERTAINTY_ASSIGNED_CONTEXT ( ( #992 ) ) GLOBAL_UNIT_ASSIGNED_CONTEXT ( ( #1413, #39, #280 ) ) REPRESENTATION_CONTEXT ( 'NONE', 'WORKASPACE' ) );
#333 =( NAMED_UNIT ( * ) SI_UNIT ( $, .STERADIAN. ) SOLID_ANGLE_UNIT ( ) );
#334 = PRODUCT_DEFINITION ( 'UNKNOWN', '', #107, #610 ) ;
#335 = PRESENTATION_LAYER_ASSIGNMENT (  '', '', ( #981 ) ) ;
#336 = PRODUCT_DEFINITION_SHAPE ( 'NONE', 'NONE',  #534 ) ;
#337 = PLANE ( 'NONE',  #977 ) ;
#338 = PRESENTATION_LAYER_ASSIGNMENT (  '', '', ( #1088 ) ) ;
#339 = MECHANICAL_DESIGN_GEOMETRIC_PRESENTATION_REPRESENTATION (  '', ( #553 ), #840 ) ;
#340 = VECTOR ( 'NONE', #5, 1000.000000000000000 ) ;
#341 = DIRECTION ( 'NONE',  ( 0.0000000000000000000, 0.0000000000000000000, 1.000000000000000000 ) ) ;
#342 = SHAPE_REPRESENTATION ( 'User Library-ER14250', ( #990, #299, #321, #269, #182, #530 ), #459 ) ;
#343 = CARTESIAN_POINT ( 'NONE',  ( 6.250000000022737368, 7.654042494698803410E-16, 23.99999999999380407 ) ) ;
#344 =( NAMED_UNIT ( * ) PLANE_ANGLE_UNIT ( ) SI_UNIT ( $, .RADIAN. ) );
#345 = CARTESIAN_POINT ( 'NONE',  ( 7.250000000000000000, 14.49999999999999822, 23.58578643762690419 ) ) ;
#346 = DIRECTION ( 'NONE',  ( 0.0000000000000000000, 0.0000000000000000000, 1.000000000000000000 ) ) ;
#347 = PRESENTATION_STYLE_ASSIGNMENT (( #326 ) ) ;
#348 = FILL_AREA_STYLE_COLOUR ( '', #257 ) ;
#349 = ORIENTED_EDGE ( 'NONE', *, *, #161, .F. ) ;
#350 =( BOUNDED_CURVE ( )  B_SPLINE_CURVE ( 3, ( #1257, #227, #1021, #113 ),
 .UNSPECIFIED., .F., .T. ) 
 B_SPLINE_CURVE_WITH_KNOTS ( ( 4, 4 ),
 ( 0.0000000000000000000, 0.5000000000000000000 ),
 .UNSPECIFIED. ) 
 CURVE ( )  GEOMETRIC_REPRESENTATION_ITEM ( )  RATIONAL_B_SPLINE_CURVE ( ( 1.000000000000000000, 0.3333333333333333703, 0.3333333333333333703, 1.000000000000000000 ) ) 
 REPRESENTATION_ITEM ( '' )  );
#351 = SURFACE_SIDE_STYLE ('',( #1058 ) ) ;
#352 = CARTESIAN_POINT ( 'NONE',  ( -2.100000000000000089, 2.571758278209441957E-16, 24.89999999999999858 ) ) ;
#353 = DIRECTION ( 'NONE',  ( 1.000000000000000000, 0.0000000000000000000, 0.0000000000000000000 ) ) ;
#354 = ORIENTED_EDGE ( 'NONE', *, *, #996, .T. ) ;
#355 =( NAMED_UNIT ( * ) PLANE_ANGLE_UNIT ( ) SI_UNIT ( $, .RADIAN. ) );
#356 = PRESENTATION_LAYER_ASSIGNMENT (  '', '', ( #999 ) ) ;
#357 = VERTEX_POINT ( 'NONE', #452 ) ;
#358 = PLANE ( 'NONE',  #38 ) ;
#359 = STYLED_ITEM ( 'NONE', ( #580 ), #594 ) ;
#360 = DIRECTION ( 'NONE',  ( 0.0000000000000000000, 0.0000000000000000000, 1.000000000000000000 ) ) ;
#361 = AXIS2_PLACEMENT_3D ( 'NONE', #449, #346, #223 ) ;
#362 = PRODUCT_RELATED_PRODUCT_CATEGORY ( 'part', '', ( #798 ) ) ;
#363 = ORIENTED_EDGE ( 'NONE', *, *, #703, .F. ) ;
#364 = CARTESIAN_POINT ( 'NONE',  ( 7.250000000000000888, 0.0000000000000000000, 0.6142135623730948790 ) ) ;
#365 =( LENGTH_UNIT ( ) NAMED_UNIT ( * ) SI_UNIT ( .MILLI., .METRE. ) );
#366 = CIRCLE ( 'NONE', #1203, 2.099999999984447641 ) ;
#367 = MANIFOLD_SOLID_BREP ( 'Imported1', #1327 ) ;
#368 = PRESENTATION_STYLE_ASSIGNMENT (( #1434 ) ) ;
#369 = STYLED_ITEM ( 'NONE', ( #1177 ), #52 ) ;
#370 = ORIENTED_EDGE ( 'NONE', *, *, #1144, .F. ) ;
#371 = SHAPE_REPRESENTATION_RELATIONSHIP ( 'NONE' , 'NONE' ,  #494, #192 ) ;
#372 =( LENGTH_UNIT ( ) NAMED_UNIT ( * ) SI_UNIT ( .MILLI., .METRE. ) );
#373 = EDGE_LOOP ( 'NONE', ( #854, #731, #495, #72 ) ) ;
#374 =( NAMED_UNIT ( * ) PLANE_ANGLE_UNIT ( ) SI_UNIT ( $, .RADIAN. ) );
#375 = CARTESIAN_POINT ( 'NONE',  ( 6.250000000000000000, -12.50000000000000000, 24.00000000000000355 ) ) ;
#376 = CARTESIAN_POINT ( 'NONE',  ( -6.250000000000002665, 12.49999999999999467, 0.08284271247461902354 ) ) ;
#377 = APPLICATION_CONTEXT ( 'automotive_design' ) ;
#378 = EDGE_CURVE ( 'NONE', #490, #247, #1377, .T. ) ;
#379 = MANIFOLD_SOLID_BREP ( 'Imported1', #1376 ) ;
#380 = SURFACE_SIDE_STYLE ('',( #237 ) ) ;
#381 = EDGE_LOOP ( 'NONE', ( #1152, #446, #23, #241 ) ) ;
#382 = DIRECTION ( 'NONE',  ( 0.0000000000000000000, 0.0000000000000000000, 1.000000000000000000 ) ) ;
#383 = SURFACE_STYLE_FILL_AREA ( #1084 ) ;
#384 = ADVANCED_BREP_SHAPE_REPRESENTATION ( '', ( #379, #657 ), #631 ) ;
#385 = LINE ( 'NONE', #53, #897 ) ;
#386 = PRESENTATION_LAYER_ASSIGNMENT (  '', '', ( #809 ) ) ;
#387 = SURFACE_STYLE_FILL_AREA ( #1439 ) ;
#388 = COLOUR_RGB ( '',0.2000000000000000111, 1.000000000000000000, 0.4705882352941176405 ) ;
#389 = VERTEX_POINT ( 'NONE', #853 ) ;
#390 = LINE ( 'NONE', #1409, #200 ) ;
#391 = FILL_AREA_STYLE_COLOUR ( '', #1085 ) ;
#392 = CIRCLE ( 'NONE', #1232, 7.250000000000000000 ) ;
#393 = CARTESIAN_POINT ( 'NONE',  ( 2.100000000000000089, 0.0000000000000000000, 23.40000000000000213 ) ) ;
#394 = SHAPE_REPRESENTATION ( 'Cono', ( #657 ), #1417 ) ;
#395 = SURFACE_STYLE_USAGE ( .BOTH. , #88 ) ;
#396 = SURFACE_STYLE_FILL_AREA ( #1297 ) ;
#397 = EDGE_CURVE ( 'NONE', #1320, #708, #100, .T. ) ;
#398 = VERTEX_POINT ( 'NONE', #1308 ) ;
#399 = FILL_AREA_STYLE_COLOUR ( '', #155 ) ;
#400 = SURFACE_STYLE_FILL_AREA ( #1422 ) ;
#401 = DIRECTION ( 'NONE',  ( 1.000000000000000000, 0.0000000000000000000, 0.0000000000000000000 ) ) ;
#402 = UNCERTAINTY_MEASURE_WITH_UNIT (LENGTH_MEASURE( 1.000000000000000082E-05 ), #596, 'distance_accuracy_value', 'NONE');
#403 = FILL_AREA_STYLE ('',( #1446 ) ) ;
#404 = VERTEX_POINT ( 'NONE', #491 ) ;
#405 =( BOUNDED_CURVE ( )  B_SPLINE_CURVE ( 3, ( #1393, #591, #68, #1173 ),
 .UNSPECIFIED., .F., .T. ) 
 B_SPLINE_CURVE_WITH_KNOTS ( ( 4, 4 ),
 ( 0.0000000000000000000, 0.5000000000000000000 ),
 .UNSPECIFIED. ) 
 CURVE ( )  GEOMETRIC_REPRESENTATION_ITEM ( )  RATIONAL_B_SPLINE_CURVE ( ( 1.000000000000000000, 0.3333333333333333703, 0.3333333333333333703, 1.000000000000000000 ) ) 
 REPRESENTATION_ITEM ( '' )  );
#406 =( LENGTH_UNIT ( ) NAMED_UNIT ( * ) SI_UNIT ( .MILLI., .METRE. ) );
#407 = CARTESIAN_POINT ( 'NONE',  ( -7.250000000000000888, -8.878689293818310074E-16, 0.6142135623730948790 ) ) ;
#408 = SURFACE_STYLE_USAGE ( .BOTH. , #488 ) ;
#409 = FILL_AREA_STYLE ('',( #958 ) ) ;
#410 = APPLICATION_PROTOCOL_DEFINITION ( 'draft international standard', 'automotive_design', 1998, #552 ) ;
#411 = ORIENTED_EDGE ( 'NONE', *, *, #783, .F. ) ;
#412 = CARTESIAN_POINT ( 'NONE',  ( 7.249999999999997335, -14.50000000000000000, 23.00000000000000000 ) ) ;
#413 =( NAMED_UNIT ( * ) PLANE_ANGLE_UNIT ( ) SI_UNIT ( $, .RADIAN. ) );
#414 = COLOUR_RGB ( '',0.8000000000000000444, 0.8000000000000000444, 0.8000000000000000444 ) ;
#415 = ITEM_DEFINED_TRANSFORMATION ( 'NONE', 'NONE', #321,  #657 ) ;
#416 = UNCERTAINTY_MEASURE_WITH_UNIT (LENGTH_MEASURE( 1.000000000000000082E-05 ), #213, 'distance_accuracy_value', 'NONE');
#417 = PRODUCT_DEFINITION_FORMATION_WITH_SPECIFIED_SOURCE ( 'ANY', '', #798, .NOT_KNOWN. ) ;
#418 = EDGE_LOOP ( 'NONE', ( #627, #112 ) ) ;
#419 = CARTESIAN_POINT ( 'NONE',  ( 7.250000000000000000, 0.0000000000000000000, 23.00000000000000000 ) ) ;
#420 = SURFACE_SIDE_STYLE ('',( #1224 ) ) ;
#421 = CARTESIAN_POINT ( 'NONE',  ( -6.835786437626907741, 13.67157287525380838, 0.1999999999999997335 ) ) ;
#422 = EDGE_CURVE ( 'NONE', #35, #924, #170, .T. ) ;
#423 = DIRECTION ( 'NONE',  ( 1.000000000000000000, 0.0000000000000000000, -0.0000000000000000000 ) ) ;
#424 = VERTEX_POINT ( 'NONE', #1054 ) ;
#425 = CARTESIAN_POINT ( 'NONE',  ( -6.835786437626907741, -13.67157287525380838, 24.00000000000000000 ) ) ;
#426 = CARTESIAN_POINT ( 'NONE',  ( -7.250000000000002665, 14.49999999999999822, 1.199999999999999956 ) ) ;
#427 = SURFACE_STYLE_USAGE ( .BOTH. , #653 ) ;
#428 = FACE_OUTER_BOUND ( 'NONE', #906, .T. ) ;
#429 = ADVANCED_FACE ( 'NONE', ( #948 ), #1337, .T. ) ;
#430 = SURFACE_SIDE_STYLE ('',( #997 ) ) ;
#431 =( NAMED_UNIT ( * ) SI_UNIT ( $, .STERADIAN. ) SOLID_ANGLE_UNIT ( ) );
#432 = STYLED_ITEM ( 'NONE', ( #1154 ), #367 ) ;
#433 = ORIENTED_EDGE ( 'NONE', *, *, #110, .F. ) ;
#434 =( NAMED_UNIT ( * ) SI_UNIT ( $, .STERADIAN. ) SOLID_ANGLE_UNIT ( ) );
#435 = MECHANICAL_DESIGN_GEOMETRIC_PRESENTATION_REPRESENTATION (  '', ( #359 ), #1087 ) ;
#436 = AXIS2_PLACEMENT_3D ( 'NONE', #1471, #277, #1465 ) ;
#437 =( NAMED_UNIT ( * ) PLANE_ANGLE_UNIT ( ) SI_UNIT ( $, .RADIAN. ) );
#438 = PRESENTATION_LAYER_ASSIGNMENT (  '', '', ( #243 ) ) ;
#439 =( GEOMETRIC_REPRESENTATION_CONTEXT ( 3 ) GLOBAL_UNCERTAINTY_ASSIGNED_CONTEXT ( ( #952 ) ) GLOBAL_UNIT_ASSIGNED_CONTEXT ( ( #441, #684, #464 ) ) REPRESENTATION_CONTEXT ( 'NONE', 'WORKASPACE' ) );
#440 = SURFACE_STYLE_FILL_AREA ( #1024 ) ;
#441 =( LENGTH_UNIT ( ) NAMED_UNIT ( * ) SI_UNIT ( .MILLI., .METRE. ) );
#442 = ADVANCED_FACE ( 'NONE', ( #46 ), #498, .T. ) ;
#443 = SURFACE_STYLE_USAGE ( .BOTH. , #893 ) ;
#444 = DIRECTION ( 'NONE',  ( 1.000000000000000000, 0.0000000000000000000, -0.0000000000000000000 ) ) ;
#445 = DIRECTION ( 'NONE',  ( 0.0000000000000000000, 0.0000000000000000000, 1.000000000000000000 ) ) ;
#446 = ORIENTED_EDGE ( 'NONE', *, *, #1144, .T. ) ;
#447 = FACE_OUTER_BOUND ( 'NONE', #810, .T. ) ;
#448 = DIRECTION ( 'NONE',  ( 1.000000000000000000, 0.0000000000000000000, 0.0000000000000000000 ) ) ;
#449 = CARTESIAN_POINT ( 'NONE',  ( 0.0000000000000000000, 0.0000000000000000000, 23.99999999999380407 ) ) ;
#450 = DIRECTION ( 'NONE',  ( 1.000000000000000000, 0.0000000000000000000, 0.0000000000000000000 ) ) ;
#451 = AXIS2_PLACEMENT_3D ( 'NONE', #1110, #759, #1331 ) ;
#452 = CARTESIAN_POINT ( 'NONE',  ( 6.250000000000000000, 0.0000000000000000000, 24.00000000000000000 ) ) ;
#453 = ORIENTED_EDGE ( 'NONE', *, *, #171, .T. ) ;
#454 = DIRECTION ( 'NONE',  ( 0.0000000000000000000, 1.000000000000000000, 0.0000000000000000000 ) ) ;
#455 = FILL_AREA_STYLE ('',( #10 ) ) ;
#456 = CARTESIAN_POINT ( 'NONE',  ( 0.0000000000000000000, 0.0000000000000000000, 0.0000000000000000000 ) ) ;
#457 = CARTESIAN_POINT ( 'NONE',  ( -6.249999999999999112, 12.49999999999999822, 24.00000000000000000 ) ) ;
#458 = FILL_AREA_STYLE ('',( #123 ) ) ;
#459 =( GEOMETRIC_REPRESENTATION_CONTEXT ( 3 ) GLOBAL_UNCERTAINTY_ASSIGNED_CONTEXT ( ( #1079 ) ) GLOBAL_UNIT_ASSIGNED_CONTEXT ( ( #706, #818, #144 ) ) REPRESENTATION_CONTEXT ( 'NONE', 'WORKASPACE' ) );
#460 = SURFACE_STYLE_USAGE ( .BOTH. , #589 ) ;
#461 = EDGE_CURVE ( 'NONE', #924, #404, #1053, .T. ) ;
#462 = ORIENTED_EDGE ( 'NONE', *, *, #95, .F. ) ;
#463 = DIRECTION ( 'NONE',  ( 0.0000000000000000000, 0.0000000000000000000, 1.000000000000000000 ) ) ;
#464 =( NAMED_UNIT ( * ) SI_UNIT ( $, .STERADIAN. ) SOLID_ANGLE_UNIT ( ) );
#465 = ORIENTED_EDGE ( 'NONE', *, *, #1291, .T. ) ;
#466 =( NAMED_UNIT ( * ) PLANE_ANGLE_UNIT ( ) SI_UNIT ( $, .RADIAN. ) );
#467 = DIRECTION ( 'NONE',  ( 1.000000000000000000, 0.0000000000000000000, -0.0000000000000000000 ) ) ;
#468 = DIRECTION ( 'NONE',  ( 1.000000000000000000, 0.0000000000000000000, 0.0000000000000000000 ) ) ;
#469 = UNCERTAINTY_MEASURE_WITH_UNIT (LENGTH_MEASURE( 1.000000000000000082E-05 ), #1022, 'distance_accuracy_value', 'NONE');
#470 = SURFACE_SIDE_STYLE ('',( #396 ) ) ;
#471 = VERTEX_POINT ( 'NONE', #302 ) ;
#472 = CARTESIAN_POINT ( 'NONE',  ( 6.250000000000001776, -12.49999999999999822, 0.1999999999999998723 ) ) ;
#473 = CARTESIAN_POINT ( 'NONE',  ( 2.099999999999999645, -4.200000000000000178, 25.19289321881345245 ) ) ;
#474 = STYLED_ITEM ( 'NONE', ( #1269 ), #45 ) ;
#475 =( LENGTH_UNIT ( ) NAMED_UNIT ( * ) SI_UNIT ( .MILLI., .METRE. ) );
#476 = AXIS2_PLACEMENT_3D ( 'NONE', #233, #715, #1182 ) ;
#477 = APPLICATION_CONTEXT ( 'automotive_design' ) ;
#478 = COLOUR_RGB ( '',0.0000000000000000000, 0.0000000000000000000, 0.0000000000000000000 ) ;
#479 = SURFACE_STYLE_FILL_AREA ( #557 ) ;
#480 = COLOUR_RGB ( '',0.8000000000000000444, 0.8000000000000000444, 0.8000000000000000444 ) ;
#481 = APPLICATION_PROTOCOL_DEFINITION ( 'draft international standard', 'automotive_design', 1998, #934 ) ;
#482 =( LENGTH_UNIT ( ) NAMED_UNIT ( * ) SI_UNIT ( .MILLI., .METRE. ) );
#483 = MECHANICAL_DESIGN_GEOMETRIC_PRESENTATION_REPRESENTATION (  '', ( #749 ), #629 ) ;
#484 = EDGE_LOOP ( 'NONE', ( #188, #1050, #963, #261 ) ) ;
#485 = EDGE_CURVE ( 'NONE', #685, #972, #502, .T. ) ;
#486 = CARTESIAN_POINT ( 'NONE',  ( -6.249999999999999112, -7.654042494670956620E-16, 0.2000000000000000111 ) ) ;
#487 = PRESENTATION_LAYER_ASSIGNMENT (  '', '', ( #581 ) ) ;
#488 = SURFACE_SIDE_STYLE ('',( #1156 ) ) ;
#489 = FILL_AREA_STYLE_COLOUR ( '', #720 ) ;
#490 = VERTEX_POINT ( 'NONE', #1216 ) ;
#491 = CARTESIAN_POINT ( 'NONE',  ( 7.250000000000000000, 0.0000000000000000000, 19.00000000000000000 ) ) ;
#492 = APPLICATION_PROTOCOL_DEFINITION ( 'draft international standard', 'automotive_design', 1998, #832 ) ;
#493 =( NAMED_UNIT ( * ) PLANE_ANGLE_UNIT ( ) SI_UNIT ( $, .RADIAN. ) );
#494 = SHAPE_REPRESENTATION ( 'Fillet003', ( #657 ), #1178 ) ;
#495 = ORIENTED_EDGE ( 'NONE', *, *, #1258, .F. ) ;
#496 = SURFACE_STYLE_FILL_AREA ( #1290 ) ;
#497 = UNCERTAINTY_MEASURE_WITH_UNIT (LENGTH_MEASURE( 1.000000000000000082E-05 ), #1387, 'distance_accuracy_value', 'NONE');
#498 = CYLINDRICAL_SURFACE ( 'NONE', #118, 7.250000000000000000 ) ;
#499 =( GEOMETRIC_REPRESENTATION_CONTEXT ( 3 ) GLOBAL_UNCERTAINTY_ASSIGNED_CONTEXT ( ( #497 ) ) GLOBAL_UNIT_ASSIGNED_CONTEXT ( ( #1387, #1256, #824 ) ) REPRESENTATION_CONTEXT ( 'NONE', 'WORKASPACE' ) );
#500 = CARTESIAN_POINT ( 'NONE',  ( 0.0000000000000000000, 0.0000000000000000000, 0.0000000000000000000 ) ) ;
#501 =( GEOMETRIC_REPRESENTATION_CONTEXT ( 3 ) GLOBAL_UNCERTAINTY_ASSIGNED_CONTEXT ( ( #274 ) ) GLOBAL_UNIT_ASSIGNED_CONTEXT ( ( #1015, #355, #333 ) ) REPRESENTATION_CONTEXT ( 'NONE', 'WORKASPACE' ) );
#502 = CIRCLE ( 'NONE', #451, 7.250000000000000000 ) ;
#503 = CARTESIAN_POINT ( 'NONE',  ( -7.250000000000000000, 8.878689293818310074E-16, 23.00000000000000000 ) ) ;
#504 = MECHANICAL_DESIGN_GEOMETRIC_PRESENTATION_REPRESENTATION (  '', ( #85 ), #1251 ) ;
#505 =( BOUNDED_SURFACE ( )  B_SPLINE_SURFACE ( 3, 3, ( 
 ( #1461, #683, #687, #1398 ),
 ( #567, #216, #1135, #700 ),
 ( #1375, #242, #473, #588 ),
 ( #1028, #232, #1044, #124 ) ),
 .UNSPECIFIED., .F., .F., .F. ) 
 B_SPLINE_SURFACE_WITH_KNOTS ( ( 4, 4 ),
 ( 4, 4 ),
 ( 0.0000000000000000000, 1.000000000000000000 ),
 ( 0.0000000000000000000, 1.000000000000000000 ),
 .UNSPECIFIED. ) 
 GEOMETRIC_REPRESENTATION_ITEM ( )  RATIONAL_B_SPLINE_SURFACE ( (
 ( 1.000000000000000000, 0.3333333333333334259, 0.3333333333333334259, 1.000000000000000000),
 ( 0.8047378541243649375, 0.2682459513747884050, 0.2682459513747884050, 0.8047378541243649375),
 ( 0.8047378541243649375, 0.2682459513747884050, 0.2682459513747884050, 0.8047378541243649375),
 ( 1.000000000000000000, 0.3333333333333334259, 0.3333333333333334259, 1.000000000000000000) ) ) 
 REPRESENTATION_ITEM ( '' )  SURFACE ( )  );
#506 =( LENGTH_UNIT ( ) NAMED_UNIT ( * ) SI_UNIT ( .MILLI., .METRE. ) );
#507 = PRODUCT_DEFINITION_FORMATION_WITH_SPECIFIED_SOURCE ( 'ANY', '', #1380, .NOT_KNOWN. ) ;
#508 = DIRECTION ( 'NONE',  ( 0.0000000000000000000, 0.0000000000000000000, 1.000000000000000000 ) ) ;
#509 = ORIENTED_EDGE ( 'NONE', *, *, #1484, .F. ) ;
#510 = CARTESIAN_POINT ( 'NONE',  ( -6.250000000000002665, -12.49999999999999822, 24.00000000000000000 ) ) ;
#511 = UNCERTAINTY_MEASURE_WITH_UNIT (LENGTH_MEASURE( 1.000000000000000082E-05 ), #475, 'distance_accuracy_value', 'NONE');
#512 =( NAMED_UNIT ( * ) SI_UNIT ( $, .STERADIAN. ) SOLID_ANGLE_UNIT ( ) );
#513 = ORIENTED_EDGE ( 'NONE', *, *, #754, .T. ) ;
#514 =( NAMED_UNIT ( * ) SI_UNIT ( $, .STERADIAN. ) SOLID_ANGLE_UNIT ( ) );
#515 = CARTESIAN_POINT ( 'NONE',  ( 0.0000000000000000000, 0.0000000000000000000, 19.00000000000000000 ) ) ;
#516 = CARTESIAN_POINT ( 'NONE',  ( 0.0000000000000000000, 0.0000000000000000000, 0.2000000000000000111 ) ) ;
#517 =( NAMED_UNIT ( * ) PLANE_ANGLE_UNIT ( ) SI_UNIT ( $, .RADIAN. ) );
#518 = DIRECTION ( 'NONE',  ( -1.000000000000000000, 0.0000000000000000000, 0.0000000000000000000 ) ) ;
#519 = ITEM_DEFINED_TRANSFORMATION ( 'NONE', 'NONE', #269,  #657 ) ;
#520 = DIRECTION ( 'NONE',  ( -1.224646799147353207E-16, 1.000000000000000000, 0.0000000000000000000 ) ) ;
#521 = ORIENTED_EDGE ( 'NONE', *, *, #1012, .F. ) ;
#522 = DIRECTION ( 'NONE',  ( 1.000000000000000000, 0.0000000000000000000, 0.0000000000000000000 ) ) ;
#523 = CARTESIAN_POINT ( 'NONE',  ( 6.250000000000000000, 0.0000000000000000000, 1.000000000000000000 ) ) ;
#524 = STYLED_ITEM ( 'NONE', ( #151 ), #642 ) ;
#525 = EDGE_CURVE ( 'NONE', #35, #471, #1405, .T. ) ;
#526 = AXIS2_PLACEMENT_3D ( 'NONE', #1176, #159, #611 ) ;
#527 = PRESENTATION_STYLE_ASSIGNMENT (( #82 ) ) ;
#528 = CARTESIAN_POINT ( 'NONE',  ( -6.249999999999999112, -7.654042494670956620E-16, 0.2000000000000000111 ) ) ;
#529 = PLANE ( 'NONE',  #436 ) ;
#530 = AXIS2_PLACEMENT_3D ( 'NONE', #1294, #959, #1174 ) ;
#531 = ORIENTED_EDGE ( 'NONE', *, *, #1291, .F. ) ;
#532 = FILL_AREA_STYLE_COLOUR ( '', #287 ) ;
#533 = DIRECTION ( 'NONE',  ( 0.0000000000000000000, 0.0000000000000000000, 1.000000000000000000 ) ) ;
#534 = PRODUCT_DEFINITION ( 'UNKNOWN', '', #659, #114 ) ;
#535 = ADVANCED_FACE ( 'NONE', ( #1475 ), #245, .T. ) ;
#536 = PRODUCT ( 'Cono', 'Cono', '', ( #282 ) ) ;
#537 = FILL_AREA_STYLE ('',( #93 ) ) ;
#538 =( NAMED_UNIT ( * ) SI_UNIT ( $, .STERADIAN. ) SOLID_ANGLE_UNIT ( ) );
#539 =( BOUNDED_CURVE ( )  B_SPLINE_CURVE ( 3, ( #1115, #1204, #279, #1195 ),
 .UNSPECIFIED., .F., .T. ) 
 B_SPLINE_CURVE_WITH_KNOTS ( ( 4, 4 ),
 ( 0.0000000000000000000, 0.5000000000000000000 ),
 .UNSPECIFIED. ) 
 CURVE ( )  GEOMETRIC_REPRESENTATION_ITEM ( )  RATIONAL_B_SPLINE_CURVE ( ( 1.000000000000000000, 0.3333333333333333703, 0.3333333333333333703, 1.000000000000000000 ) ) 
 REPRESENTATION_ITEM ( '' )  );
#540 = CARTESIAN_POINT ( 'NONE',  ( -6.049999999999999822, -7.409113134841486521E-16, 2.710505431213761085E-17 ) ) ;
#541 = EDGE_CURVE ( 'NONE', #708, #637, #314, .T. ) ;
#542 = MECHANICAL_DESIGN_GEOMETRIC_PRESENTATION_REPRESENTATION (  '', ( #978 ), #234 ) ;
#543 = PRESENTATION_STYLE_ASSIGNMENT (( #97 ) ) ;
#544 = CARTESIAN_POINT ( 'NONE',  ( 6.835786437626905077, 0.0000000000000000000, 24.00000000000000000 ) ) ;
#545 = ORIENTED_EDGE ( 'NONE', *, *, #19, .F. ) ;
#546 = DIRECTION ( 'NONE',  ( -0.0000000000000000000, -0.0000000000000000000, -1.000000000000000000 ) ) ;
#547 = MECHANICAL_DESIGN_GEOMETRIC_PRESENTATION_REPRESENTATION (  '', ( #1335 ), #316 ) ;
#548 = AXIS2_PLACEMENT_3D ( 'NONE', #791, #890, #230 ) ;
#549 = CARTESIAN_POINT ( 'NONE',  ( 2.100000000000000089, 0.0000000000000000000, 23.40000000000000213 ) ) ;
#550 = MECHANICAL_DESIGN_GEOMETRIC_PRESENTATION_REPRESENTATION (  '', ( #839 ), #1029 ) ;
#551 = ITEM_DEFINED_TRANSFORMATION ( 'NONE', 'NONE', #530,  #657 ) ;
#552 = APPLICATION_CONTEXT ( 'automotive_design' ) ;
#553 = STYLED_ITEM ( 'NONE', ( #1270 ), #1086 ) ;
#554 = SURFACE_STYLE_FILL_AREA ( #228 ) ;
#555 = PRESENTATION_STYLE_ASSIGNMENT (( #1134 ) ) ;
#556 = CARTESIAN_POINT ( 'NONE',  ( 0.0000000000000000000, 0.0000000000000000000, 24.89999999999999858 ) ) ;
#557 = FILL_AREA_STYLE ('',( #1292 ) ) ;
#558 = DIRECTION ( 'NONE',  ( 0.0000000000000000000, 0.0000000000000000000, 1.000000000000000000 ) ) ;
#559 = CARTESIAN_POINT ( 'NONE',  ( -7.249999999999999112, 14.50000000000000000, 23.00000000000000000 ) ) ;
#560 = DIRECTION ( 'NONE',  ( -1.000000000000000000, 0.0000000000000000000, 0.0000000000000000000 ) ) ;
#561 = DIRECTION ( 'NONE',  ( 0.0000000000000000000, 0.0000000000000000000, 1.000000000000000000 ) ) ;
#562 = CARTESIAN_POINT ( 'NONE',  ( -7.250000000000000000, 8.878689293818310074E-16, 1.199999999999999956 ) ) ;
#563 = SHAPE_REPRESENTATION_RELATIONSHIP ( 'NONE' , 'NONE' ,  #707, #1286 ) ;
#564 = FACE_OUTER_BOUND ( 'NONE', #484, .T. ) ;
#565 = CARTESIAN_POINT ( 'NONE',  ( -6.835786437626904188, 13.67157287525380838, 24.00000000000000000 ) ) ;
#566 = CLOSED_SHELL ( 'NONE', ( #594, #966, #569, #1037 ) ) ;
#567 = CARTESIAN_POINT ( 'NONE',  ( -1.892893218813452849, 2.318125621547625644E-16, 25.39999999999999858 ) ) ;
#568 = APPLICATION_CONTEXT ( 'automotive_design' ) ;
#569 = ADVANCED_FACE ( 'NONE', ( #1027 ), #1332, .T. ) ;
#570 =( NAMED_UNIT ( * ) PLANE_ANGLE_UNIT ( ) SI_UNIT ( $, .RADIAN. ) );
#571 = CIRCLE ( 'NONE', #119, 2.099999999984447641 ) ;
#572 = PRODUCT_DEFINITION_SHAPE ( 'NONE', 'NONE',  #1487 ) ;
#573 = DIRECTION ( 'NONE',  ( 1.000000000000000000, 0.0000000000000000000, 0.0000000000000000000 ) ) ;
#574 = FACE_OUTER_BOUND ( 'NONE', #780, .T. ) ;
#575 =( LENGTH_UNIT ( ) NAMED_UNIT ( * ) SI_UNIT ( .MILLI., .METRE. ) );
#576 = UNCERTAINTY_MEASURE_WITH_UNIT (LENGTH_MEASURE( 1.000000000000000082E-05 ), #365, 'distance_accuracy_value', 'NONE');
#577 = PRESENTATION_LAYER_ASSIGNMENT (  '', '', ( #749 ) ) ;
#578 = SURFACE_SIDE_STYLE ('',( #1385 ) ) ;
#579 = COLOUR_RGB ( '',0.7921568627450980005, 0.8196078431372548767, 0.9333333333333333481 ) ;
#580 = PRESENTATION_STYLE_ASSIGNMENT (( #443 ) ) ;
#581 = STYLED_ITEM ( 'NONE', ( #784 ), #192 ) ;
#582 = CARTESIAN_POINT ( 'NONE',  ( 0.0000000000000000000, 0.0000000000000000000, 23.40000000000000213 ) ) ;
#583 = ORIENTED_EDGE ( 'NONE', *, *, #622, .F. ) ;
#584 = FILL_AREA_STYLE ('',( #825 ) ) ;
#585 = APPLICATION_PROTOCOL_DEFINITION ( 'draft international standard', 'automotive_design', 1998, #986 ) ;
#586 = CARTESIAN_POINT ( 'NONE',  ( 1.892893218813452849, 3.785786437626904810, 25.39999999999999858 ) ) ;
#587 = ORIENTED_EDGE ( 'NONE', *, *, #422, .F. ) ;
#588 = CARTESIAN_POINT ( 'NONE',  ( 2.100000000000000533, -5.143516556418882928E-16, 25.19289321881344534 ) ) ;
#589 = SURFACE_SIDE_STYLE ('',( #225 ) ) ;
#590 = ORIENTED_EDGE ( 'NONE', *, *, #811, .T. ) ;
#591 = CARTESIAN_POINT ( 'NONE',  ( 1.600000000000000533, -3.199999999999999734, 25.39999999999999858 ) ) ;
#592 = APPLICATION_PROTOCOL_DEFINITION ( 'draft international standard', 'automotive_design', 1998, #377 ) ;
#593 = UNCERTAINTY_MEASURE_WITH_UNIT (LENGTH_MEASURE( 1.000000000000000082E-05 ), #757, 'distance_accuracy_value', 'NONE');
#594 = ADVANCED_FACE ( 'NONE', ( #1276 ), #649, .T. ) ;
#595 = CARTESIAN_POINT ( 'NONE',  ( -1.892893218813452405, 3.785786437626904810, 25.39999999999999858 ) ) ;
#596 =( LENGTH_UNIT ( ) NAMED_UNIT ( * ) SI_UNIT ( .MILLI., .METRE. ) );
#597 = VERTEX_POINT ( 'NONE', #673 ) ;
#598 = STYLED_ITEM ( 'NONE', ( #976 ), #535 ) ;
#599 = DIRECTION ( 'NONE',  ( 0.0000000000000000000, 0.0000000000000000000, 1.000000000000000000 ) ) ;
#600 = STYLED_ITEM ( 'NONE', ( #1289 ), #635 ) ;
#601 = DIRECTION ( 'NONE',  ( 1.000000000000000000, 0.0000000000000000000, 0.0000000000000000000 ) ) ;
#602 = PRESENTATION_LAYER_ASSIGNMENT (  '', '', ( #1004 ) ) ;
#603 = SHAPE_REPRESENTATION_RELATIONSHIP ( 'NONE' , 'NONE' ,  #394, #1040 ) ;
#604 =( GEOMETRIC_REPRESENTATION_CONTEXT ( 3 ) GLOBAL_UNCERTAINTY_ASSIGNED_CONTEXT ( ( #146 ) ) GLOBAL_UNIT_ASSIGNED_CONTEXT ( ( #1244, #466, #1278 ) ) REPRESENTATION_CONTEXT ( 'NONE', 'WORKASPACE' ) );
#605 = MECHANICAL_DESIGN_GEOMETRIC_PRESENTATION_REPRESENTATION (  '', ( #105 ), #935 ) ;
#606 = ORIENTED_EDGE ( 'NONE', *, *, #1064, .T. ) ;
#607 = DIRECTION ( 'NONE',  ( 1.000000000000000000, 0.0000000000000000000, 0.0000000000000000000 ) ) ;
#608 =( NAMED_UNIT ( * ) SI_UNIT ( $, .STERADIAN. ) SOLID_ANGLE_UNIT ( ) );
#609 = DIRECTION ( 'NONE',  ( 1.000000000000000000, 0.0000000000000000000, 0.0000000000000000000 ) ) ;
#610 = PRODUCT_DEFINITION_CONTEXT ( 'detailed design', #377, 'design' ) ;
#611 = DIRECTION ( 'NONE',  ( 1.000000000000000000, 0.0000000000000000000, 0.0000000000000000000 ) ) ;
#612 = ORIENTED_EDGE ( 'NONE', *, *, #378, .T. ) ;
#613 = FACE_OUTER_BOUND ( 'NONE', #381, .T. ) ;
#614 = CARTESIAN_POINT ( 'NONE',  ( -1.599999999999999867, 3.199999999999999734, 25.39999999999999858 ) ) ;
#615 = CARTESIAN_POINT ( 'NONE',  ( 6.049999999999997158, 12.09999999999999964, 2.710505431213761085E-17 ) ) ;
#616 = CARTESIAN_POINT ( 'NONE',  ( 6.250000000000000000, 0.0000000000000000000, 0.0000000000000000000 ) ) ;
#617 = SHAPE_DEFINITION_REPRESENTATION ( #1237, #1001 ) ;
#618 = CARTESIAN_POINT ( 'NONE',  ( 6.250000000000000000, 0.0000000000000000000, 0.1999999999999999278 ) ) ;
#619 = ORIENTED_EDGE ( 'NONE', *, *, #541, .F. ) ;
#620 = CARTESIAN_POINT ( 'NONE',  ( 6.249999999999996447, 12.49999999999999645, 0.08284271247461902354 ) ) ;
#621 = COLOUR_RGB ( '',0.8000000000000000444, 0.8000000000000000444, 0.8000000000000000444 ) ;
#622 = EDGE_CURVE ( 'NONE', #842, #42, #83, .T. ) ;
#623 = FILL_AREA_STYLE_COLOUR ( '', #923 ) ;
#624 = UNCERTAINTY_MEASURE_WITH_UNIT (LENGTH_MEASURE( 1.000000000000000082E-05 ), #1379, 'distance_accuracy_value', 'NONE');
#625 = CARTESIAN_POINT ( 'NONE',  ( -6.250000000000000000, 7.654042494670957606E-16, 23.00000000000000000 ) ) ;
#626 = PRESENTATION_LAYER_ASSIGNMENT (  '', '', ( #524 ) ) ;
#627 = ORIENTED_EDGE ( 'NONE', *, *, #1117, .F. ) ;
#628 = COLOUR_RGB ( '',0.0000000000000000000, 0.0000000000000000000, 0.0000000000000000000 ) ;
#629 =( GEOMETRIC_REPRESENTATION_CONTEXT ( 3 ) GLOBAL_UNCERTAINTY_ASSIGNED_CONTEXT ( ( #1271 ) ) GLOBAL_UNIT_ASSIGNED_CONTEXT ( ( #94, #517, #434 ) ) REPRESENTATION_CONTEXT ( 'NONE', 'WORKASPACE' ) );
#630 = CARTESIAN_POINT ( 'NONE',  ( 6.167157287525378173, 12.33431457505075990, 5.583609737426019729E-18 ) ) ;
#631 =( GEOMETRIC_REPRESENTATION_CONTEXT ( 3 ) GLOBAL_UNCERTAINTY_ASSIGNED_CONTEXT ( ( #166 ) ) GLOBAL_UNIT_ASSIGNED_CONTEXT ( ( #575, #2, #913 ) ) REPRESENTATION_CONTEXT ( 'NONE', 'WORKASPACE' ) );
#632 = PRODUCT_DEFINITION ( 'UNKNOWN', '', #417, #1295 ) ;
#633 = CYLINDRICAL_SURFACE ( 'NONE', #646, 6.250000000000000000 ) ;
#634 = PRODUCT_DEFINITION_FORMATION_WITH_SPECIFIED_SOURCE ( 'ANY', '', #536, .NOT_KNOWN. ) ;
#635 = ADVANCED_FACE ( 'NONE', ( #447 ), #106, .T. ) ;
#636 =( NAMED_UNIT ( * ) PLANE_ANGLE_UNIT ( ) SI_UNIT ( $, .RADIAN. ) );
#637 = VERTEX_POINT ( 'NONE', #699 ) ;
#638 = CARTESIAN_POINT ( 'NONE',  ( -7.250000000000000888, 8.878689293818310074E-16, 23.58578643762689708 ) ) ;
#639 = DIRECTION ( 'NONE',  ( 0.0000000000000000000, 0.0000000000000000000, 1.000000000000000000 ) ) ;
#640 = DIRECTION ( 'NONE',  ( 0.0000000000000000000, -1.000000000000000000, 0.0000000000000000000 ) ) ;
#641 =( NAMED_UNIT ( * ) PLANE_ANGLE_UNIT ( ) SI_UNIT ( $, .RADIAN. ) );
#642 = ADVANCED_FACE ( 'NONE', ( #613 ), #1281, .T. ) ;
#643 = SURFACE_STYLE_USAGE ( .BOTH. , #430 ) ;
#644 = FILL_AREA_STYLE ('',( #532 ) ) ;
#645 = CARTESIAN_POINT ( 'NONE',  ( 6.049999999999999822, 0.0000000000000000000, 1.355252715606880543E-17 ) ) ;
#646 = AXIS2_PLACEMENT_3D ( 'NONE', #950, #47, #401 ) ;
#647 = STYLED_ITEM ( 'NONE', ( #368 ), #429 ) ;
#648 = FILL_AREA_STYLE_COLOUR ( '', #1365 ) ;
#649 = CONICAL_SURFACE ( 'NONE', #788, 6.250000000022737368, 1.450892341428774657 ) ;
#650 = UNCERTAINTY_MEASURE_WITH_UNIT (LENGTH_MEASURE( 1.000000000000000082E-05 ), #305, 'distance_accuracy_value', 'NONE');
#651 = AXIS2_PLACEMENT_3D ( 'NONE', #1119, #210, #448 ) ;
#652 = CARTESIAN_POINT ( 'NONE',  ( 7.249999999999997335, 14.49999999999999822, 0.6142135623730948790 ) ) ;
#653 = SURFACE_SIDE_STYLE ('',( #775 ) ) ;
#654 = MECHANICAL_DESIGN_GEOMETRIC_PRESENTATION_REPRESENTATION (  '', ( #1435 ), #1283 ) ;
#655 = APPLICATION_CONTEXT ( 'automotive_design' ) ;
#656 = STYLED_ITEM ( 'NONE', ( #660 ), #1373 ) ;
#657 = AXIS2_PLACEMENT_3D ( 'NONE', #1151, #341, #1011 ) ;
#658 = SURFACE_STYLE_USAGE ( .BOTH. , #1318 ) ;
#659 = PRODUCT_DEFINITION_FORMATION_WITH_SPECIFIED_SOURCE ( 'ANY', '', #1391, .NOT_KNOWN. ) ;
#660 = PRESENTATION_STYLE_ASSIGNMENT (( #1096 ) ) ;
#661 = SURFACE_STYLE_USAGE ( .BOTH. , #1097 ) ;
#662 = FACE_OUTER_BOUND ( 'NONE', #1466, .T. ) ;
#663 = EDGE_CURVE ( 'NONE', #91, #685, #390, .T. ) ;
#664 = PRODUCT_DEFINITION_SHAPE ( 'NONE', 'NONE',  #889 ) ;
#665 =( LENGTH_UNIT ( ) NAMED_UNIT ( * ) SI_UNIT ( .MILLI., .METRE. ) );
#666 = SURFACE_STYLE_USAGE ( .BOTH. , #1330 ) ;
#667 = UNCERTAINTY_MEASURE_WITH_UNIT (LENGTH_MEASURE( 1.000000000000000082E-05 ), #372, 'distance_accuracy_value', 'NONE');
#668 = FILL_AREA_STYLE_COLOUR ( '', #414 ) ;
#669 = CARTESIAN_POINT ( 'NONE',  ( -6.249999999999997335, -12.49999999999999467, 0.08284271247461902354 ) ) ;
#670 = VECTOR ( 'NONE', #1443, 1000.000000000000000 ) ;
#671 = CARTESIAN_POINT ( 'NONE',  ( 6.250000000000000000, 0.0000000000000000000, 24.00000000000000000 ) ) ;
#672 = PRESENTATION_LAYER_ASSIGNMENT (  '', '', ( #647 ) ) ;
#673 = CARTESIAN_POINT ( 'NONE',  ( -6.250000000000000000, 0.0000000000000000000, 0.1999999999999999278 ) ) ;
#674 = SURFACE_STYLE_FILL_AREA ( #782 ) ;
#675 =( GEOMETRIC_REPRESENTATION_CONTEXT ( 3 ) GLOBAL_UNCERTAINTY_ASSIGNED_CONTEXT ( ( #1192 ) ) GLOBAL_UNIT_ASSIGNED_CONTEXT ( ( #406, #868, #312 ) ) REPRESENTATION_CONTEXT ( 'NONE', 'WORKASPACE' ) );
#676 = FILL_AREA_STYLE_COLOUR ( '', #1229 ) ;
#677 = SURFACE_STYLE_USAGE ( .BOTH. , #13 ) ;
#678 = CARTESIAN_POINT ( 'NONE',  ( 0.0000000000000000000, 0.0000000000000000000, 1.199999999999999956 ) ) ;
#679 = EDGE_LOOP ( 'NONE', ( #606, #78, #531, #30 ) ) ;
#680 = SURFACE_SIDE_STYLE ('',( #554 ) ) ;
#681 = ADVANCED_FACE ( 'NONE', ( #843 ), #1051, .T. ) ;
#682 = DIRECTION ( 'NONE',  ( -1.000000000000000000, 0.0000000000000000000, 0.0000000000000000000 ) ) ;
#683 = CARTESIAN_POINT ( 'NONE',  ( -1.600000000000000533, -3.199999999999999289, 25.39999999999999858 ) ) ;
#684 =( NAMED_UNIT ( * ) PLANE_ANGLE_UNIT ( ) SI_UNIT ( $, .RADIAN. ) );
#685 = VERTEX_POINT ( 'NONE', #419 ) ;
#686 = SURFACE_SIDE_STYLE ('',( #231 ) ) ;
#687 = CARTESIAN_POINT ( 'NONE',  ( 1.599999999999999201, -3.199999999999999734, 25.39999999999999858 ) ) ;
#688 = COLOUR_RGB ( '',0.2196078431372548989, 0.4313725490196078649, 1.000000000000000000 ) ;
#689 = COLOUR_RGB ( '',0.0000000000000000000, 0.0000000000000000000, 0.0000000000000000000 ) ;
#690 = FILL_AREA_STYLE ('',( #702 ) ) ;
#691 = MECHANICAL_DESIGN_GEOMETRIC_PRESENTATION_REPRESENTATION (  '', ( #981 ), #1479 ) ;
#692 = EDGE_LOOP ( 'NONE', ( #433, #122 ) ) ;
#693 = PRODUCT_CONTEXT ( 'NONE', #477, 'mechanical' ) ;
#694 = UNCERTAINTY_MEASURE_WITH_UNIT (LENGTH_MEASURE( 1.000000000000000082E-05 ), #1196, 'distance_accuracy_value', 'NONE');
#695 = AXIS2_PLACEMENT_3D ( 'NONE', #817, #40, #20 ) ;
#696 = CARTESIAN_POINT ( 'NONE',  ( -1.599999999999999645, 3.199999999999999289, 25.39999999999999858 ) ) ;
#697 = DIRECTION ( 'NONE',  ( -0.0000000000000000000, -0.0000000000000000000, -1.000000000000000000 ) ) ;
#698 = ORIENTED_EDGE ( 'NONE', *, *, #208, .T. ) ;
#699 = CARTESIAN_POINT ( 'NONE',  ( 2.100000000000000089, 0.0000000000000000000, 24.89999999999999858 ) ) ;
#700 = CARTESIAN_POINT ( 'NONE',  ( 1.892893218813452849, -4.636251243095251289E-16, 25.39999999999999858 ) ) ;
#701 =( NAMED_UNIT ( * ) SI_UNIT ( $, .STERADIAN. ) SOLID_ANGLE_UNIT ( ) );
#702 = FILL_AREA_STYLE_COLOUR ( '', #769 ) ;
#703 = EDGE_CURVE ( 'NONE', #424, #1081, #539, .T. ) ;
#704 = EDGE_LOOP ( 'NONE', ( #349, #872, #991, #545 ) ) ;
#705 = FACE_OUTER_BOUND ( 'NONE', #1306, .T. ) ;
#706 =( LENGTH_UNIT ( ) NAMED_UNIT ( * ) SI_UNIT ( .MILLI., .METRE. ) );
#707 = SHAPE_REPRESENTATION ( 'Fillet', ( #657 ), #844 ) ;
#708 = VERTEX_POINT ( 'NONE', #197 ) ;
#709 = SURFACE_STYLE_FILL_AREA ( #248 ) ;
#710 = FILL_AREA_STYLE_COLOUR ( '', #87 ) ;
#711 = DIRECTION ( 'NONE',  ( 1.000000000000000000, 0.0000000000000000000, 0.0000000000000000000 ) ) ;
#712 = CARTESIAN_POINT ( 'NONE',  ( 6.250000000022737368, 7.654042494698803410E-16, 23.99999999999380407 ) ) ;
#713 = VERTEX_POINT ( 'NONE', #855 ) ;
#714 =( NAMED_UNIT ( * ) PLANE_ANGLE_UNIT ( ) SI_UNIT ( $, .RADIAN. ) );
#715 = DIRECTION ( 'NONE',  ( -1.224646799147353207E-16, -1.000000000000000000, 0.0000000000000000000 ) ) ;
#716 = MECHANICAL_DESIGN_GEOMETRIC_PRESENTATION_REPRESENTATION (  '', ( #807 ), #1476 ) ;
#717 =( LENGTH_UNIT ( ) NAMED_UNIT ( * ) SI_UNIT ( .MILLI., .METRE. ) );
#718 =( GEOMETRIC_REPRESENTATION_CONTEXT ( 3 ) GLOBAL_UNCERTAINTY_ASSIGNED_CONTEXT ( ( #1100 ) ) GLOBAL_UNIT_ASSIGNED_CONTEXT ( ( #823, #374, #834 ) ) REPRESENTATION_CONTEXT ( 'NONE', 'WORKASPACE' ) );
#719 = APPLICATION_PROTOCOL_DEFINITION ( 'draft international standard', 'automotive_design', 1998, #568 ) ;
#720 = COLOUR_RGB ( '',0.2000000000000000111, 1.000000000000000000, 0.4705882352941176405 ) ;
#721 = DIRECTION ( 'NONE',  ( 1.000000000000000000, 0.0000000000000000000, 0.0000000000000000000 ) ) ;
#722 = AXIS2_PLACEMENT_3D ( 'NONE', #1098, #533, #99 ) ;
#723 = MECHANICAL_DESIGN_GEOMETRIC_PRESENTATION_REPRESENTATION (  '', ( #204 ), #1108 ) ;
#724 = EDGE_LOOP ( 'NONE', ( #117, #1090, #26, #619 ) ) ;
#725 = COLOUR_RGB ( '',0.7921568627450980005, 0.8196078431372548767, 0.9333333333333333481 ) ;
#726 = CARTESIAN_POINT ( 'NONE',  ( -6.250000000000001776, 12.49999999999999822, 0.1999999999999999833 ) ) ;
#727 = SURFACE_SIDE_STYLE ('',( #64 ) ) ;
#728 = SHAPE_DEFINITION_REPRESENTATION ( #772, #342 ) ;
#729 = UNCERTAINTY_MEASURE_WITH_UNIT (LENGTH_MEASURE( 1.000000000000000082E-05 ), #898, 'distance_accuracy_value', 'NONE');
#730 =( NAMED_UNIT ( * ) PLANE_ANGLE_UNIT ( ) SI_UNIT ( $, .RADIAN. ) );
#731 = ORIENTED_EDGE ( 'NONE', *, *, #1032, .T. ) ;
#732 = ADVANCED_FACE ( 'NONE', ( #1473 ), #1066, .T. ) ;
#733 = DIRECTION ( 'NONE',  ( 1.000000000000000000, 0.0000000000000000000, 0.0000000000000000000 ) ) ;
#734 = CARTESIAN_POINT ( 'NONE',  ( -6.167157287525382614, 12.33431457505075812, 5.583609737426019729E-18 ) ) ;
#735 =( NAMED_UNIT ( * ) PLANE_ANGLE_UNIT ( ) SI_UNIT ( $, .RADIAN. ) );
#736 = DIRECTION ( 'NONE',  ( -1.224646799147353207E-16, -1.000000000000000000, 0.0000000000000000000 ) ) ;
#737 = SURFACE_STYLE_USAGE ( .BOTH. , #938 ) ;
#738 = EDGE_LOOP ( 'NONE', ( #253, #1341, #698, #521 ) ) ;
#739 = UNCERTAINTY_MEASURE_WITH_UNIT (LENGTH_MEASURE( 1.000000000000000082E-05 ), #970, 'distance_accuracy_value', 'NONE');
#740 = CARTESIAN_POINT ( 'NONE',  ( 6.249999999999999112, 1.530808498934191324E-15, 0.2000000000000000111 ) ) ;
#741 =( GEOMETRIC_REPRESENTATION_CONTEXT ( 3 ) GLOBAL_UNCERTAINTY_ASSIGNED_CONTEXT ( ( #1206 ) ) GLOBAL_UNIT_ASSIGNED_CONTEXT ( ( #1136, #570, #803 ) ) REPRESENTATION_CONTEXT ( 'NONE', 'WORKASPACE' ) );
#742 = FILL_AREA_STYLE ('',( #623 ) ) ;
#743 = SHAPE_DEFINITION_REPRESENTATION ( #323, #394 ) ;
#744 = PRESENTATION_LAYER_ASSIGNMENT (  '', '', ( #1026 ) ) ;
#745 = UNCERTAINTY_MEASURE_WITH_UNIT (LENGTH_MEASURE( 1.000000000000000082E-05 ), #1165, 'distance_accuracy_value', 'NONE');
#746 = PRESENTATION_STYLE_ASSIGNMENT (( #658 ) ) ;
#747 = ORIENTED_EDGE ( 'NONE', *, *, #525, .T. ) ;
#748 = CARTESIAN_POINT ( 'NONE',  ( 6.835786437626900636, -13.67157287525381015, 24.00000000000000000 ) ) ;
#749 = STYLED_ITEM ( 'NONE', ( #527 ), #1221 ) ;
#750 = CARTESIAN_POINT ( 'NONE',  ( 7.250000000000000000, 1.775737858763662015E-15, 1.199999999999999956 ) ) ;
#751 = CIRCLE ( 'NONE', #776, 1.000000000000000000 ) ;
#752 = MECHANICAL_DESIGN_GEOMETRIC_PRESENTATION_REPRESENTATION (  '', ( #1255 ), #439 ) ;
#753 = CARTESIAN_POINT ( 'NONE',  ( 2.099999999984447641, 5.112900386444599407E-16, 24.50000000000304112 ) ) ;
#754 = EDGE_CURVE ( 'NONE', #288, #398, #571, .T. ) ;
#755 = ORIENTED_EDGE ( 'NONE', *, *, #1064, .F. ) ;
#756 = CARTESIAN_POINT ( 'NONE',  ( -6.250000000000000000, 7.654042494670957606E-16, 24.00000000000000000 ) ) ;
#757 =( LENGTH_UNIT ( ) NAMED_UNIT ( * ) SI_UNIT ( .MILLI., .METRE. ) );
#758 = UNCERTAINTY_MEASURE_WITH_UNIT (LENGTH_MEASURE( 1.000000000000000082E-05 ), #506, 'distance_accuracy_value', 'NONE');
#759 = DIRECTION ( 'NONE',  ( -0.0000000000000000000, -0.0000000000000000000, -1.000000000000000000 ) ) ;
#760 =( BOUNDED_SURFACE ( )  B_SPLINE_SURFACE ( 3, 3, ( 
 ( #1008, #1116, #303, #540 ),
 ( #1367, #322, #761, #1239 ),
 ( #995, #1112, #669, #1121 ),
 ( #84, #1366, #767, #528 ) ),
 .UNSPECIFIED., .F., .F., .F. ) 
 B_SPLINE_SURFACE_WITH_KNOTS ( ( 4, 4 ),
 ( 4, 4 ),
 ( 0.0000000000000000000, 1.000000000000000000 ),
 ( 0.0000000000000000000, 1.000000000000000000 ),
 .UNSPECIFIED. ) 
 GEOMETRIC_REPRESENTATION_ITEM ( )  RATIONAL_B_SPLINE_SURFACE ( (
 ( 1.000000000000000000, 0.3333333333333334259, 0.3333333333333334259, 1.000000000000000000),
 ( 0.8047378541243649375, 0.2682459513747884050, 0.2682459513747884050, 0.8047378541243649375),
 ( 0.8047378541243649375, 0.2682459513747884050, 0.2682459513747884050, 0.8047378541243649375),
 ( 1.000000000000000000, 0.3333333333333334259, 0.3333333333333334259, 1.000000000000000000) ) ) 
 REPRESENTATION_ITEM ( '' )  SURFACE ( )  );
#761 = CARTESIAN_POINT ( 'NONE',  ( -6.167157287525379061, -12.33431457505075812, 5.583609737426019729E-18 ) ) ;
#762 = ITEM_DEFINED_TRANSFORMATION ( 'NONE', 'NONE', #182,  #657 ) ;
#763 = PRESENTATION_STYLE_ASSIGNMENT (( #311 ) ) ;
#764 = FILL_AREA_STYLE ('',( #1467 ) ) ;
#765 = CARTESIAN_POINT ( 'NONE',  ( 7.250000000000000888, 1.775737858763662015E-15, 0.6142135623730948790 ) ) ;
#766 = CARTESIAN_POINT ( 'NONE',  ( 6.250000000000000000, -12.50000000000000000, 0.1999999999999999001 ) ) ;
#767 = CARTESIAN_POINT ( 'NONE',  ( -6.249999999999999112, -12.49999999999999822, 0.1999999999999999833 ) ) ;
#768 = LINE ( 'NONE', #1326, #1462 ) ;
#769 = COLOUR_RGB ( '',0.2000000000000000111, 1.000000000000000000, 0.4705882352941176405 ) ;
#770 = ORIENTED_EDGE ( 'NONE', *, *, #1012, .T. ) ;
#771 =( NAMED_UNIT ( * ) SI_UNIT ( $, .STERADIAN. ) SOLID_ANGLE_UNIT ( ) );
#772 = PRODUCT_DEFINITION_SHAPE ( 'NONE', 'NONE',  #334 ) ;
#773 = UNCERTAINTY_MEASURE_WITH_UNIT (LENGTH_MEASURE( 1.000000000000000082E-05 ), #880, 'distance_accuracy_value', 'NONE');
#774 = MECHANICAL_DESIGN_GEOMETRIC_PRESENTATION_REPRESENTATION (  '', ( #881 ), #1104 ) ;
#775 = SURFACE_STYLE_FILL_AREA ( #1210 ) ;
#776 = AXIS2_PLACEMENT_3D ( 'NONE', #941, #1073, #1474 ) ;
#777 = DIRECTION ( 'NONE',  ( 1.000000000000000000, 0.0000000000000000000, 0.0000000000000000000 ) ) ;
#778 = ADVANCED_FACE ( 'NONE', ( #564 ), #115, .T. ) ;
#779 = SURFACE_STYLE_USAGE ( .BOTH. , #907 ) ;
#780 = EDGE_LOOP ( 'NONE', ( #590, #150 ) ) ;
#781 = CARTESIAN_POINT ( 'NONE',  ( 0.0000000000000000000, 0.0000000000000000000, 23.99999999999380407 ) ) ;
#782 = FILL_AREA_STYLE ('',( #7 ) ) ;
#783 = EDGE_CURVE ( 'NONE', #9, #1328, #121, .T. ) ;
#784 = PRESENTATION_STYLE_ASSIGNMENT (( #779 ) ) ;
#785 = AXIS2_PLACEMENT_3D ( 'NONE', #1101, #1336, #193 ) ;
#786 = SURFACE_STYLE_USAGE ( .BOTH. , #1126 ) ;
#787 =( NAMED_UNIT ( * ) SI_UNIT ( $, .STERADIAN. ) SOLID_ANGLE_UNIT ( ) );
#788 = AXIS2_PLACEMENT_3D ( 'NONE', #1389, #325, #560 ) ;
#789 = SURFACE_SIDE_STYLE ('',( #479 ) ) ;
#790 =( NAMED_UNIT ( * ) PLANE_ANGLE_UNIT ( ) SI_UNIT ( $, .RADIAN. ) );
#791 = CARTESIAN_POINT ( 'NONE',  ( 0.0000000000000000000, 0.0000000000000000000, 0.2000000000000000111 ) ) ;
#792 = CARTESIAN_POINT ( 'NONE',  ( 6.250000000000001776, 12.49999999999999822, 24.00000000000000000 ) ) ;
#793 =( LENGTH_UNIT ( ) NAMED_UNIT ( * ) SI_UNIT ( .MILLI., .METRE. ) );
#794 = SURFACE_SIDE_STYLE ('',( #1020 ) ) ;
#795 = PRODUCT_RELATED_PRODUCT_CATEGORY ( 'part', '', ( #1391 ) ) ;
#796 =( REPRESENTATION_RELATIONSHIP ('NONE','NONE', #342, #209 ) REPRESENTATION_RELATIONSHIP_WITH_TRANSFORMATION ( #415 )SHAPE_REPRESENTATION_RELATIONSHIP( ) );
#797 = PRESENTATION_STYLE_ASSIGNMENT (( #786 ) ) ;
#798 = PRODUCT ( 'Fillet002', 'Fillet002', '', ( #1184 ) ) ;
#799 = DIRECTION ( 'NONE',  ( -0.0000000000000000000, -0.0000000000000000000, -1.000000000000000000 ) ) ;
#800 = ADVANCED_FACE ( 'NONE', ( #892 ), #22, .T. ) ;
#801 = FILL_AREA_STYLE_COLOUR ( '', #1248 ) ;
#802 = DIRECTION ( 'NONE',  ( 0.0000000000000000000, 0.0000000000000000000, 1.000000000000000000 ) ) ;
#803 =( NAMED_UNIT ( * ) SI_UNIT ( $, .STERADIAN. ) SOLID_ANGLE_UNIT ( ) );
#804 = FILL_AREA_STYLE_COLOUR ( '', #1048 ) ;
#805 = CARTESIAN_POINT ( 'NONE',  ( -6.049999999999999822, 0.0000000000000000000, 1.355252715606880543E-17 ) ) ;
#806 = CARTESIAN_POINT ( 'NONE',  ( -6.250000000000000000, 12.50000000000000000, 24.00000000000000355 ) ) ;
#807 = STYLED_ITEM ( 'NONE', ( #276 ), #71 ) ;
#808 = CARTESIAN_POINT ( 'NONE',  ( -6.250000000000000000, 7.654042494670957606E-16, 24.00000000000000000 ) ) ;
#809 = STYLED_ITEM ( 'NONE', ( #1399 ), #327 ) ;
#810 = EDGE_LOOP ( 'NONE', ( #1071, #1230, #953, #462 ) ) ;
#811 = EDGE_CURVE ( 'NONE', #1370, #278, #1309, .T. ) ;
#812 = CARTESIAN_POINT ( 'NONE',  ( -2.100000000000000089, 2.571758278209441957E-16, 23.40000000000000213 ) ) ;
#813 =( GEOMETRIC_REPRESENTATION_CONTEXT ( 3 ) GLOBAL_UNCERTAINTY_ASSIGNED_CONTEXT ( ( #1450 ) ) GLOBAL_UNIT_ASSIGNED_CONTEXT ( ( #1208, #413, #512 ) ) REPRESENTATION_CONTEXT ( 'NONE', 'WORKASPACE' ) );
#814 = DIRECTION ( 'NONE',  ( 1.000000000000000000, 0.0000000000000000000, 0.0000000000000000000 ) ) ;
#815 = ORIENTED_EDGE ( 'NONE', *, *, #663, .T. ) ;
#816 = STYLED_ITEM ( 'NONE', ( #746 ), #1037 ) ;
#817 = CARTESIAN_POINT ( 'NONE',  ( 0.0000000000000000000, 0.0000000000000000000, 0.2000000000000000111 ) ) ;
#818 =( NAMED_UNIT ( * ) PLANE_ANGLE_UNIT ( ) SI_UNIT ( $, .RADIAN. ) );
#819 = UNCERTAINTY_MEASURE_WITH_UNIT (LENGTH_MEASURE( 1.000000000000000082E-05 ), #319, 'distance_accuracy_value', 'NONE');
#820 = STYLED_ITEM ( 'NONE', ( #347 ), #1238 ) ;
#821 = CARTESIAN_POINT ( 'NONE',  ( -6.250000000000000000, 7.654042494670957606E-16, 24.00000000000000000 ) ) ;
#822 = EDGE_LOOP ( 'NONE', ( #946, #196 ) ) ;
#823 =( LENGTH_UNIT ( ) NAMED_UNIT ( * ) SI_UNIT ( .MILLI., .METRE. ) );
#824 =( NAMED_UNIT ( * ) SI_UNIT ( $, .STERADIAN. ) SOLID_ANGLE_UNIT ( ) );
#825 = FILL_AREA_STYLE_COLOUR ( '', #885 ) ;
#826 = DIRECTION ( 'NONE',  ( 1.000000000000000000, 0.0000000000000000000, 0.0000000000000000000 ) ) ;
#827 = ORIENTED_EDGE ( 'NONE', *, *, #1032, .F. ) ;
#828 = FILL_AREA_STYLE_COLOUR ( '', #1436 ) ;
#829 = ADVANCED_FACE ( 'NONE', ( #1374 ), #142, .T. ) ;
#830 =( LENGTH_UNIT ( ) NAMED_UNIT ( * ) SI_UNIT ( .MILLI., .METRE. ) );
#831 = UNCERTAINTY_MEASURE_WITH_UNIT (LENGTH_MEASURE( 1.000000000000000082E-05 ), #717, 'distance_accuracy_value', 'NONE');
#832 = APPLICATION_CONTEXT ( 'automotive_design' ) ;
#833 = ORIENTED_EDGE ( 'NONE', *, *, #838, .T. ) ;
#834 =( NAMED_UNIT ( * ) SI_UNIT ( $, .STERADIAN. ) SOLID_ANGLE_UNIT ( ) );
#835 = FILL_AREA_STYLE ('',( #828 ) ) ;
#836 = CIRCLE ( 'NONE', #145, 0.1999999999999996503 ) ;
#837 = MECHANICAL_DESIGN_GEOMETRIC_PRESENTATION_REPRESENTATION (  '', ( #600 ), #1125 ) ;
#838 = EDGE_CURVE ( 'NONE', #713, #357, #910, .T. ) ;
#839 = STYLED_ITEM ( 'NONE', ( #543 ), #829 ) ;
#840 =( GEOMETRIC_REPRESENTATION_CONTEXT ( 3 ) GLOBAL_UNCERTAINTY_ASSIGNED_CONTEXT ( ( #1092 ) ) GLOBAL_UNIT_ASSIGNED_CONTEXT ( ( #31, #135, #918 ) ) REPRESENTATION_CONTEXT ( 'NONE', 'WORKASPACE' ) );
#841 = PRESENTATION_LAYER_ASSIGNMENT (  '', '', ( #265 ) ) ;
#842 = VERTEX_POINT ( 'NONE', #1185 ) ;
#843 = FACE_OUTER_BOUND ( 'NONE', #1456, .T. ) ;
#844 =( GEOMETRIC_REPRESENTATION_CONTEXT ( 3 ) GLOBAL_UNCERTAINTY_ASSIGNED_CONTEXT ( ( #130 ) ) GLOBAL_UNIT_ASSIGNED_CONTEXT ( ( #482, #493, #1304 ) ) REPRESENTATION_CONTEXT ( 'NONE', 'WORKASPACE' ) );
#845 = SURFACE_SIDE_STYLE ('',( #383 ) ) ;
#846 = DIRECTION ( 'NONE',  ( 0.0000000000000000000, 0.0000000000000000000, 1.000000000000000000 ) ) ;
#847 = UNCERTAINTY_MEASURE_WITH_UNIT (LENGTH_MEASURE( 1.000000000000000082E-05 ), #1368, 'distance_accuracy_value', 'NONE');
#848 = CARTESIAN_POINT ( 'NONE',  ( -6.049999999999999822, -7.409113134841486521E-16, 0.2000000000000000111 ) ) ;
#849 = PRESENTATION_STYLE_ASSIGNMENT (( #922 ) ) ;
#850 = ORIENTED_EDGE ( 'NONE', *, *, #838, .F. ) ;
#851 = SURFACE_SIDE_STYLE ('',( #709 ) ) ;
#852 = LINE ( 'NONE', #1161, #1146 ) ;
#853 = CARTESIAN_POINT ( 'NONE',  ( -7.250000000000000000, 8.878689293818310074E-16, 19.00000000000000000 ) ) ;
#854 = ORIENTED_EDGE ( 'NONE', *, *, #703, .T. ) ;
#855 = CARTESIAN_POINT ( 'NONE',  ( -6.250000000000000000, 7.654042494670957606E-16, 24.00000000000000000 ) ) ;
#856 = SURFACE_STYLE_FILL_AREA ( #874 ) ;
#857 = UNCERTAINTY_MEASURE_WITH_UNIT (LENGTH_MEASURE( 1.000000000000000082E-05 ), #1252, 'distance_accuracy_value', 'NONE');
#858 = EDGE_CURVE ( 'NONE', #288, #42, #167, .T. ) ;
#859 = CARTESIAN_POINT ( 'NONE',  ( -7.250000000000001776, 14.49999999999999645, 0.6142135623730948790 ) ) ;
#860 = MECHANICAL_DESIGN_GEOMETRIC_PRESENTATION_REPRESENTATION (  '', ( #1138 ), #499 ) ;
#861 = PRODUCT_DEFINITION_CONTEXT ( 'detailed design', #884, 'design' ) ;
#862 = ORIENTED_EDGE ( 'NONE', *, *, #1437, .F. ) ;
#863 = FACE_OUTER_BOUND ( 'NONE', #183, .T. ) ;
#864 = PRESENTATION_LAYER_ASSIGNMENT (  '', '', ( #204 ) ) ;
#865 = SURFACE_STYLE_FILL_AREA ( #644 ) ;
#866 = COLOUR_RGB ( '',0.7921568627450980005, 0.8196078431372548767, 0.9333333333333333481 ) ;
#867 =( BOUNDED_CURVE ( )  B_SPLINE_CURVE ( 3, ( #871, #1201, #284, #645 ),
 .UNSPECIFIED., .F., .T. ) 
 B_SPLINE_CURVE_WITH_KNOTS ( ( 4, 4 ),
 ( 0.5000000000000000000, 1.000000000000000000 ),
 .UNSPECIFIED. ) 
 CURVE ( )  GEOMETRIC_REPRESENTATION_ITEM ( )  RATIONAL_B_SPLINE_CURVE ( ( 1.000000000000000000, 0.3333333333333333703, 0.3333333333333333703, 1.000000000000000000 ) ) 
 REPRESENTATION_ITEM ( '' )  );
#868 =( NAMED_UNIT ( * ) PLANE_ANGLE_UNIT ( ) SI_UNIT ( $, .RADIAN. ) );
#869 = DIRECTION ( 'NONE',  ( 1.000000000000000000, 0.0000000000000000000, 0.0000000000000000000 ) ) ;
#870 = DIRECTION ( 'NONE',  ( 0.0000000000000000000, 0.0000000000000000000, 1.000000000000000000 ) ) ;
#871 = CARTESIAN_POINT ( 'NONE',  ( -6.049999999999999822, 0.0000000000000000000, 1.355252715606880543E-17 ) ) ;
#872 = ORIENTED_EDGE ( 'NONE', *, *, #783, .T. ) ;
#873 = CARTESIAN_POINT ( 'NONE',  ( 0.0000000000000000000, 0.0000000000000000000, 23.40000000000000213 ) ) ;
#874 = FILL_AREA_STYLE ('',( #648 ) ) ;
#875 = CARTESIAN_POINT ( 'NONE',  ( 0.0000000000000000000, 0.0000000000000000000, 19.00000000000000000 ) ) ;
#876 = AXIS2_PLACEMENT_3D ( 'NONE', #1133, #1378, #573 ) ;
#877 = CIRCLE ( 'NONE', #1023, 7.250000000000000000 ) ;
#878 = ADVANCED_FACE ( 'NONE', ( #1273 ), #1303, .T. ) ;
#879 = MECHANICAL_DESIGN_GEOMETRIC_PRESENTATION_REPRESENTATION (  '', ( #598 ), #813 ) ;
#880 =( LENGTH_UNIT ( ) NAMED_UNIT ( * ) SI_UNIT ( .MILLI., .METRE. ) );
#881 = STYLED_ITEM ( 'NONE', ( #11 ), #778 ) ;
#882 = PRESENTATION_LAYER_ASSIGNMENT (  '', '', ( #881 ) ) ;
#883 =( NAMED_UNIT ( * ) PLANE_ANGLE_UNIT ( ) SI_UNIT ( $, .RADIAN. ) );
#884 = APPLICATION_CONTEXT ( 'automotive_design' ) ;
#885 = COLOUR_RGB ( '',0.2000000000000000111, 1.000000000000000000, 0.4705882352941176405 ) ;
#886 =( NAMED_UNIT ( * ) PLANE_ANGLE_UNIT ( ) SI_UNIT ( $, .RADIAN. ) );
#887 = PRESENTATION_LAYER_ASSIGNMENT (  '', '', ( #1061 ) ) ;
#888 = CONTEXT_DEPENDENT_SHAPE_REPRESENTATION ( #1469, #1143 ) ;
#889 = PRODUCT_DEFINITION ( 'UNKNOWN', '', #507, #1404 ) ;
#890 = DIRECTION ( 'NONE',  ( 0.0000000000000000000, 0.0000000000000000000, 1.000000000000000000 ) ) ;
#891 =( NAMED_UNIT ( * ) PLANE_ANGLE_UNIT ( ) SI_UNIT ( $, .RADIAN. ) );
#892 = FACE_OUTER_BOUND ( 'NONE', #1213, .T. ) ;
#893 = SURFACE_SIDE_STYLE ('',( #1013 ) ) ;
#894 = PRESENTATION_STYLE_ASSIGNMENT (( #1038 ) ) ;
#895 = CARTESIAN_POINT ( 'NONE',  ( 1.600000000000000089, 0.0000000000000000000, 24.89999999999999858 ) ) ;
#896 = SURFACE_SIDE_STYLE ('',( #1234 ) ) ;
#897 = VECTOR ( 'NONE', #846, 1000.000000000000000 ) ;
#898 =( LENGTH_UNIT ( ) NAMED_UNIT ( * ) SI_UNIT ( .MILLI., .METRE. ) );
#899 = MECHANICAL_DESIGN_GEOMETRIC_PRESENTATION_REPRESENTATION (  '', ( #1026 ), #1102 ) ;
#900 =( LENGTH_UNIT ( ) NAMED_UNIT ( * ) SI_UNIT ( .MILLI., .METRE. ) );
#901 = SURFACE_SIDE_STYLE ('',( #25 ) ) ;
#902 = PRODUCT_DEFINITION_SHAPE ( 'NONE', 'NONE',  #1485 ) ;
#903 =( GEOMETRIC_REPRESENTATION_CONTEXT ( 3 ) GLOBAL_UNCERTAINTY_ASSIGNED_CONTEXT ( ( #819 ) ) GLOBAL_UNIT_ASSIGNED_CONTEXT ( ( #319, #344, #1139 ) ) REPRESENTATION_CONTEXT ( 'NONE', 'WORKASPACE' ) );
#904 = CIRCLE ( 'NONE', #1231, 1.000000000000000000 ) ;
#905 = AXIS2_PLACEMENT_3D ( 'NONE', #515, #1120, #185 ) ;
#906 = EDGE_LOOP ( 'NONE', ( #29, #850 ) ) ;
#907 = SURFACE_SIDE_STYLE ('',( #1118 ) ) ;
#908 = FILL_AREA_STYLE ('',( #676 ) ) ;
#909 =( NAMED_UNIT ( * ) PLANE_ANGLE_UNIT ( ) SI_UNIT ( $, .RADIAN. ) );
#910 =( BOUNDED_CURVE ( )  B_SPLINE_CURVE ( 3, ( #821, #806, #920, #1150 ),
 .UNSPECIFIED., .F., .T. ) 
 B_SPLINE_CURVE_WITH_KNOTS ( ( 4, 4 ),
 ( 0.5000000000000000000, 1.000000000000000000 ),
 .UNSPECIFIED. ) 
 CURVE ( )  GEOMETRIC_REPRESENTATION_ITEM ( )  RATIONAL_B_SPLINE_CURVE ( ( 1.000000000000000000, 0.3333333333333333703, 0.3333333333333333703, 1.000000000000000000 ) ) 
 REPRESENTATION_ITEM ( '' )  );
#911 = CARTESIAN_POINT ( 'NONE',  ( -6.250000000000000000, 7.654042494670957606E-16, 0.2000000000000000111 ) ) ;
#912 = FACE_OUTER_BOUND ( 'NONE', #1063, .T. ) ;
#913 =( NAMED_UNIT ( * ) SI_UNIT ( $, .STERADIAN. ) SOLID_ANGLE_UNIT ( ) );
#914 = EDGE_CURVE ( 'NONE', #972, #685, #1172, .T. ) ;
#915 = FILL_AREA_STYLE ('',( #1003 ) ) ;
#916 = VERTEX_POINT ( 'NONE', #1070 ) ;
#917 =( NAMED_UNIT ( * ) SI_UNIT ( $, .STERADIAN. ) SOLID_ANGLE_UNIT ( ) );
#918 =( NAMED_UNIT ( * ) SI_UNIT ( $, .STERADIAN. ) SOLID_ANGLE_UNIT ( ) );
#919 = CARTESIAN_POINT ( 'NONE',  ( 0.0000000000000000000, 0.0000000000000000000, 0.0000000000000000000 ) ) ;
#920 = CARTESIAN_POINT ( 'NONE',  ( 6.250000000000000000, 12.50000000000000000, 24.00000000000000355 ) ) ;
#921 = CLOSED_SHELL ( 'NONE', ( #1221, #635, #681, #6, #829, #1238 ) ) ;
#922 = SURFACE_STYLE_USAGE ( .BOTH. , #470 ) ;
#923 = COLOUR_RGB ( '',0.8000000000000000444, 0.8000000000000000444, 0.8000000000000000444 ) ;
#924 = VERTEX_POINT ( 'NONE', #49 ) ;
#925 = CARTESIAN_POINT ( 'NONE',  ( 6.835786437626905965, -13.67157287525380838, 0.1999999999999997335 ) ) ;
#926 = FILL_AREA_STYLE ('',( #14 ) ) ;
#927 =( GEOMETRIC_REPRESENTATION_CONTEXT ( 3 ) GLOBAL_UNCERTAINTY_ASSIGNED_CONTEXT ( ( #857 ) ) GLOBAL_UNIT_ASSIGNED_CONTEXT ( ( #1252, #4, #917 ) ) REPRESENTATION_CONTEXT ( 'NONE', 'WORKASPACE' ) );
#928 = AXIS2_PLACEMENT_3D ( 'NONE', #1169, #1082, #733 ) ;
#929 = CIRCLE ( 'NONE', #1412, 1.000000000000000000 ) ;
#930 = EDGE_LOOP ( 'NONE', ( #1094, #513, #770, #1430 ) ) ;
#931 = PRESENTATION_LAYER_ASSIGNMENT (  '', '', ( #1435 ) ) ;
#932 = DIRECTION ( 'NONE',  ( 0.0000000000000000000, 0.0000000000000000000, 1.000000000000000000 ) ) ;
#933 = UNCERTAINTY_MEASURE_WITH_UNIT (LENGTH_MEASURE( 1.000000000000000082E-05 ), #108, 'distance_accuracy_value', 'NONE');
#934 = APPLICATION_CONTEXT ( 'automotive_design' ) ;
#935 =( GEOMETRIC_REPRESENTATION_CONTEXT ( 3 ) GLOBAL_UNCERTAINTY_ASSIGNED_CONTEXT ( ( #576 ) ) GLOBAL_UNIT_ASSIGNED_CONTEXT ( ( #365, #1052, #431 ) ) REPRESENTATION_CONTEXT ( 'NONE', 'WORKASPACE' ) );
#936 =( NAMED_UNIT ( * ) SI_UNIT ( $, .STERADIAN. ) SOLID_ANGLE_UNIT ( ) );
#937 = CIRCLE ( 'NONE', #1284, 6.250000000000000000 ) ;
#938 = SURFACE_SIDE_STYLE ('',( #387 ) ) ;
#939 = VERTEX_POINT ( 'NONE', #618 ) ;
#940 = CARTESIAN_POINT ( 'NONE',  ( 7.250000000000000000, -14.49999999999999822, 0.6142135623730948790 ) ) ;
#941 = CARTESIAN_POINT ( 'NONE',  ( -6.250000000000000000, -7.654042494670957606E-16, 1.199999999999999956 ) ) ;
#942 =( NAMED_UNIT ( * ) SI_UNIT ( $, .STERADIAN. ) SOLID_ANGLE_UNIT ( ) );
#943 = CARTESIAN_POINT ( 'NONE',  ( 0.0000000000000000000, 0.0000000000000000000, 19.00000000000000000 ) ) ;
#944 = PRESENTATION_STYLE_ASSIGNMENT (( #408 ) ) ;
#945 = CARTESIAN_POINT ( 'NONE',  ( 0.0000000000000000000, 0.0000000000000000000, 19.00000000000000000 ) ) ;
#946 = ORIENTED_EDGE ( 'NONE', *, *, #259, .F. ) ;
#947 = SURFACE_STYLE_USAGE ( .BOTH. , #1299 ) ;
#948 = FACE_OUTER_BOUND ( 'NONE', #373, .T. ) ;
#949 = EDGE_CURVE ( 'NONE', #1081, #424, #867, .T. ) ;
#950 = CARTESIAN_POINT ( 'NONE',  ( 0.0000000000000000000, 0.0000000000000000000, 0.0000000000000000000 ) ) ;
#951 = SHAPE_DEFINITION_REPRESENTATION ( #664, #494 ) ;
#952 = UNCERTAINTY_MEASURE_WITH_UNIT (LENGTH_MEASURE( 1.000000000000000082E-05 ), #441, 'distance_accuracy_value', 'NONE');
#953 = ORIENTED_EDGE ( 'NONE', *, *, #541, .T. ) ;
#954 = CARTESIAN_POINT ( 'NONE',  ( 7.250000000000001776, -14.49999999999999822, 1.199999999999999956 ) ) ;
#955 =( BOUNDED_CURVE ( )  B_SPLINE_CURVE ( 3, ( #1181, #375, #1420, #163 ),
 .UNSPECIFIED., .F., .T. ) 
 B_SPLINE_CURVE_WITH_KNOTS ( ( 4, 4 ),
 ( 0.0000000000000000000, 0.5000000000000000000 ),
 .UNSPECIFIED. ) 
 CURVE ( )  GEOMETRIC_REPRESENTATION_ITEM ( )  RATIONAL_B_SPLINE_CURVE ( ( 1.000000000000000000, 0.3333333333333333703, 0.3333333333333333703, 1.000000000000000000 ) ) 
 REPRESENTATION_ITEM ( '' )  );
#956 = PRESENTATION_LAYER_ASSIGNMENT (  '', '', ( #598 ) ) ;
#957 = PRODUCT_RELATED_PRODUCT_CATEGORY ( 'part', '', ( #120 ) ) ;
#958 = FILL_AREA_STYLE_COLOUR ( '', #621 ) ;
#959 = DIRECTION ( 'NONE',  ( 0.0000000000000000000, 0.0000000000000000000, 1.000000000000000000 ) ) ;
#960 =( GEOMETRIC_REPRESENTATION_CONTEXT ( 3 ) GLOBAL_UNCERTAINTY_ASSIGNED_CONTEXT ( ( #745 ) ) GLOBAL_UNIT_ASSIGNED_CONTEXT ( ( #1165, #1418, #936 ) ) REPRESENTATION_CONTEXT ( 'NONE', 'WORKASPACE' ) );
#961 = PRESENTATION_STYLE_ASSIGNMENT (( #395 ) ) ;
#962 = FILL_AREA_STYLE_COLOUR ( '', #725 ) ;
#963 = ORIENTED_EDGE ( 'NONE', *, *, #811, .F. ) ;
#964 = COLOUR_RGB ( '',0.7921568627450980005, 0.8196078431372548767, 0.9333333333333333481 ) ;
#965 = DIRECTION ( 'NONE',  ( 0.0000000000000000000, 0.0000000000000000000, 1.000000000000000000 ) ) ;
#966 = ADVANCED_FACE ( 'NONE', ( #1212 ), #529, .F. ) ;
#967 = CARTESIAN_POINT ( 'NONE',  ( 6.249999999999997335, -12.50000000000000000, 24.00000000000000000 ) ) ;
#968 = CARTESIAN_POINT ( 'NONE',  ( -6.250000000000002665, 12.49999999999999822, 0.1999999999999998723 ) ) ;
#969 = PLANE ( 'NONE',  #695 ) ;
#970 =( LENGTH_UNIT ( ) NAMED_UNIT ( * ) SI_UNIT ( .MILLI., .METRE. ) );
#971 = SURFACE_STYLE_FILL_AREA ( #403 ) ;
#972 = VERTEX_POINT ( 'NONE', #503 ) ;
#973 = PRODUCT_RELATED_PRODUCT_CATEGORY ( 'part', '', ( #536 ) ) ;
#974 = CARTESIAN_POINT ( 'NONE',  ( -7.250000000000000000, 8.878689293818310074E-16, 23.00000000000000000 ) ) ;
#975 = SURFACE_STYLE_USAGE ( .BOTH. , #1107 ) ;
#976 = PRESENTATION_STYLE_ASSIGNMENT (( #661 ) ) ;
#977 = AXIS2_PLACEMENT_3D ( 'NONE', #943, #267, #1056 ) ;
#978 = STYLED_ITEM ( 'NONE', ( #1478 ), #180 ) ;
#979 = DIRECTION ( 'NONE',  ( 1.000000000000000000, 0.0000000000000000000, 0.0000000000000000000 ) ) ;
#980 = UNCERTAINTY_MEASURE_WITH_UNIT (LENGTH_MEASURE( 1.000000000000000082E-05 ), #1089, 'distance_accuracy_value', 'NONE');
#981 = STYLED_ITEM ( 'NONE', ( #763 ), #681 ) ;
#982 =( LENGTH_UNIT ( ) NAMED_UNIT ( * ) SI_UNIT ( .MILLI., .METRE. ) );
#983 = MECHANICAL_DESIGN_GEOMETRIC_PRESENTATION_REPRESENTATION (  '', ( #1004 ), #960 ) ;
#984 = DIRECTION ( 'NONE',  ( 0.0000000000000000000, 0.0000000000000000000, 1.000000000000000000 ) ) ;
#985 = PRESENTATION_LAYER_ASSIGNMENT (  '', '', ( #553 ) ) ;
#986 = APPLICATION_CONTEXT ( 'automotive_design' ) ;
#987 = AXIS2_PLACEMENT_3D ( 'NONE', #1253, #224, #1142 ) ;
#988 = CARTESIAN_POINT ( 'NONE',  ( 6.249999999999997335, 12.50000000000000000, 0.1999999999999998723 ) ) ;
#989 = DIRECTION ( 'NONE',  ( 0.0000000000000000000, 0.0000000000000000000, 1.000000000000000000 ) ) ;
#990 = AXIS2_PLACEMENT_3D ( 'NONE', #34, #1313, #601 ) ;
#991 = ORIENTED_EDGE ( 'NONE', *, *, #103, .T. ) ;
#992 = UNCERTAINTY_MEASURE_WITH_UNIT (LENGTH_MEASURE( 1.000000000000000082E-05 ), #1413, 'distance_accuracy_value', 'NONE');
#993 = CARTESIAN_POINT ( 'NONE',  ( -7.250000000000000000, -8.878689293818310074E-16, 1.199999999999999956 ) ) ;
#994 = PLANE ( 'NONE',  #722 ) ;
#995 = CARTESIAN_POINT ( 'NONE',  ( 6.250000000000000000, 0.0000000000000000000, 0.08284271247461902354 ) ) ;
#996 = EDGE_CURVE ( 'NONE', #713, #972, #929, .T. ) ;
#997 = SURFACE_STYLE_FILL_AREA ( #537 ) ;
#998 = SURFACE_STYLE_FILL_AREA ( #1356 ) ;
#999 = STYLED_ITEM ( 'NONE', ( #1129 ), #379 ) ;
#1000 = PRODUCT_DEFINITION ( 'UNKNOWN', '', #634, #296 ) ;
#1001 = SHAPE_REPRESENTATION ( 'Fillet002', ( #657 ), #631 ) ;
#1002 = COLOUR_RGB ( '',0.8000000000000000444, 0.8000000000000000444, 0.8000000000000000444 ) ;
#1003 = FILL_AREA_STYLE_COLOUR ( '', #579 ) ;
#1004 = STYLED_ITEM ( 'NONE', ( #1406 ), #878 ) ;
#1005 = ORIENTED_EDGE ( 'NONE', *, *, #1321, .F. ) ;
#1006 = DIRECTION ( 'NONE',  ( 1.000000000000000000, 0.0000000000000000000, 0.0000000000000000000 ) ) ;
#1007 = AXIS2_PLACEMENT_3D ( 'NONE', #895, #454, #468 ) ;
#1008 = CARTESIAN_POINT ( 'NONE',  ( 6.049999999999999822, 0.0000000000000000000, 2.710505431213761085E-17 ) ) ;
#1009 = PRESENTATION_LAYER_ASSIGNMENT (  '', '', ( #105 ) ) ;
#1010 = SURFACE_STYLE_FILL_AREA ( #908 ) ;
#1011 = DIRECTION ( 'NONE',  ( 1.000000000000000000, 0.0000000000000000000, 0.0000000000000000000 ) ) ;
#1012 = EDGE_CURVE ( 'NONE', #398, #842, #768, .T. ) ;
#1013 = SURFACE_STYLE_FILL_AREA ( #458 ) ;
#1014 = PLANE ( 'NONE',  #987 ) ;
#1015 =( LENGTH_UNIT ( ) NAMED_UNIT ( * ) SI_UNIT ( .MILLI., .METRE. ) );
#1016 = DIRECTION ( 'NONE',  ( 1.000000000000000000, 0.0000000000000000000, 0.0000000000000000000 ) ) ;
#1017 = CARTESIAN_POINT ( 'NONE',  ( 0.0000000000000000000, 0.0000000000000000000, 19.00000000000000000 ) ) ;
#1018 = DIRECTION ( 'NONE',  ( 0.0000000000000000000, 0.0000000000000000000, 1.000000000000000000 ) ) ;
#1019 = DIRECTION ( 'NONE',  ( 1.000000000000000000, 0.0000000000000000000, -0.0000000000000000000 ) ) ;
#1020 = SURFACE_STYLE_FILL_AREA ( #129 ) ;
#1021 = CARTESIAN_POINT ( 'NONE',  ( -6.250000000000002665, 12.50000000000000000, 0.1999999999999999001 ) ) ;
#1022 =( LENGTH_UNIT ( ) NAMED_UNIT ( * ) SI_UNIT ( .MILLI., .METRE. ) );
#1023 = AXIS2_PLACEMENT_3D ( 'NONE', #1470, #870, #294 ) ;
#1024 = FILL_AREA_STYLE ('',( #1482 ) ) ;
#1025 = CARTESIAN_POINT ( 'NONE',  ( 6.835786437626905965, 13.67157287525380838, 24.00000000000000000 ) ) ;
#1026 = STYLED_ITEM ( 'NONE', ( #1074 ), #442 ) ;
#1027 = FACE_OUTER_BOUND ( 'NONE', #930, .T. ) ;
#1028 = CARTESIAN_POINT ( 'NONE',  ( -2.100000000000000089, 2.571758278209441957E-16, 24.89999999999999858 ) ) ;
#1029 =( GEOMETRIC_REPRESENTATION_CONTEXT ( 3 ) GLOBAL_UNCERTAINTY_ASSIGNED_CONTEXT ( ( #847 ) ) GLOBAL_UNIT_ASSIGNED_CONTEXT ( ( #1368, #1296, #137 ) ) REPRESENTATION_CONTEXT ( 'NONE', 'WORKASPACE' ) );
#1030 =( NAMED_UNIT ( * ) PLANE_ANGLE_UNIT ( ) SI_UNIT ( $, .RADIAN. ) );
#1031 = STYLED_ITEM ( 'NONE', ( #191 ), #1189 ) ;
#1032 = EDGE_CURVE ( 'NONE', #1081, #9, #1410, .T. ) ;
#1033 =( GEOMETRIC_REPRESENTATION_CONTEXT ( 3 ) GLOBAL_UNCERTAINTY_ASSIGNED_CONTEXT ( ( #21 ) ) GLOBAL_UNIT_ASSIGNED_CONTEXT ( ( #1449, #1343, #1035 ) ) REPRESENTATION_CONTEXT ( 'NONE', 'WORKASPACE' ) );
#1034 = EDGE_LOOP ( 'NONE', ( #1472, #1440, #815, #1353 ) ) ;
#1035 =( NAMED_UNIT ( * ) SI_UNIT ( $, .STERADIAN. ) SOLID_ANGLE_UNIT ( ) );
#1036 = CARTESIAN_POINT ( 'NONE',  ( -1.600000000000000089, 1.959434878635765230E-16, 25.39999999999999858 ) ) ;
#1037 = ADVANCED_FACE ( 'NONE', ( #203 ), #1219, .T. ) ;
#1038 = SURFACE_STYLE_USAGE ( .BOTH. , #789 ) ;
#1039 = PRODUCT_CONTEXT ( 'NONE', #986, 'mechanical' ) ;
#1040 = ADVANCED_BREP_SHAPE_REPRESENTATION ( '', ( #1360, #657 ), #1417 ) ;
#1041 = CARTESIAN_POINT ( 'NONE',  ( 2.100000000000000533, 0.0000000000000000000, 25.19289321881344534 ) ) ;
#1042 = ORIENTED_EDGE ( 'NONE', *, *, #259, .T. ) ;
#1043 = SURFACE_STYLE_USAGE ( .BOTH. , #686 ) ;
#1044 = CARTESIAN_POINT ( 'NONE',  ( 2.099999999999999201, -4.200000000000000178, 24.90000000000000213 ) ) ;
#1045 = FACE_OUTER_BOUND ( 'NONE', #692, .T. ) ;
#1046 = PLANE ( 'NONE',  #293 ) ;
#1047 = CARTESIAN_POINT ( 'NONE',  ( 1.599999999999999867, 3.199999999999999289, 25.39999999999999858 ) ) ;
#1048 = COLOUR_RGB ( '',0.2196078431372548989, 0.4313725490196078649, 1.000000000000000000 ) ;
#1049 = EDGE_CURVE ( 'NONE', #357, #685, #904, .T. ) ;
#1050 = ORIENTED_EDGE ( 'NONE', *, *, #161, .T. ) ;
#1051 = CYLINDRICAL_SURFACE ( 'NONE', #1200, 2.100000000000000089 ) ;
#1052 =( NAMED_UNIT ( * ) PLANE_ANGLE_UNIT ( ) SI_UNIT ( $, .RADIAN. ) );
#1053 = CIRCLE ( 'NONE', #1274, 7.250000000000000000 ) ;
#1054 = CARTESIAN_POINT ( 'NONE',  ( 6.049999999999999822, 0.0000000000000000000, 1.355252715606880543E-17 ) ) ;
#1055 = AXIS2_PLACEMENT_3D ( 'NONE', #1249, #463, #777 ) ;
#1056 = DIRECTION ( 'NONE',  ( 1.000000000000000000, 0.0000000000000000000, -0.0000000000000000000 ) ) ;
#1057 = MECHANICAL_DESIGN_GEOMETRIC_PRESENTATION_REPRESENTATION (  '', ( #1362 ), #202 ) ;
#1058 = SURFACE_STYLE_FILL_AREA ( #1333 ) ;
#1059 = CIRCLE ( 'NONE', #125, 7.250000000000000000 ) ;
#1060 = CARTESIAN_POINT ( 'NONE',  ( -2.100000000000000533, 2.571758278209441464E-16, 25.19289321881344534 ) ) ;
#1061 = STYLED_ITEM ( 'NONE', ( #849 ), #1286 ) ;
#1062 =( NAMED_UNIT ( * ) SI_UNIT ( $, .STERADIAN. ) SOLID_ANGLE_UNIT ( ) );
#1063 = EDGE_LOOP ( 'NONE', ( #755, #370 ) ) ;
#1064 = EDGE_CURVE ( 'NONE', #939, #597, #350, .T. ) ;
#1065 = SURFACE_STYLE_USAGE ( .BOTH. , #1442 ) ;
#1066 =( BOUNDED_SURFACE ( )  B_SPLINE_SURFACE ( 3, 3, ( 
 ( #756, #510, #967, #1448 ),
 ( #289, #425, #748, #184 ),
 ( #638, #1095, #73, #79 ),
 ( #974, #1457, #412, #1342 ) ),
 .UNSPECIFIED., .F., .F., .F. ) 
 B_SPLINE_SURFACE_WITH_KNOTS ( ( 4, 4 ),
 ( 4, 4 ),
 ( 0.0000000000000000000, 1.000000000000000000 ),
 ( 0.0000000000000000000, 1.000000000000000000 ),
 .UNSPECIFIED. ) 
 GEOMETRIC_REPRESENTATION_ITEM ( )  RATIONAL_B_SPLINE_SURFACE ( (
 ( 1.000000000000000000, 0.3333333333333334259, 0.3333333333333334259, 1.000000000000000000),
 ( 0.8047378541243649375, 0.2682459513747884050, 0.2682459513747884050, 0.8047378541243649375),
 ( 0.8047378541243649375, 0.2682459513747884050, 0.2682459513747884050, 0.8047378541243649375),
 ( 1.000000000000000000, 0.3333333333333334259, 0.3333333333333334259, 1.000000000000000000) ) ) 
 REPRESENTATION_ITEM ( '' )  SURFACE ( )  );
#1067 = CARTESIAN_POINT ( 'NONE',  ( -6.167157287525379061, -7.552589432006230293E-16, 5.583609737426018188E-18 ) ) ;
#1068 =( REPRESENTATION_RELATIONSHIP ('NONE','NONE', #342, #1001 ) REPRESENTATION_RELATIONSHIP_WITH_TRANSFORMATION ( #762 )SHAPE_REPRESENTATION_RELATIONSHIP( ) );
#1069 = PRODUCT_CONTEXT ( 'NONE', #568, 'mechanical' ) ;
#1070 = CARTESIAN_POINT ( 'NONE',  ( 1.600000000000000089, 0.0000000000000000000, 25.39999999999999858 ) ) ;
#1071 = ORIENTED_EDGE ( 'NONE', *, *, #110, .T. ) ;
#1072 = CARTESIAN_POINT ( 'NONE',  ( 7.250000000000000000, 0.0000000000000000000, 1.199999999999999956 ) ) ;
#1073 = DIRECTION ( 'NONE',  ( -1.224646799147353207E-16, 1.000000000000000000, 0.0000000000000000000 ) ) ;
#1074 = PRESENTATION_STYLE_ASSIGNMENT (( #62 ) ) ;
#1075 =( BOUNDED_CURVE ( )  B_SPLINE_CURVE ( 3, ( #1432, #614, #152, #1411 ),
 .UNSPECIFIED., .F., .T. ) 
 B_SPLINE_CURVE_WITH_KNOTS ( ( 4, 4 ),
 ( 0.5000000000000000000, 1.000000000000000000 ),
 .UNSPECIFIED. ) 
 CURVE ( )  GEOMETRIC_REPRESENTATION_ITEM ( )  RATIONAL_B_SPLINE_CURVE ( ( 1.000000000000000000, 0.3333333333333333703, 0.3333333333333333703, 1.000000000000000000 ) ) 
 REPRESENTATION_ITEM ( '' )  );
#1076 = EDGE_CURVE ( 'NONE', #916, #637, #240, .T. ) ;
#1077 = DIRECTION ( 'NONE',  ( 0.0000000000000000000, -1.000000000000000000, 0.0000000000000000000 ) ) ;
#1078 = APPLICATION_PROTOCOL_DEFINITION ( 'draft international standard', 'automotive_design', 1998, #477 ) ;
#1079 = UNCERTAINTY_MEASURE_WITH_UNIT (LENGTH_MEASURE( 1.000000000000000082E-05 ), #706, 'distance_accuracy_value', 'NONE');
#1080 = CARTESIAN_POINT ( 'NONE',  ( 2.100000000000000089, 4.200000000000000178, 25.19289321881345245 ) ) ;
#1081 = VERTEX_POINT ( 'NONE', #805 ) ;
#1082 = DIRECTION ( 'NONE',  ( 0.0000000000000000000, 0.0000000000000000000, 1.000000000000000000 ) ) ;
#1083 = PRESENTATION_LAYER_ASSIGNMENT (  '', '', ( #474 ) ) ;
#1084 = FILL_AREA_STYLE ('',( #391 ) ) ;
#1085 = COLOUR_RGB ( '',0.2196078431372548989, 0.4313725490196078649, 1.000000000000000000 ) ;
#1086 = ADVANCED_FACE ( 'NONE', ( #574 ), #358, .T. ) ;
#1087 =( GEOMETRIC_REPRESENTATION_CONTEXT ( 3 ) GLOBAL_UNCERTAINTY_ASSIGNED_CONTEXT ( ( #1344 ) ) GLOBAL_UNIT_ASSIGNED_CONTEXT ( ( #900, #330, #1243 ) ) REPRESENTATION_CONTEXT ( 'NONE', 'WORKASPACE' ) );
#1088 = STYLED_ITEM ( 'NONE', ( #797 ), #800 ) ;
#1089 =( LENGTH_UNIT ( ) NAMED_UNIT ( * ) SI_UNIT ( .MILLI., .METRE. ) );
#1090 = ORIENTED_EDGE ( 'NONE', *, *, #1352, .T. ) ;
#1091 = SURFACE_SIDE_STYLE ('',( #178 ) ) ;
#1092 = UNCERTAINTY_MEASURE_WITH_UNIT (LENGTH_MEASURE( 1.000000000000000082E-05 ), #31, 'distance_accuracy_value', 'NONE');
#1093 =( NAMED_UNIT ( * ) SI_UNIT ( $, .STERADIAN. ) SOLID_ANGLE_UNIT ( ) );
#1094 = ORIENTED_EDGE ( 'NONE', *, *, #858, .F. ) ;
#1095 = CARTESIAN_POINT ( 'NONE',  ( -7.250000000000001776, -14.49999999999999645, 23.58578643762690419 ) ) ;
#1096 = SURFACE_STYLE_USAGE ( .BOTH. , #420 ) ;
#1097 = SURFACE_SIDE_STYLE ('',( #865 ) ) ;
#1098 = CARTESIAN_POINT ( 'NONE',  ( 0.0000000000000000000, 0.0000000000000000000, 0.0000000000000000000 ) ) ;
#1099 = CONTEXT_DEPENDENT_SHAPE_REPRESENTATION ( #796, #1263 ) ;
#1100 = UNCERTAINTY_MEASURE_WITH_UNIT (LENGTH_MEASURE( 1.000000000000000082E-05 ), #823, 'distance_accuracy_value', 'NONE');
#1101 = CARTESIAN_POINT ( 'NONE',  ( 0.0000000000000000000, 0.0000000000000000000, 19.00000000000000000 ) ) ;
#1102 =( GEOMETRIC_REPRESENTATION_CONTEXT ( 3 ) GLOBAL_UNCERTAINTY_ASSIGNED_CONTEXT ( ( #511 ) ) GLOBAL_UNIT_ASSIGNED_CONTEXT ( ( #475, #249, #942 ) ) REPRESENTATION_CONTEXT ( 'NONE', 'WORKASPACE' ) );
#1103 = FILL_AREA_STYLE_COLOUR ( '', #239 ) ;
#1104 =( GEOMETRIC_REPRESENTATION_CONTEXT ( 3 ) GLOBAL_UNCERTAINTY_ASSIGNED_CONTEXT ( ( #207 ) ) GLOBAL_UNIT_ASSIGNED_CONTEXT ( ( #665, #214, #1361 ) ) REPRESENTATION_CONTEXT ( 'NONE', 'WORKASPACE' ) );
#1105 = ORIENTED_EDGE ( 'NONE', *, *, #1484, .T. ) ;
#1106 =( NAMED_UNIT ( * ) PLANE_ANGLE_UNIT ( ) SI_UNIT ( $, .RADIAN. ) );
#1107 = SURFACE_SIDE_STYLE ('',( #856 ) ) ;
#1108 =( GEOMETRIC_REPRESENTATION_CONTEXT ( 3 ) GLOBAL_UNCERTAINTY_ASSIGNED_CONTEXT ( ( #593 ) ) GLOBAL_UNIT_ASSIGNED_CONTEXT ( ( #757, #1235, #1205 ) ) REPRESENTATION_CONTEXT ( 'NONE', 'WORKASPACE' ) );
#1109 = ADVANCED_FACE ( 'NONE', ( #912 ), #969, .F. ) ;
#1110 = CARTESIAN_POINT ( 'NONE',  ( 0.0000000000000000000, 0.0000000000000000000, 23.00000000000000000 ) ) ;
#1111 = MECHANICAL_DESIGN_GEOMETRIC_PRESENTATION_REPRESENTATION (  '', ( #581 ), #17 ) ;
#1112 = CARTESIAN_POINT ( 'NONE',  ( 6.249999999999999112, -12.49999999999999467, 0.08284271247461902354 ) ) ;
#1113 = DIRECTION ( 'NONE',  ( 0.0000000000000000000, 1.000000000000000000, 0.0000000000000000000 ) ) ;
#1114 = APPLICATION_CONTEXT ( 'automotive_design' ) ;
#1115 = CARTESIAN_POINT ( 'NONE',  ( 6.049999999999999822, 0.0000000000000000000, 1.355252715606880543E-17 ) ) ;
#1116 = CARTESIAN_POINT ( 'NONE',  ( 6.049999999999999822, -12.09999999999999609, 2.710505431213761085E-17 ) ) ;
#1117 = EDGE_CURVE ( 'NONE', #916, #1320, #405, .T. ) ;
#1118 = SURFACE_STYLE_FILL_AREA ( #455 ) ;
#1119 = CARTESIAN_POINT ( 'NONE',  ( 0.0000000000000000000, 0.0000000000000000000, 1.000000000000000000 ) ) ;
#1120 = DIRECTION ( 'NONE',  ( 0.0000000000000000000, 0.0000000000000000000, 1.000000000000000000 ) ) ;
#1121 = CARTESIAN_POINT ( 'NONE',  ( -6.250000000000000000, -7.654042494670958593E-16, 0.08284271247461902354 ) ) ;
#1122 = MECHANICAL_DESIGN_GEOMETRIC_PRESENTATION_REPRESENTATION (  '', ( #474 ), #1400 ) ;
#1123 = ADVANCED_FACE ( 'NONE', ( #705 ), #1046, .F. ) ;
#1124 = PRESENTATION_STYLE_ASSIGNMENT (( #219 ) ) ;
#1125 =( GEOMETRIC_REPRESENTATION_CONTEXT ( 3 ) GLOBAL_UNCERTAINTY_ASSIGNED_CONTEXT ( ( #74 ) ) GLOBAL_UNIT_ASSIGNED_CONTEXT ( ( #162, #714, #1180 ) ) REPRESENTATION_CONTEXT ( 'NONE', 'WORKASPACE' ) );
#1126 = SURFACE_SIDE_STYLE ('',( #1010 ) ) ;
#1127 = MECHANICAL_DESIGN_GEOMETRIC_PRESENTATION_REPRESENTATION (  '', ( #1031 ), #1381 ) ;
#1128 = PRESENTATION_LAYER_ASSIGNMENT (  '', '', ( #656 ) ) ;
#1129 = PRESENTATION_STYLE_ASSIGNMENT (( #218 ) ) ;
#1130 = CARTESIAN_POINT ( 'NONE',  ( 7.250000000000000000, 0.0000000000000000000, 23.00000000000000000 ) ) ;
#1131 = FILL_AREA_STYLE_COLOUR ( '', #689 ) ;
#1132 = PRODUCT_DEFINITION_SHAPE ( 'NONE', 'NONE',  #63 ) ;
#1133 = CARTESIAN_POINT ( 'NONE',  ( 0.0000000000000000000, 0.0000000000000000000, 1.000000000000000000 ) ) ;
#1134 = SURFACE_STYLE_USAGE ( .BOTH. , #578 ) ;
#1135 = CARTESIAN_POINT ( 'NONE',  ( 1.892893218813451961, -3.785786437626904810, 25.39999999999999858 ) ) ;
#1136 =( LENGTH_UNIT ( ) NAMED_UNIT ( * ) SI_UNIT ( .MILLI., .METRE. ) );
#1137 = DIRECTION ( 'NONE',  ( 0.0000000000000000000, 0.0000000000000000000, 1.000000000000000000 ) ) ;
#1138 = STYLED_ITEM ( 'NONE', ( #894 ), #6 ) ;
#1139 =( NAMED_UNIT ( * ) SI_UNIT ( $, .STERADIAN. ) SOLID_ANGLE_UNIT ( ) );
#1140 = CARTESIAN_POINT ( 'NONE',  ( -7.250000000000000888, 8.878689293818313032E-16, 23.58578643762689708 ) ) ;
#1141 = PRESENTATION_LAYER_ASSIGNMENT (  '', '', ( #359 ) ) ;
#1142 = DIRECTION ( 'NONE',  ( 1.000000000000000000, 0.0000000000000000000, -0.0000000000000000000 ) ) ;
#1143 = PRODUCT_DEFINITION_SHAPE ( 'NONE', 'NONE',  #1489 ) ;
#1144 = EDGE_CURVE ( 'NONE', #597, #939, #1162, .T. ) ;
#1145 = PRESENTATION_LAYER_ASSIGNMENT (  '', '', ( #85 ) ) ;
#1146 = VECTOR ( 'NONE', #382, 1000.000000000000000 ) ;
#1147 = APPLICATION_PROTOCOL_DEFINITION ( 'draft international standard', 'automotive_design', 1998, #1305 ) ;
#1148 =( GEOMETRIC_REPRESENTATION_CONTEXT ( 3 ) GLOBAL_UNCERTAINTY_ASSIGNED_CONTEXT ( ( #258 ) ) GLOBAL_UNIT_ASSIGNED_CONTEXT ( ( #1166, #1319, #1062 ) ) REPRESENTATION_CONTEXT ( 'NONE', 'WORKASPACE' ) );
#1149 = PRODUCT_DEFINITION_FORMATION_WITH_SPECIFIED_SOURCE ( 'ANY', '', #120, .NOT_KNOWN. ) ;
#1150 = CARTESIAN_POINT ( 'NONE',  ( 6.250000000000000000, 0.0000000000000000000, 24.00000000000000000 ) ) ;
#1151 = CARTESIAN_POINT ( 'NONE',  ( 0.0000000000000000000, 0.0000000000000000000, 0.0000000000000000000 ) ) ;
#1152 = ORIENTED_EDGE ( 'NONE', *, *, #1364, .F. ) ;
#1153 = CARTESIAN_POINT ( 'NONE',  ( -7.249999999999999112, -14.50000000000000000, 1.199999999999999956 ) ) ;
#1154 = PRESENTATION_STYLE_ASSIGNMENT (( #244 ) ) ;
#1155 = CARTESIAN_POINT ( 'NONE',  ( 0.0000000000000000000, 0.0000000000000000000, 23.40000000000000213 ) ) ;
#1156 = SURFACE_STYLE_FILL_AREA ( #584 ) ;
#1157 = SHAPE_DEFINITION_REPRESENTATION ( #336, #707 ) ;
#1158 = CARTESIAN_POINT ( 'NONE',  ( 1.600000000000000089, 0.0000000000000000000, 25.39999999999999858 ) ) ;
#1159 = ORIENTED_EDGE ( 'NONE', *, *, #171, .F. ) ;
#1160 = FILL_AREA_STYLE_COLOUR ( '', #1170 ) ;
#1161 = CARTESIAN_POINT ( 'NONE',  ( -7.250000000000000000, 8.878689293818310074E-16, 19.00000000000000000 ) ) ;
#1162 =( BOUNDED_CURVE ( )  B_SPLINE_CURVE ( 3, ( #1346, #1371, #766, #1236 ),
 .UNSPECIFIED., .F., .T. ) 
 B_SPLINE_CURVE_WITH_KNOTS ( ( 4, 4 ),
 ( 0.5000000000000000000, 1.000000000000000000 ),
 .UNSPECIFIED. ) 
 CURVE ( )  GEOMETRIC_REPRESENTATION_ITEM ( )  RATIONAL_B_SPLINE_CURVE ( ( 1.000000000000000000, 0.3333333333333333703, 0.3333333333333333703, 1.000000000000000000 ) ) 
 REPRESENTATION_ITEM ( '' )  );
#1163 = CARTESIAN_POINT ( 'NONE',  ( 7.250000000000000000, 0.0000000000000000000, 19.00000000000000000 ) ) ;
#1164 = DIRECTION ( 'NONE',  ( 1.000000000000000000, 0.0000000000000000000, -0.0000000000000000000 ) ) ;
#1165 =( LENGTH_UNIT ( ) NAMED_UNIT ( * ) SI_UNIT ( .MILLI., .METRE. ) );
#1166 =( LENGTH_UNIT ( ) NAMED_UNIT ( * ) SI_UNIT ( .MILLI., .METRE. ) );
#1167 = MECHANICAL_DESIGN_GEOMETRIC_PRESENTATION_REPRESENTATION (  '', ( #809 ), #501 ) ;
#1168 = ORIENTED_EDGE ( 'NONE', *, *, #273, .F. ) ;
#1169 = CARTESIAN_POINT ( 'NONE',  ( 0.0000000000000000000, 0.0000000000000000000, 23.40000000000000213 ) ) ;
#1170 = COLOUR_RGB ( '',0.2196078431372548989, 0.4313725490196078649, 1.000000000000000000 ) ;
#1171 = CARTESIAN_POINT ( 'NONE',  ( 6.250000000000000000, 1.530808498934191719E-15, 0.08284271247461902354 ) ) ;
#1172 = CIRCLE ( 'NONE', #526, 7.250000000000000000 ) ;
#1173 = CARTESIAN_POINT ( 'NONE',  ( -1.600000000000000089, 1.959434878635765230E-16, 25.39999999999999858 ) ) ;
#1174 = DIRECTION ( 'NONE',  ( 1.000000000000000000, 0.0000000000000000000, 0.0000000000000000000 ) ) ;
#1175 =( GEOMETRIC_REPRESENTATION_CONTEXT ( 3 ) GLOBAL_UNCERTAINTY_ASSIGNED_CONTEXT ( ( #694 ) ) GLOBAL_UNIT_ASSIGNED_CONTEXT ( ( #1196, #51, #44 ) ) REPRESENTATION_CONTEXT ( 'NONE', 'WORKASPACE' ) );
#1176 = CARTESIAN_POINT ( 'NONE',  ( 0.0000000000000000000, 0.0000000000000000000, 23.00000000000000000 ) ) ;
#1177 = PRESENTATION_STYLE_ASSIGNMENT (( #737 ) ) ;
#1178 =( GEOMETRIC_REPRESENTATION_CONTEXT ( 3 ) GLOBAL_UNCERTAINTY_ASSIGNED_CONTEXT ( ( #469 ) ) GLOBAL_UNIT_ASSIGNED_CONTEXT ( ( #1022, #437, #701 ) ) REPRESENTATION_CONTEXT ( 'NONE', 'WORKASPACE' ) );
#1179 = ORIENTED_EDGE ( 'NONE', *, *, #1076, .F. ) ;
#1180 =( NAMED_UNIT ( * ) SI_UNIT ( $, .STERADIAN. ) SOLID_ANGLE_UNIT ( ) );
#1181 = CARTESIAN_POINT ( 'NONE',  ( 6.250000000000000000, 0.0000000000000000000, 24.00000000000000000 ) ) ;
#1182 = DIRECTION ( 'NONE',  ( -1.000000000000000000, 1.224646799147352961E-16, 0.0000000000000000000 ) ) ;
#1183 = FACE_OUTER_BOUND ( 'NONE', #704, .T. ) ;
#1184 = PRODUCT_CONTEXT ( 'NONE', #1114, 'mechanical' ) ;
#1185 = CARTESIAN_POINT ( 'NONE',  ( -6.250000000022737368, 0.0000000000000000000, 23.99999999999380407 ) ) ;
#1186 = EDGE_LOOP ( 'NONE', ( #1419, #226 ) ) ;
#1187 = PRESENTATION_STYLE_ASSIGNMENT (( #1065 ) ) ;
#1188 = UNCERTAINTY_MEASURE_WITH_UNIT (LENGTH_MEASURE( 1.000000000000000082E-05 ), #793, 'distance_accuracy_value', 'NONE');
#1189 = ADVANCED_FACE ( 'NONE', ( #199 ), #994, .F. ) ;
#1190 = CARTESIAN_POINT ( 'NONE',  ( -6.049999999999999822, -7.409113134841486521E-16, 2.710505431213761085E-17 ) ) ;
#1191 = FACE_OUTER_BOUND ( 'NONE', #310, .T. ) ;
#1192 = UNCERTAINTY_MEASURE_WITH_UNIT (LENGTH_MEASURE( 1.000000000000000082E-05 ), #406, 'distance_accuracy_value', 'NONE');
#1193 = PRESENTATION_LAYER_ASSIGNMENT (  '', '', ( #807 ) ) ;
#1194 = ORIENTED_EDGE ( 'NONE', *, *, #1334, .T. ) ;
#1195 = CARTESIAN_POINT ( 'NONE',  ( -6.049999999999999822, 0.0000000000000000000, 1.355252715606880543E-17 ) ) ;
#1196 =( LENGTH_UNIT ( ) NAMED_UNIT ( * ) SI_UNIT ( .MILLI., .METRE. ) );
#1197 = MECHANICAL_DESIGN_GEOMETRIC_PRESENTATION_REPRESENTATION (  '', ( #999 ), #741 ) ;
#1198 = PRESENTATION_LAYER_ASSIGNMENT (  '', '', ( #1335 ) ) ;
#1199 =( NAMED_UNIT ( * ) SI_UNIT ( $, .STERADIAN. ) SOLID_ANGLE_UNIT ( ) );
#1200 = AXIS2_PLACEMENT_3D ( 'NONE', #873, #984, #522 ) ;
#1201 = CARTESIAN_POINT ( 'NONE',  ( -6.049999999999998046, -12.09999999999999787, 2.710505431213761085E-17 ) ) ;
#1202 =( GEOMETRIC_REPRESENTATION_CONTEXT ( 3 ) GLOBAL_UNCERTAINTY_ASSIGNED_CONTEXT ( ( #77 ) ) GLOBAL_UNIT_ASSIGNED_CONTEXT ( ( #982, #636, #1349 ) ) REPRESENTATION_CONTEXT ( 'NONE', 'WORKASPACE' ) );
#1203 = AXIS2_PLACEMENT_3D ( 'NONE', #324, #697, #1250 ) ;
#1204 = CARTESIAN_POINT ( 'NONE',  ( 6.050000000000000711, 12.09999999999999787, 2.710505431213761085E-17 ) ) ;
#1205 =( NAMED_UNIT ( * ) SI_UNIT ( $, .STERADIAN. ) SOLID_ANGLE_UNIT ( ) );
#1206 = UNCERTAINTY_MEASURE_WITH_UNIT (LENGTH_MEASURE( 1.000000000000000082E-05 ), #1136, 'distance_accuracy_value', 'NONE');
#1207 = PRESENTATION_LAYER_ASSIGNMENT (  '', '', ( #1255 ) ) ;
#1208 =( LENGTH_UNIT ( ) NAMED_UNIT ( * ) SI_UNIT ( .MILLI., .METRE. ) );
#1209 =( GEOMETRIC_REPRESENTATION_CONTEXT ( 3 ) GLOBAL_UNCERTAINTY_ASSIGNED_CONTEXT ( ( #624 ) ) GLOBAL_UNIT_ASSIGNED_CONTEXT ( ( #1379, #790, #1247 ) ) REPRESENTATION_CONTEXT ( 'NONE', 'WORKASPACE' ) );
#1210 = FILL_AREA_STYLE ('',( #668 ) ) ;
#1211 = CONTEXT_DEPENDENT_SHAPE_REPRESENTATION ( #1383, #902 ) ;
#1212 = FACE_OUTER_BOUND ( 'NONE', #300, .T. ) ;
#1213 = EDGE_LOOP ( 'NONE', ( #465, #271, #67, #1159 ) ) ;
#1214 = DIRECTION ( 'NONE',  ( -0.0000000000000000000, -0.0000000000000000000, -1.000000000000000000 ) ) ;
#1215 = PRESENTATION_STYLE_ASSIGNMENT (( #975 ) ) ;
#1216 = CARTESIAN_POINT ( 'NONE',  ( -2.100000000000000089, 2.571758278209441957E-16, 23.40000000000000213 ) ) ;
#1217 = SURFACE_SIDE_STYLE ('',( #998 ) ) ;
#1218 = CARTESIAN_POINT ( 'NONE',  ( 0.0000000000000000000, 0.0000000000000000000, 23.99999999999380407 ) ) ;
#1219 = PLANE ( 'NONE',  #220 ) ;
#1220 = APPLICATION_CONTEXT ( 'automotive_design' ) ;
#1221 = ADVANCED_FACE ( 'NONE', ( #662 ), #505, .T. ) ;
#1222 = ORIENTED_EDGE ( 'NONE', *, *, #1348, .T. ) ;
#1223 =( NAMED_UNIT ( * ) PLANE_ANGLE_UNIT ( ) SI_UNIT ( $, .RADIAN. ) );
#1224 = SURFACE_STYLE_FILL_AREA ( #764 ) ;
#1225 =( NAMED_UNIT ( * ) SI_UNIT ( $, .STERADIAN. ) SOLID_ANGLE_UNIT ( ) );
#1226 = AXIS2_PLACEMENT_3D ( 'NONE', #156, #281, #607 ) ;
#1227 = CARTESIAN_POINT ( 'NONE',  ( -6.250000000000000000, 7.654042494670957606E-16, 1.000000000000000000 ) ) ;
#1228 = CARTESIAN_POINT ( 'NONE',  ( 6.250000000000000000, 0.0000000000000000000, 23.00000000000000000 ) ) ;
#1229 = COLOUR_RGB ( '',0.2196078431372548989, 0.4313725490196078649, 1.000000000000000000 ) ;
#1230 = ORIENTED_EDGE ( 'NONE', *, *, #1321, .T. ) ;
#1231 = AXIS2_PLACEMENT_3D ( 'NONE', #1228, #1113, #70 ) ;
#1232 = AXIS2_PLACEMENT_3D ( 'NONE', #1017, #238, #1388 ) ;
#1233 = CARTESIAN_POINT ( 'NONE',  ( 0.0000000000000000000, 0.0000000000000000000, 19.00000000000000000 ) ) ;
#1234 = SURFACE_STYLE_FILL_AREA ( #1265 ) ;
#1235 =( NAMED_UNIT ( * ) PLANE_ANGLE_UNIT ( ) SI_UNIT ( $, .RADIAN. ) );
#1236 = CARTESIAN_POINT ( 'NONE',  ( 6.250000000000000000, 0.0000000000000000000, 0.1999999999999999278 ) ) ;
#1237 = PRODUCT_DEFINITION_SHAPE ( 'NONE', 'NONE',  #632 ) ;
#1238 = ADVANCED_FACE ( 'NONE', ( #116 ), #1014, .T. ) ;
#1239 = CARTESIAN_POINT ( 'NONE',  ( -6.167157287525379061, -7.552589432006230293E-16, 5.583609737426018188E-18 ) ) ;
#1240 = SHAPE_REPRESENTATION_RELATIONSHIP ( 'NONE' , 'NONE' ,  #1001, #384 ) ;
#1241 = SURFACE_SIDE_STYLE ('',( #440 ) ) ;
#1242 = CARTESIAN_POINT ( 'NONE',  ( 7.250000000000001776, 14.49999999999999822, 23.00000000000000000 ) ) ;
#1243 =( NAMED_UNIT ( * ) SI_UNIT ( $, .STERADIAN. ) SOLID_ANGLE_UNIT ( ) );
#1244 =( LENGTH_UNIT ( ) NAMED_UNIT ( * ) SI_UNIT ( .MILLI., .METRE. ) );
#1245 = SURFACE_SIDE_STYLE ('',( #1262 ) ) ;
#1246 = CIRCLE ( 'NONE', #1226, 2.100000000000000089 ) ;
#1247 =( NAMED_UNIT ( * ) SI_UNIT ( $, .STERADIAN. ) SOLID_ANGLE_UNIT ( ) );
#1248 = COLOUR_RGB ( '',0.8000000000000000444, 0.8000000000000000444, 0.8000000000000000444 ) ;
#1249 = CARTESIAN_POINT ( 'NONE',  ( 0.0000000000000000000, 0.0000000000000000000, 0.2000000000000000111 ) ) ;
#1250 = DIRECTION ( 'NONE',  ( -1.000000000000000000, 0.0000000000000000000, 0.0000000000000000000 ) ) ;
#1251 =( GEOMETRIC_REPRESENTATION_CONTEXT ( 3 ) GLOBAL_UNCERTAINTY_ASSIGNED_CONTEXT ( ( #980 ) ) GLOBAL_UNIT_ASSIGNED_CONTEXT ( ( #1089, #641, #1455 ) ) REPRESENTATION_CONTEXT ( 'NONE', 'WORKASPACE' ) );
#1252 =( LENGTH_UNIT ( ) NAMED_UNIT ( * ) SI_UNIT ( .MILLI., .METRE. ) );
#1253 = CARTESIAN_POINT ( 'NONE',  ( 0.0000000000000000000, 0.0000000000000000000, 25.39999999999999858 ) ) ;
#1254 = FILL_AREA_STYLE ('',( #348 ) ) ;
#1255 = STYLED_ITEM ( 'NONE', ( #555 ), #1040 ) ;
#1256 =( NAMED_UNIT ( * ) PLANE_ANGLE_UNIT ( ) SI_UNIT ( $, .RADIAN. ) );
#1257 = CARTESIAN_POINT ( 'NONE',  ( 6.250000000000000000, 0.0000000000000000000, 0.1999999999999999278 ) ) ;
#1258 = EDGE_CURVE ( 'NONE', #1328, #9, #937, .T. ) ;
#1259 = FILL_AREA_STYLE_COLOUR ( '', #12 ) ;
#1260 = CARTESIAN_POINT ( 'NONE',  ( -6.835786437626905077, 8.371423980494677449E-16, 24.00000000000000000 ) ) ;
#1261 = DIRECTION ( 'NONE',  ( -0.0000000000000000000, -0.0000000000000000000, -1.000000000000000000 ) ) ;
#1262 = SURFACE_STYLE_FILL_AREA ( #1254 ) ;
#1263 = PRODUCT_DEFINITION_SHAPE ( 'NONE', 'NONE',  #1486 ) ;
#1264 = ORIENTED_EDGE ( 'NONE', *, *, #1049, .T. ) ;
#1265 = FILL_AREA_STYLE ('',( #329 ) ) ;
#1266 = ORIENTED_EDGE ( 'NONE', *, *, #1049, .F. ) ;
#1267 = FILL_AREA_STYLE ('',( #801 ) ) ;
#1268 = DIRECTION ( 'NONE',  ( 1.000000000000000000, 0.0000000000000000000, 0.0000000000000000000 ) ) ;
#1269 = PRESENTATION_STYLE_ASSIGNMENT (( #1285 ) ) ;
#1270 = PRESENTATION_STYLE_ASSIGNMENT (( #1293 ) ) ;
#1271 = UNCERTAINTY_MEASURE_WITH_UNIT (LENGTH_MEASURE( 1.000000000000000082E-05 ), #94, 'distance_accuracy_value', 'NONE');
#1272 = MECHANICAL_DESIGN_GEOMETRIC_PRESENTATION_REPRESENTATION (  '', ( #432 ), #1477 ) ;
#1273 = FACE_OUTER_BOUND ( 'NONE', #1034, .T. ) ;
#1274 = AXIS2_PLACEMENT_3D ( 'NONE', #1233, #1345, #186 ) ;
#1275 = ORIENTED_EDGE ( 'NONE', *, *, #1117, .T. ) ;
#1276 = FACE_OUTER_BOUND ( 'NONE', #738, .T. ) ;
#1277 = PRESENTATION_LAYER_ASSIGNMENT (  '', '', ( #600 ) ) ;
#1278 =( NAMED_UNIT ( * ) SI_UNIT ( $, .STERADIAN. ) SOLID_ANGLE_UNIT ( ) );
#1279 = PRODUCT ( 'User Library-ER14250', 'User Library-ER14250', '', ( #1069 ) ) ;
#1280 = AXIS2_PLACEMENT_3D ( 'NONE', #848, #520, #172 ) ;
#1281 =( BOUNDED_SURFACE ( )  B_SPLINE_SURFACE ( 3, 3, ( 
 ( #1425, #472, #1322, #1307 ),
 ( #1298, #925, #59, #1441 ),
 ( #364, #940, #262, #36 ),
 ( #1072, #954, #1153, #1431 ) ),
 .UNSPECIFIED., .F., .F., .F. ) 
 B_SPLINE_SURFACE_WITH_KNOTS ( ( 4, 4 ),
 ( 4, 4 ),
 ( 0.0000000000000000000, 1.000000000000000000 ),
 ( 0.0000000000000000000, 1.000000000000000000 ),
 .UNSPECIFIED. ) 
 GEOMETRIC_REPRESENTATION_ITEM ( )  RATIONAL_B_SPLINE_SURFACE ( (
 ( 1.000000000000000000, 0.3333333333333334259, 0.3333333333333334259, 1.000000000000000000),
 ( 0.8047378541243649375, 0.2682459513747884050, 0.2682459513747884050, 0.8047378541243649375),
 ( 0.8047378541243649375, 0.2682459513747884050, 0.2682459513747884050, 0.8047378541243649375),
 ( 1.000000000000000000, 0.3333333333333334259, 0.3333333333333334259, 1.000000000000000000) ) ) 
 REPRESENTATION_ITEM ( '' )  SURFACE ( )  );
#1282 = CARTESIAN_POINT ( 'NONE',  ( 0.0000000000000000000, 0.0000000000000000000, 24.00000000000000000 ) ) ;
#1283 =( GEOMETRIC_REPRESENTATION_CONTEXT ( 3 ) GLOBAL_UNCERTAINTY_ASSIGNED_CONTEXT ( ( #1454 ) ) GLOBAL_UNIT_ASSIGNED_CONTEXT ( ( #830, #891, #538 ) ) REPRESENTATION_CONTEXT ( 'NONE', 'WORKASPACE' ) );
#1284 = AXIS2_PLACEMENT_3D ( 'NONE', #1390, #1018, #450 ) ;
#1285 = SURFACE_STYLE_USAGE ( .BOTH. , #794 ) ;
#1286 = ADVANCED_BREP_SHAPE_REPRESENTATION ( '', ( #367, #657 ), #844 ) ;
#1287 =( NAMED_UNIT ( * ) SI_UNIT ( $, .STERADIAN. ) SOLID_ANGLE_UNIT ( ) );
#1288 = ORIENTED_EDGE ( 'NONE', *, *, #996, .F. ) ;
#1289 = PRESENTATION_STYLE_ASSIGNMENT (( #1043 ) ) ;
#1290 = FILL_AREA_STYLE ('',( #399 ) ) ;
#1291 = EDGE_CURVE ( 'NONE', #471, #35, #1059, .T. ) ;
#1292 = FILL_AREA_STYLE_COLOUR ( '', #283 ) ;
#1293 = SURFACE_STYLE_USAGE ( .BOTH. , #143 ) ;
#1294 = CARTESIAN_POINT ( 'NONE',  ( 0.0000000000000000000, 0.0000000000000000000, 0.0000000000000000000 ) ) ;
#1295 = PRODUCT_DEFINITION_CONTEXT ( 'detailed design', #655, 'design' ) ;
#1296 =( NAMED_UNIT ( * ) PLANE_ANGLE_UNIT ( ) SI_UNIT ( $, .RADIAN. ) );
#1297 = FILL_AREA_STYLE ('',( #962 ) ) ;
#1298 = CARTESIAN_POINT ( 'NONE',  ( 6.835786437626905077, 0.0000000000000000000, 0.1999999999999997335 ) ) ;
#1299 = SURFACE_SIDE_STYLE ('',( #496 ) ) ;
#1300 = DIRECTION ( 'NONE',  ( 1.000000000000000000, 0.0000000000000000000, 0.0000000000000000000 ) ) ;
#1301 = DIRECTION ( 'NONE',  ( 0.0000000000000000000, 0.0000000000000000000, 1.000000000000000000 ) ) ;
#1302 = DIRECTION ( 'NONE',  ( 1.000000000000000000, 0.0000000000000000000, 0.0000000000000000000 ) ) ;
#1303 = CYLINDRICAL_SURFACE ( 'NONE', #37, 7.250000000000000000 ) ;
#1304 =( NAMED_UNIT ( * ) SI_UNIT ( $, .STERADIAN. ) SOLID_ANGLE_UNIT ( ) );
#1305 = APPLICATION_CONTEXT ( 'automotive_design' ) ;
#1306 = EDGE_LOOP ( 'NONE', ( #862, #1168 ) ) ;
#1307 = CARTESIAN_POINT ( 'NONE',  ( -6.250000000000000000, -7.654042494670957606E-16, 0.1999999999999998723 ) ) ;
#1308 = CARTESIAN_POINT ( 'NONE',  ( -2.099999999984447641, 0.0000000000000000000, 24.50000000000304112 ) ) ;
#1309 = CIRCLE ( 'NONE', #651, 6.250000000000000000 ) ;
#1310 = COLOUR_RGB ( '',0.8000000000000000444, 0.8000000000000000444, 0.8000000000000000444 ) ;
#1311 = DIRECTION ( 'NONE',  ( 1.000000000000000000, 0.0000000000000000000, 0.0000000000000000000 ) ) ;
#1312 = CARTESIAN_POINT ( 'NONE',  ( -2.099999999999999645, 4.199999999999999289, 24.90000000000000213 ) ) ;
#1313 = DIRECTION ( 'NONE',  ( 0.0000000000000000000, 0.0000000000000000000, 1.000000000000000000 ) ) ;
#1314 = ORIENTED_EDGE ( 'NONE', *, *, #663, .F. ) ;
#1315 = FILL_AREA_STYLE ('',( #254 ) ) ;
#1316 = CARTESIAN_POINT ( 'NONE',  ( -6.050000000000002487, 12.09999999999999609, 2.710505431213761085E-17 ) ) ;
#1317 = CARTESIAN_POINT ( 'NONE',  ( 7.250000000000000000, 0.0000000000000000000, 0.2000000000000000111 ) ) ;
#1318 = SURFACE_SIDE_STYLE ('',( #971 ) ) ;
#1319 =( NAMED_UNIT ( * ) PLANE_ANGLE_UNIT ( ) SI_UNIT ( $, .RADIAN. ) );
#1320 = VERTEX_POINT ( 'NONE', #1036 ) ;
#1321 = EDGE_CURVE ( 'NONE', #490, #708, #111, .T. ) ;
#1322 = CARTESIAN_POINT ( 'NONE',  ( -6.249999999999999112, -12.49999999999999822, 0.1999999999999998723 ) ) ;
#1323 = SURFACE_STYLE_FILL_AREA ( #835 ) ;
#1324 = CARTESIAN_POINT ( 'NONE',  ( 6.167157287525379061, 1.510517886401246059E-15, 5.583609737426018188E-18 ) ) ;
#1325 = LINE ( 'NONE', #616, #80 ) ;
#1326 = CARTESIAN_POINT ( 'NONE',  ( -6.250000000022737368, 0.0000000000000000000, 23.99999999999380407 ) ) ;
#1327 = CLOSED_SHELL ( 'NONE', ( #535, #800, #442, #642, #45, #1109 ) ) ;
#1328 = VERTEX_POINT ( 'NONE', #1382 ) ;
#1329 = PRESENTATION_STYLE_ASSIGNMENT (( #643 ) ) ;
#1330 = SURFACE_SIDE_STYLE ('',( #320 ) ) ;
#1331 = DIRECTION ( 'NONE',  ( 1.000000000000000000, 0.0000000000000000000, 0.0000000000000000000 ) ) ;
#1332 = CONICAL_SURFACE ( 'NONE', #33, 6.250000000022737368, 1.450892341428774657 ) ;
#1333 = FILL_AREA_STYLE ('',( #1416 ) ) ;
#1334 = EDGE_CURVE ( 'NONE', #357, #713, #955, .T. ) ;
#1335 = STYLED_ITEM ( 'NONE', ( #1329 ), #732 ) ;
#1336 = DIRECTION ( 'NONE',  ( -0.0000000000000000000, -0.0000000000000000000, -1.000000000000000000 ) ) ;
#1337 =( BOUNDED_SURFACE ( )  B_SPLINE_SURFACE ( 3, 3, ( 
 ( #1190, #1316, #615, #275 ),
 ( #1067, #734, #630, #1324 ),
 ( #140, #376, #620, #1171 ),
 ( #486, #726, #1426, #740 ) ),
 .UNSPECIFIED., .F., .F., .F. ) 
 B_SPLINE_SURFACE_WITH_KNOTS ( ( 4, 4 ),
 ( 4, 4 ),
 ( 0.0000000000000000000, 1.000000000000000000 ),
 ( 0.0000000000000000000, 1.000000000000000000 ),
 .UNSPECIFIED. ) 
 GEOMETRIC_REPRESENTATION_ITEM ( )  RATIONAL_B_SPLINE_SURFACE ( (
 ( 1.000000000000000000, 0.3333333333333334259, 0.3333333333333334259, 1.000000000000000000),
 ( 0.8047378541243649375, 0.2682459513747884050, 0.2682459513747884050, 0.8047378541243649375),
 ( 0.8047378541243649375, 0.2682459513747884050, 0.2682459513747884050, 0.8047378541243649375),
 ( 1.000000000000000000, 0.3333333333333334259, 0.3333333333333334259, 1.000000000000000000) ) ) 
 REPRESENTATION_ITEM ( '' )  SURFACE ( )  );
#1338 = SURFACE_STYLE_FILL_AREA ( #1351 ) ;
#1339 = MECHANICAL_DESIGN_GEOMETRIC_PRESENTATION_REPRESENTATION (  '', ( #656 ), #675 ) ;
#1340 = AXIS2_PLACEMENT_3D ( 'NONE', #3, #799, #353 ) ;
#1341 = ORIENTED_EDGE ( 'NONE', *, *, #858, .T. ) ;
#1342 = CARTESIAN_POINT ( 'NONE',  ( 7.250000000000000000, -1.775737858763662015E-15, 23.00000000000000000 ) ) ;
#1343 =( NAMED_UNIT ( * ) PLANE_ANGLE_UNIT ( ) SI_UNIT ( $, .RADIAN. ) );
#1344 = UNCERTAINTY_MEASURE_WITH_UNIT (LENGTH_MEASURE( 1.000000000000000082E-05 ), #900, 'distance_accuracy_value', 'NONE');
#1345 = DIRECTION ( 'NONE',  ( -0.0000000000000000000, -0.0000000000000000000, -1.000000000000000000 ) ) ;
#1346 = CARTESIAN_POINT ( 'NONE',  ( -6.250000000000000000, 0.0000000000000000000, 0.1999999999999999278 ) ) ;
#1347 =( LENGTH_UNIT ( ) NAMED_UNIT ( * ) SI_UNIT ( .MILLI., .METRE. ) );
#1348 = EDGE_CURVE ( 'NONE', #389, #972, #852, .T. ) ;
#1349 =( NAMED_UNIT ( * ) SI_UNIT ( $, .STERADIAN. ) SOLID_ANGLE_UNIT ( ) );
#1350 = CARTESIAN_POINT ( 'NONE',  ( 6.835786437626905077, 1.674284796098935884E-15, 0.1999999999999997335 ) ) ;
#1351 = FILL_AREA_STYLE ('',( #1103 ) ) ;
#1352 = EDGE_CURVE ( 'NONE', #1320, #916, #1075, .T. ) ;
#1353 = ORIENTED_EDGE ( 'NONE', *, *, #485, .T. ) ;
#1354 = MANIFOLD_SOLID_BREP ( 'Imported1', #921 ) ;
#1355 = CARTESIAN_POINT ( 'NONE',  ( 0.0000000000000000000, 0.0000000000000000000, 1.199999999999999956 ) ) ;
#1356 = FILL_AREA_STYLE ('',( #76 ) ) ;
#1357 = CIRCLE ( 'NONE', #876, 6.250000000000000000 ) ;
#1358 = AXIS2_PLACEMENT_3D ( 'NONE', #1282, #561, #1019 ) ;
#1359 = AXIS2_PLACEMENT_3D ( 'NONE', #556, #1261, #1006 ) ;
#1360 = MANIFOLD_SOLID_BREP ( 'Imported1', #566 ) ;
#1361 =( NAMED_UNIT ( * ) SI_UNIT ( $, .STERADIAN. ) SOLID_ANGLE_UNIT ( ) );
#1362 = STYLED_ITEM ( 'NONE', ( #251 ), #1109 ) ;
#1363 = FACE_OUTER_BOUND ( 'NONE', #58, .T. ) ;
#1364 = EDGE_CURVE ( 'NONE', #597, #35, #751, .T. ) ;
#1365 = COLOUR_RGB ( '',0.2000000000000000111, 1.000000000000000000, 0.4705882352941176405 ) ;
#1366 = CARTESIAN_POINT ( 'NONE',  ( 6.250000000000000000, -12.49999999999999822, 0.1999999999999999833 ) ) ;
#1367 = CARTESIAN_POINT ( 'NONE',  ( 6.167157287525379061, 0.0000000000000000000, 5.583609737426018188E-18 ) ) ;
#1368 =( LENGTH_UNIT ( ) NAMED_UNIT ( * ) SI_UNIT ( .MILLI., .METRE. ) );
#1369 = CARTESIAN_POINT ( 'NONE',  ( -7.250000000000000000, 8.878689293818310074E-16, 23.00000000000000000 ) ) ;
#1370 = VERTEX_POINT ( 'NONE', #523 ) ;
#1371 = CARTESIAN_POINT ( 'NONE',  ( -6.250000000000000000, -12.50000000000000000, 0.1999999999999999001 ) ) ;
#1372 =( NAMED_UNIT ( * ) SI_UNIT ( $, .STERADIAN. ) SOLID_ANGLE_UNIT ( ) );
#1373 = MANIFOLD_SOLID_BREP ( 'Imported1', #195 ) ;
#1374 = FACE_OUTER_BOUND ( 'NONE', #724, .T. ) ;
#1375 = CARTESIAN_POINT ( 'NONE',  ( -2.100000000000000533, 2.571758278209441464E-16, 25.19289321881344534 ) ) ;
#1376 = CLOSED_SHELL ( 'NONE', ( #732, #1386, #878, #1123, #1408, #327 ) ) ;
#1377 = CIRCLE ( 'NONE', #173, 2.100000000000000089 ) ;
#1378 = DIRECTION ( 'NONE',  ( 0.0000000000000000000, 0.0000000000000000000, 1.000000000000000000 ) ) ;
#1379 =( LENGTH_UNIT ( ) NAMED_UNIT ( * ) SI_UNIT ( .MILLI., .METRE. ) );
#1380 = PRODUCT ( 'Fillet003', 'Fillet003', '', ( #236 ) ) ;
#1381 =( GEOMETRIC_REPRESENTATION_CONTEXT ( 3 ) GLOBAL_UNCERTAINTY_ASSIGNED_CONTEXT ( ( #416 ) ) GLOBAL_UNIT_ASSIGNED_CONTEXT ( ( #213, #883, #1225 ) ) REPRESENTATION_CONTEXT ( 'NONE', 'WORKASPACE' ) );
#1382 = CARTESIAN_POINT ( 'NONE',  ( 6.250000000000000000, 0.0000000000000000000, 0.2000000000000000111 ) ) ;
#1383 =( REPRESENTATION_RELATIONSHIP ('NONE','NONE', #342, #394 ) REPRESENTATION_RELATIONSHIP_WITH_TRANSFORMATION ( #1463 )SHAPE_REPRESENTATION_RELATIONSHIP( ) );
#1384 = SURFACE_SIDE_STYLE ('',( #674 ) ) ;
#1385 = SURFACE_STYLE_FILL_AREA ( #915 ) ;
#1386 = ADVANCED_FACE ( 'NONE', ( #863 ), #190, .T. ) ;
#1387 =( LENGTH_UNIT ( ) NAMED_UNIT ( * ) SI_UNIT ( .MILLI., .METRE. ) );
#1388 = DIRECTION ( 'NONE',  ( 1.000000000000000000, 0.0000000000000000000, 0.0000000000000000000 ) ) ;
#1389 = CARTESIAN_POINT ( 'NONE',  ( 0.0000000000000000000, 0.0000000000000000000, 23.99999999999380407 ) ) ;
#1390 = CARTESIAN_POINT ( 'NONE',  ( 0.0000000000000000000, 0.0000000000000000000, 0.2000000000000000111 ) ) ;
#1391 = PRODUCT ( 'Fillet', 'Fillet', '', ( #693 ) ) ;
#1392 = FACE_OUTER_BOUND ( 'NONE', #822, .T. ) ;
#1393 = CARTESIAN_POINT ( 'NONE',  ( 1.600000000000000089, 0.0000000000000000000, 25.39999999999999858 ) ) ;
#1394 = DIRECTION ( 'NONE',  ( 0.9928201254013451216, 1.215853988701831165E-16, -0.1196168825795813212 ) ) ;
#1395 = CARTESIAN_POINT ( 'NONE',  ( -7.249999999999999112, 14.49999999999999822, 23.58578643762690419 ) ) ;
#1396 = ORIENTED_EDGE ( 'NONE', *, *, #208, .F. ) ;
#1397 = PRESENTATION_STYLE_ASSIGNMENT (( #677 ) ) ;
#1398 = CARTESIAN_POINT ( 'NONE',  ( 1.600000000000000089, -3.918869757271530460E-16, 25.39999999999999858 ) ) ;
#1399 = PRESENTATION_STYLE_ASSIGNMENT (( #460 ) ) ;
#1400 =( GEOMETRIC_REPRESENTATION_CONTEXT ( 3 ) GLOBAL_UNCERTAINTY_ASSIGNED_CONTEXT ( ( #758 ) ) GLOBAL_UNIT_ASSIGNED_CONTEXT ( ( #506, #735, #1453 ) ) REPRESENTATION_CONTEXT ( 'NONE', 'WORKASPACE' ) );
#1401 = ORIENTED_EDGE ( 'NONE', *, *, #1437, .T. ) ;
#1402 = CARTESIAN_POINT ( 'NONE',  ( 0.0000000000000000000, 0.0000000000000000000, 1.000000000000000000 ) ) ;
#1403 = DIRECTION ( 'NONE',  ( 0.0000000000000000000, 0.0000000000000000000, 1.000000000000000000 ) ) ;
#1404 = PRODUCT_DEFINITION_CONTEXT ( 'detailed design', #832, 'design' ) ;
#1405 = CIRCLE ( 'NONE', #1433, 7.250000000000000000 ) ;
#1406 = PRESENTATION_STYLE_ASSIGNMENT (( #41 ) ) ;
#1407 = ORIENTED_EDGE ( 'NONE', *, *, #949, .T. ) ;
#1408 = ADVANCED_FACE ( 'NONE', ( #1363 ), #1445, .T. ) ;
#1409 = CARTESIAN_POINT ( 'NONE',  ( 7.250000000000000000, 0.0000000000000000000, 19.00000000000000000 ) ) ;
#1410 = CIRCLE ( 'NONE', #1280, 0.1999999999999996503 ) ;
#1411 = CARTESIAN_POINT ( 'NONE',  ( 1.600000000000000089, 0.0000000000000000000, 25.39999999999999858 ) ) ;
#1412 = AXIS2_PLACEMENT_3D ( 'NONE', #625, #736, #308 ) ;
#1413 =( LENGTH_UNIT ( ) NAMED_UNIT ( * ) SI_UNIT ( .MILLI., .METRE. ) );
#1414 = COLOUR_RGB ( '',0.2196078431372548989, 0.4313725490196078649, 1.000000000000000000 ) ;
#1415 = ORIENTED_EDGE ( 'NONE', *, *, #485, .F. ) ;
#1416 = FILL_AREA_STYLE_COLOUR ( '', #1414 ) ;
#1417 =( GEOMETRIC_REPRESENTATION_CONTEXT ( 3 ) GLOBAL_UNCERTAINTY_ASSIGNED_CONTEXT ( ( #729 ) ) GLOBAL_UNIT_ASSIGNED_CONTEXT ( ( #898, #909, #787 ) ) REPRESENTATION_CONTEXT ( 'NONE', 'WORKASPACE' ) );
#1418 =( NAMED_UNIT ( * ) PLANE_ANGLE_UNIT ( ) SI_UNIT ( $, .RADIAN. ) );
#1419 = ORIENTED_EDGE ( 'NONE', *, *, #1460, .F. ) ;
#1420 = CARTESIAN_POINT ( 'NONE',  ( -6.250000000000002665, -12.50000000000000000, 24.00000000000000355 ) ) ;
#1421 = PRODUCT_RELATED_PRODUCT_CATEGORY ( 'part', '', ( #1380 ) ) ;
#1422 = FILL_AREA_STYLE ('',( #264 ) ) ;
#1423 = CARTESIAN_POINT ( 'NONE',  ( 6.049999999999999822, 0.0000000000000000000, 0.2000000000000000111 ) ) ;
#1424 = CARTESIAN_POINT ( 'NONE',  ( 2.100000000000000089, 0.0000000000000000000, 24.89999999999999858 ) ) ;
#1425 = CARTESIAN_POINT ( 'NONE',  ( 6.250000000000000000, 0.0000000000000000000, 0.1999999999999998723 ) ) ;
#1426 = CARTESIAN_POINT ( 'NONE',  ( 6.249999999999996447, 12.49999999999999822, 0.1999999999999999833 ) ) ;
#1427 = DIRECTION ( 'NONE',  ( 0.0000000000000000000, 0.0000000000000000000, 1.000000000000000000 ) ) ;
#1428 = APPLICATION_PROTOCOL_DEFINITION ( 'draft international standard', 'automotive_design', 1998, #1114 ) ;
#1429 = CIRCLE ( 'NONE', #313, 1.000000000000000000 ) ;
#1430 = ORIENTED_EDGE ( 'NONE', *, *, #622, .T. ) ;
#1431 = CARTESIAN_POINT ( 'NONE',  ( -7.250000000000000000, -8.878689293818310074E-16, 1.199999999999999956 ) ) ;
#1432 = CARTESIAN_POINT ( 'NONE',  ( -1.600000000000000089, 1.959434878635765230E-16, 25.39999999999999858 ) ) ;
#1433 = AXIS2_PLACEMENT_3D ( 'NONE', #1355, #639, #212 ) ;
#1434 = SURFACE_STYLE_USAGE ( .BOTH. , #164 ) ;
#1435 = STYLED_ITEM ( 'NONE', ( #944 ), #1123 ) ;
#1436 = COLOUR_RGB ( '',0.8000000000000000444, 0.8000000000000000444, 0.8000000000000000444 ) ;
#1437 = EDGE_CURVE ( 'NONE', #91, #389, #392, .T. ) ;
#1438 = STYLED_ITEM ( 'NONE', ( #1124 ), #384 ) ;
#1439 = FILL_AREA_STYLE ('',( #148 ) ) ;
#1440 = ORIENTED_EDGE ( 'NONE', *, *, #273, .T. ) ;
#1441 = CARTESIAN_POINT ( 'NONE',  ( -6.835786437626905077, -8.371423980494677449E-16, 0.1999999999999997335 ) ) ;
#1442 = SURFACE_SIDE_STYLE ('',( #1323 ) ) ;
#1443 = DIRECTION ( 'NONE',  ( 0.0000000000000000000, 0.0000000000000000000, 1.000000000000000000 ) ) ;
#1444 =( NAMED_UNIT ( * ) PLANE_ANGLE_UNIT ( ) SI_UNIT ( $, .RADIAN. ) );
#1445 =( BOUNDED_SURFACE ( )  B_SPLINE_SURFACE ( 3, 3, ( 
 ( #671, #792, #457, #808 ),
 ( #544, #1025, #565, #1260 ),
 ( #109, #345, #1395, #1140 ),
 ( #1130, #1242, #559, #1369 ) ),
 .UNSPECIFIED., .F., .F., .F. ) 
 B_SPLINE_SURFACE_WITH_KNOTS ( ( 4, 4 ),
 ( 4, 4 ),
 ( 0.0000000000000000000, 1.000000000000000000 ),
 ( 0.0000000000000000000, 1.000000000000000000 ),
 .UNSPECIFIED. ) 
 GEOMETRIC_REPRESENTATION_ITEM ( )  RATIONAL_B_SPLINE_SURFACE ( (
 ( 1.000000000000000000, 0.3333333333333334259, 0.3333333333333334259, 1.000000000000000000),
 ( 0.8047378541243649375, 0.2682459513747884050, 0.2682459513747884050, 0.8047378541243649375),
 ( 0.8047378541243649375, 0.2682459513747884050, 0.2682459513747884050, 0.8047378541243649375),
 ( 1.000000000000000000, 0.3333333333333334259, 0.3333333333333334259, 1.000000000000000000) ) ) 
 REPRESENTATION_ITEM ( '' )  SURFACE ( )  );
#1446 = FILL_AREA_STYLE_COLOUR ( '', #628 ) ;
#1447 = PRODUCT_RELATED_PRODUCT_CATEGORY ( 'part', '', ( #1279 ) ) ;
#1448 = CARTESIAN_POINT ( 'NONE',  ( 6.250000000000000000, -1.530808498934191521E-15, 24.00000000000000000 ) ) ;
#1449 =( LENGTH_UNIT ( ) NAMED_UNIT ( * ) SI_UNIT ( .MILLI., .METRE. ) );
#1450 = UNCERTAINTY_MEASURE_WITH_UNIT (LENGTH_MEASURE( 1.000000000000000082E-05 ), #1208, 'distance_accuracy_value', 'NONE');
#1451 = CARTESIAN_POINT ( 'NONE',  ( 6.250000000000000000, 1.530808498934191521E-15, 0.1999999999999998723 ) ) ;
#1452 = SURFACE_STYLE_USAGE ( .BOTH. , #351 ) ;
#1453 =( NAMED_UNIT ( * ) SI_UNIT ( $, .STERADIAN. ) SOLID_ANGLE_UNIT ( ) );
#1454 = UNCERTAINTY_MEASURE_WITH_UNIT (LENGTH_MEASURE( 1.000000000000000082E-05 ), #830, 'distance_accuracy_value', 'NONE');
#1455 =( NAMED_UNIT ( * ) SI_UNIT ( $, .STERADIAN. ) SOLID_ANGLE_UNIT ( ) );
#1456 = EDGE_LOOP ( 'NONE', ( #1005, #612, #229, #1105 ) ) ;
#1457 = CARTESIAN_POINT ( 'NONE',  ( -7.250000000000002665, -14.49999999999999822, 23.00000000000000000 ) ) ;
#1458 = FILL_AREA_STYLE ('',( #211 ) ) ;
#1459 = CIRCLE ( 'NONE', #285, 6.250000000022737368 ) ;
#1460 = EDGE_CURVE ( 'NONE', #398, #288, #366, .T. ) ;
#1461 = CARTESIAN_POINT ( 'NONE',  ( -1.600000000000000089, 1.959434878635765230E-16, 25.39999999999999858 ) ) ;
#1462 = VECTOR ( 'NONE', #65, 1000.000000000000000 ) ;
#1463 = ITEM_DEFINED_TRANSFORMATION ( 'NONE', 'NONE', #299,  #657 ) ;
#1464 = PRESENTATION_LAYER_ASSIGNMENT (  '', '', ( #1031 ) ) ;
#1465 = DIRECTION ( 'NONE',  ( 1.000000000000000000, 0.0000000000000000000, -0.0000000000000000000 ) ) ;
#1466 = EDGE_LOOP ( 'NONE', ( #1275, #206, #509, #1179 ) ) ;
#1467 = FILL_AREA_STYLE_COLOUR ( '', #295 ) ;
#1468 = CARTESIAN_POINT ( 'NONE',  ( -6.835786437626905077, -8.371423980494679421E-16, 0.1999999999999997335 ) ) ;
#1469 =( REPRESENTATION_RELATIONSHIP ('NONE','NONE', #342, #494 ) REPRESENTATION_RELATIONSHIP_WITH_TRANSFORMATION ( #551 )SHAPE_REPRESENTATION_RELATIONSHIP( ) );
#1470 = CARTESIAN_POINT ( 'NONE',  ( 0.0000000000000000000, 0.0000000000000000000, 19.00000000000000000 ) ) ;
#1471 = CARTESIAN_POINT ( 'NONE',  ( 0.0000000000000000000, 0.0000000000000000000, 24.00000000000000000 ) ) ;
#1472 = ORIENTED_EDGE ( 'NONE', *, *, #1348, .F. ) ;
#1473 = FACE_OUTER_BOUND ( 'NONE', #160, .T. ) ;
#1474 = DIRECTION ( 'NONE',  ( -1.000000000000000000, -1.224646799147352468E-16, 0.0000000000000000000 ) ) ;
#1475 = FACE_OUTER_BOUND ( 'NONE', #679, .T. ) ;
#1476 =( GEOMETRIC_REPRESENTATION_CONTEXT ( 3 ) GLOBAL_UNCERTAINTY_ASSIGNED_CONTEXT ( ( #739 ) ) GLOBAL_UNIT_ASSIGNED_CONTEXT ( ( #970, #1444, #1199 ) ) REPRESENTATION_CONTEXT ( 'NONE', 'WORKASPACE' ) );
#1477 =( GEOMETRIC_REPRESENTATION_CONTEXT ( 3 ) GLOBAL_UNCERTAINTY_ASSIGNED_CONTEXT ( ( #1188 ) ) GLOBAL_UNIT_ASSIGNED_CONTEXT ( ( #793, #1030, #1372 ) ) REPRESENTATION_CONTEXT ( 'NONE', 'WORKASPACE' ) );
#1478 = PRESENTATION_STYLE_ASSIGNMENT (( #69 ) ) ;
#1479 =( GEOMETRIC_REPRESENTATION_CONTEXT ( 3 ) GLOBAL_UNCERTAINTY_ASSIGNED_CONTEXT ( ( #650 ) ) GLOBAL_UNIT_ASSIGNED_CONTEXT ( ( #305, #1223, #771 ) ) REPRESENTATION_CONTEXT ( 'NONE', 'WORKASPACE' ) );
#1480 =( NAMED_UNIT ( * ) SI_UNIT ( $, .STERADIAN. ) SOLID_ANGLE_UNIT ( ) );
#1481 = AXIS2_PLACEMENT_3D ( 'NONE', #456, #558, #1016 ) ;
#1482 = FILL_AREA_STYLE_COLOUR ( '', #61 ) ;
#1483 = COLOUR_RGB ( '',0.8000000000000000444, 0.8000000000000000444, 0.8000000000000000444 ) ;
#1484 = EDGE_CURVE ( 'NONE', #637, #708, #181, .T. ) ;
#1485 = NEXT_ASSEMBLY_USAGE_OCCURRENCE ( 'NAUO1', ' ', ' ', #334, #1000, $ ) ;
#1486 = NEXT_ASSEMBLY_USAGE_OCCURRENCE ( 'NAUO2', ' ', ' ', #334, #63, $ ) ;
#1487 = NEXT_ASSEMBLY_USAGE_OCCURRENCE ( 'NAUO3', ' ', ' ', #334, #534, $ ) ;
#1488 = NEXT_ASSEMBLY_USAGE_OCCURRENCE ( 'NAUO4', ' ', ' ', #334, #632, $ ) ;
#1489 = NEXT_ASSEMBLY_USAGE_OCCURRENCE ( 'NAUO5', ' ', ' ', #334, #889, $ ) ;
ENDSEC;
END-ISO-10303-21;
